LAND;BEZ;LOR_ab_2021;UJAHR;UMONAT;USTUNDE;UWOCHENTAG;UKATEGORIE;UART;UTYP1;ULICHTVERH;IstRad;IstPKW;IstFuss;IstKrad;IstGkfz;IstSonstige;USTRZUSTAND;LOCKDOWN;COVID;FERIEN
11;2;2500832.0;2021;12;18;4;3;5;2;2;1;1;0;0;0;0;0;1;2;1
11;7;7100101.0;2021;12;19;1;3;6;2;2;0;1;1;0;0;0;1;1;2;1
11;1;1100102.0;2021;12;17;3;3;2;6;2;0;1;0;0;0;0;1;1;2;1
11;12;12500824.0;2021;12;9;4;3;5;3;0;1;1;0;0;0;0;0;1;2;1
11;9;9200715.0;2021;12;17;5;3;5;3;2;0;1;0;0;0;0;0;1;2;1
11;1;1200517.0;2021;12;0;6;2;5;3;2;0;1;0;0;0;0;0;1;2;1
11;1;1100312.0;2021;12;15;7;3;6;4;1;1;0;1;0;0;0;1;1;2;1
11;4;4500936.0;2021;12;17;3;3;5;2;2;1;1;0;0;0;0;0;1;2;1
11;9;9200510.0;2021;12;10;5;3;2;2;0;0;1;0;0;0;1;1;1;2;1
11;2;2500833.0;2021;12;8;5;3;5;2;0;0;1;0;0;0;1;0;1;2;1
11;6;6400841.0;2021;12;18;6;3;6;4;2;1;0;1;0;0;0;1;1;2;1
11;4;4400835.0;2021;12;9;7;3;5;7;0;0;1;0;0;0;0;1;1;2;1
11;4;4100101.0;2021;11;6;3;3;2;6;2;0;1;0;0;0;0;1;0;2;0
11;1;1200520.0;2021;12;16;1;3;5;3;2;1;0;0;0;0;0;1;1;2;1
11;12;12100204.0;2021;12;16;4;3;1;5;2;0;0;0;1;0;1;0;1;2;1
11;2;2400522.0;2021;12;17;2;3;2;6;2;0;1;0;0;0;0;1;1;2;1
11;4;4501045.0;2021;12;16;3;3;6;2;1;0;1;1;0;0;0;1;1;2;1
11;9;9502043.0;2021;12;17;6;3;4;2;2;0;1;0;0;0;0;0;1;2;1
11;10;10200421.0;2021;12;16;5;3;2;6;1;0;1;0;0;0;0;2;1;2;1
11;12;12601134.0;2021;12;14;5;3;6;2;0;0;1;1;0;0;0;1;1;2;1
11;2;2300315.0;2021;12;8;2;3;2;6;0;0;1;0;0;0;0;0;1;2;1
11;10;10400835.0;2021;12;23;2;3;5;3;2;0;1;0;0;0;0;2;1;2;1
11;6;6300634.0;2021;12;21;4;2;6;2;2;0;1;1;0;0;0;1;1;2;1
11;6;6200422.0;2021;12;16;3;3;5;2;2;1;1;0;0;0;0;0;1;2;1
11;4;4300416.0;2021;12;17;4;3;6;7;2;0;1;1;0;0;0;1;1;2;1
11;11;11300725.0;2021;12;14;7;3;0;5;1;0;1;0;0;0;0;1;1;2;1
11;4;4501152.0;2021;12;15;3;3;0;1;0;1;0;0;0;0;0;2;1;2;1
11;7;7400721.0;2021;12;18;4;2;0;1;2;1;0;0;0;0;0;1;1;2;1
11;4;4501152.0;2021;12;19;4;3;2;6;2;0;1;0;0;0;0;0;1;2;1
11;7;7200409.0;2021;12;22;6;2;0;7;2;0;0;0;0;0;1;1;1;2;1
11;2;2100104.0;2021;12;14;5;2;6;4;0;0;1;1;0;0;0;0;1;2;1
11;12;12500930.0;2021;12;14;5;3;5;3;0;1;1;0;0;0;0;1;1;2;1
11;4;4400728.0;2021;11;19;2;3;6;2;2;0;1;1;0;0;0;1;0;2;0
11;8;8100521.0;2021;12;16;3;3;2;6;2;0;1;0;0;0;0;0;1;2;1
11;7;7100102.0;2021;12;8;6;3;4;1;1;1;1;0;0;0;0;2;1;2;1
11;4;4300412.0;2021;12;17;2;2;6;4;2;0;1;1;0;0;0;0;1;2;1
11;9;9401534.0;2021;12;15;3;3;5;3;1;1;1;0;0;0;0;2;1;2;1
11;4;4501041.0;2021;12;17;3;3;3;6;2;1;1;0;0;0;0;0;1;2;1
11;1;1100207.0;2021;12;6;6;3;5;3;2;0;1;0;0;0;0;0;1;2;1
11;8;8200623.0;2021;12;22;5;3;5;3;2;0;1;0;0;0;0;1;1;2;1
11;6;6300629.0;2021;11;19;2;3;0;1;2;1;0;0;0;0;0;1;0;2;0
11;8;8100417.0;2021;12;12;4;3;5;3;0;0;1;0;0;0;0;0;1;2;1
11;12;12400721.0;2021;12;11;6;3;5;3;0;0;1;0;0;0;0;1;1;2;1
11;5;5200527.0;2021;12;15;2;3;6;6;0;0;1;1;0;0;0;1;1;2;1
11;8;8100521.0;2021;12;9;6;3;2;2;0;0;1;0;0;0;0;0;1;2;1
11;1;1401048.0;2021;11;13;3;3;6;7;0;0;0;1;0;0;1;1;0;2;0
11;11;11200411.0;2021;12;21;1;2;8;1;2;0;1;0;0;0;0;1;1;2;1
11;2;2200212.0;2021;12;17;2;3;6;7;2;0;1;1;0;0;0;1;1;2;1
11;9;9200512.0;2021;12;12;4;3;1;5;0;0;1;0;0;1;0;0;1;2;1
11;2;2500835.0;2021;12;17;6;3;2;1;2;0;1;0;0;0;0;0;1;2;1
11;7;7400927.0;2021;12;8;5;3;0;2;0;1;0;0;0;0;1;2;1;2;1
11;3;3200308.0;2021;12;18;5;3;5;2;2;0;1;0;0;0;1;1;1;2;1
11;8;8200832.0;2021;12;12;2;3;5;2;0;0;1;0;0;0;0;1;1;2;1
11;4;4100102.0;2021;12;14;7;2;9;1;0;0;1;0;0;0;0;0;1;2;1
11;9;9100304.0;2021;12;14;5;3;5;3;0;0;1;0;0;0;0;0;1;2;1
11;7;7300619.0;2021;12;17;3;3;1;5;2;0;1;0;0;0;0;0;1;2;1
11;12;12200309.0;2021;12;20;5;3;2;6;2;0;1;0;0;0;0;0;1;2;1
11;1;1300733.0;2021;12;16;6;3;6;4;2;0;1;1;0;0;0;1;1;2;1
11;3;3300516.0;2021;12;17;2;2;6;4;2;0;1;1;0;0;0;0;1;2;1
11;12;12500930.0;2021;12;18;3;3;5;3;2;0;1;0;0;0;0;2;1;2;1
11;10;10200417.0;2021;12;16;3;3;6;4;1;0;1;1;0;0;0;0;1;2;1
11;12;12200411.0;2021;12;13;5;3;3;6;0;0;1;0;0;0;1;0;1;2;1
11;2;2400521.0;2021;12;1;1;2;5;2;2;0;1;0;0;0;0;1;1;2;1
11;3;3200205.0;2021;11;17;3;2;5;3;1;1;1;0;0;0;0;1;0;2;0
11;8;8100311.0;2021;12;21;3;3;1;5;2;1;1;0;0;0;0;0;1;2;1
11;9;9100304.0;2021;12;15;1;3;0;7;1;0;1;0;0;0;0;1;1;2;1
11;8;8200730.0;2021;12;19;5;2;8;1;2;0;1;0;0;0;0;2;1;2;1
11;7;7400927.0;2021;12;12;3;3;0;3;0;0;1;0;1;0;0;1;1;2;1
11;1;1200623.0;2021;12;18;6;3;2;6;2;0;1;0;0;0;0;1;1;2;1
11;6;6200311.0;2021;12;1;1;3;8;1;2;0;1;0;0;0;0;2;1;2;1
11;3;3200206.0;2021;12;10;4;2;0;7;0;1;0;0;0;0;0;1;1;2;1
11;1;1200625.0;2021;12;14;1;2;5;3;0;0;1;0;1;0;0;1;1;2;1
11;10;10200629.0;2021;12;9;4;3;5;2;0;1;1;0;0;0;0;1;1;2;1
11;7;7400822.0;2021;12;9;7;3;1;3;0;0;1;0;0;0;0;1;1;2;1
11;4;4500938.0;2021;12;8;5;3;2;6;0;0;1;0;0;0;0;2;1;2;1
11;5;5100313.0;2021;12;17;2;3;3;6;2;0;1;0;0;0;1;0;1;2;1
11;11;11200512.0;2021;12;14;3;3;5;2;0;0;1;0;0;0;0;1;1;2;1
11;7;7400928.0;2021;12;15;5;3;5;7;1;0;1;0;0;0;1;0;1;2;1
11;11;11400930.0;2021;12;6;3;3;5;3;2;1;1;0;0;0;0;1;1;2;1
11;5;5100315.0;2021;12;14;7;3;5;2;0;0;1;0;0;0;0;1;1;2;1
11;9;9200715.0;2021;11;15;3;3;2;6;0;0;1;0;0;0;0;1;0;2;0
11;6;6200420.0;2021;12;17;2;2;6;4;2;0;1;1;0;0;0;0;1;2;1
11;4;4501043.0;2021;12;15;2;3;6;2;1;0;1;1;0;0;0;1;1;2;1
11;9;9200819.0;2021;12;15;4;3;6;4;1;0;1;1;0;0;0;1;1;2;1
11;1;1200521.0;2021;12;13;4;3;1;5;0;1;1;0;0;0;0;1;1;2;1
11;9;9100203.0;2021;12;16;5;3;2;2;1;0;1;0;0;0;0;1;1;2;1
11;7;7100205.0;2021;12;12;2;3;0;2;0;0;1;0;0;0;1;0;1;2;1
11;9;9200715.0;2021;12;15;7;3;2;1;0;0;1;0;0;0;0;0;1;2;1
11;8;8401246.0;2021;12;7;4;3;6;2;1;0;1;1;0;0;0;1;1;2;1
11;6;6300632.0;2021;12;11;3;3;6;4;0;0;1;1;0;0;0;0;1;2;1
11;1;1100206.0;2021;12;17;4;3;5;7;1;1;1;0;0;0;0;1;1;2;1
11;11;11100309.0;2021;12;17;5;3;6;2;2;0;1;1;0;0;0;0;1;2;1
11;6;6100208.0;2021;12;19;6;2;1;1;2;0;1;0;0;0;0;0;1;2;1
11;1;1100309.0;2021;12;21;6;2;5;2;2;0;1;0;0;0;0;1;1;2;1
11;6;6400843.0;2021;12;17;3;3;5;3;2;1;1;0;0;0;0;0;1;2;1
11;4;4400727.0;2021;12;11;3;3;2;6;0;0;1;0;0;0;0;0;1;2;1
11;11;11501341.0;2021;12;9;4;2;6;4;0;0;1;1;0;0;0;0;1;2;1
11;4;4400834.0;2021;12;19;5;3;5;3;2;1;1;0;0;0;0;1;1;2;1
11;7;7100102.0;2021;12;20;7;3;6;7;2;0;0;1;0;0;1;0;1;2;1
11;8;8100521.0;2021;11;16;2;3;6;2;1;0;1;1;0;0;0;1;0;2;0
11;4;4300622.0;2021;12;10;1;3;3;2;0;0;1;0;0;1;0;1;1;2;1
11;6;6300629.0;2021;12;9;4;3;6;4;0;0;0;1;1;0;0;0;1;2;1
11;7;7300619.0;2021;12;20;1;3;5;3;2;0;1;0;0;0;0;1;1;2;1
11;9;9401329.0;2021;12;12;5;3;0;7;0;0;1;0;0;0;0;0;1;2;1
11;2;2200208.0;2021;12;14;3;3;5;2;0;1;1;0;0;0;0;1;1;2;1
11;1;1100312.0;2021;12;13;5;3;2;6;0;0;1;0;0;0;0;1;1;2;1
11;3;3601450.0;2021;12;21;6;3;2;6;2;0;1;0;0;0;0;1;1;2;1
11;12;12500824.0;2021;12;21;2;3;5;3;2;0;1;0;1;0;0;2;1;2;1
11;11;11300826.0;2021;11;16;3;3;5;3;2;1;0;0;0;0;0;1;0;2;0
11;7;7601442.0;2021;12;10;2;2;6;2;0;0;1;1;0;0;0;0;1;2;1
11;9;9502043.0;2021;12;14;4;3;6;4;0;0;1;1;0;0;0;0;1;2;1
11;10;10100207.0;2021;12;10;5;3;2;1;0;0;1;0;0;0;0;2;1;2;1
11;6;6300633.0;2021;12;14;2;3;0;7;0;0;0;0;1;0;0;1;1;2;1
11;9;9502043.0;2021;12;18;4;3;6;4;2;0;0;1;0;0;1;0;1;2;1
11;12;12500825.0;2021;12;10;5;3;5;3;0;0;0;0;0;0;1;0;1;2;1
11;3;3400721.0;2021;12;6;4;2;2;7;2;1;0;0;0;0;0;0;1;2;1
11;10;10400940.0;2021;12;17;5;3;5;3;2;0;1;0;0;0;1;0;1;2;1
11;11;11400931.0;2021;12;14;5;3;5;2;0;1;1;0;0;0;0;0;1;2;1
11;6;6300632.0;2021;12;14;6;2;5;3;0;0;1;0;0;0;0;1;1;2;1
11;8;8200727.0;2021;12;16;3;3;5;7;2;0;1;0;0;0;0;1;1;2;1
11;12;12200307.0;2021;12;8;5;3;3;6;0;0;1;0;0;0;0;0;1;2;1
11;7;7501133.0;2021;12;11;5;3;5;2;0;0;1;0;0;0;0;0;1;2;1
11;5;5100315.0;2021;12;7;4;3;5;3;1;1;1;0;0;0;0;1;1;2;1
11;1;1100416.0;2021;12;14;3;3;1;5;0;1;1;0;0;0;0;0;1;2;1
11;1;1300834.0;2021;12;4;5;3;2;6;2;0;1;0;1;0;0;1;1;2;1
11;6;6100103.0;2021;12;18;5;3;1;5;2;1;1;0;0;0;0;1;1;2;1
11;4;4501042.0;2021;12;19;6;3;2;6;2;0;1;0;0;0;0;0;1;2;1
11;2;2200211.0;2021;12;15;7;3;6;7;1;0;1;1;0;0;0;1;1;2;1
11;1;1100308.0;2021;12;17;2;3;6;2;2;1;0;1;0;0;0;0;1;2;1
11;6;6300527.0;2021;12;8;5;1;6;7;1;0;0;1;0;1;0;1;1;2;1
11;1;1400938.0;2021;12;9;4;3;5;7;1;0;1;0;0;0;0;0;1;2;1
11;4;4501147.0;2021;12;12;5;3;5;7;0;1;1;0;0;0;0;0;1;2;1
11;11;11300722.0;2021;11;7;2;3;5;2;1;1;0;0;0;0;1;1;0;2;0
11;4;4501150.0;2021;12;19;7;3;6;2;2;0;1;1;0;0;0;0;1;2;1
11;3;3300413.0;2021;12;0;3;3;1;5;2;0;1;0;0;0;1;0;1;2;1
11;7;7100102.0;2021;12;22;1;3;2;6;2;0;1;0;0;0;0;1;1;2;1
11;2;2200209.0;2021;12;16;4;3;5;2;1;0;1;0;1;0;0;0;1;2;1
11;2;2200211.0;2021;12;8;6;3;5;7;0;1;1;0;0;0;0;0;1;2;1
11;2;2400623.0;2021;12;13;7;3;2;1;0;0;1;0;0;0;0;0;1;2;1
11;10;10300731.0;2021;12;22;4;3;0;1;2;0;0;0;0;0;1;1;1;2;1
11;1;1300732.0;2021;12;8;2;2;2;6;0;0;1;0;0;0;0;0;1;2;1
11;6;6200314.0;2021;12;15;5;2;1;5;0;0;1;0;0;0;1;0;1;2;1
11;1;1200627.0;2021;12;16;7;2;6;4;2;0;1;1;0;0;0;0;1;2;1
11;1;1200629.0;2021;12;18;3;3;2;6;2;0;1;0;0;0;0;0;1;2;1
11;4;4501045.0;2021;12;0;3;3;1;5;2;0;1;0;0;0;0;2;1;2;1
11;1;1400940.0;2021;12;14;4;3;6;4;0;0;1;1;0;0;0;0;1;2;1
11;7;7300619.0;2021;12;18;5;3;2;6;2;0;1;0;1;0;0;0;1;2;1
11;10;10200420.0;2021;12;10;6;3;5;3;0;0;1;0;0;0;0;0;1;2;1
11;11;11300721.0;2021;11;18;3;3;5;2;2;0;1;0;0;0;1;1;0;2;0
11;10;10400938.0;2021;12;13;4;3;5;3;0;0;1;0;0;1;0;0;1;2;1
11;3;3500934.0;2021;12;17;5;3;5;3;2;1;1;0;0;0;0;1;1;2;1
11;7;7400823.0;2021;12;17;6;3;1;5;2;1;1;0;0;0;0;1;1;2;1
11;10;10200422.0;2021;12;14;6;3;6;7;0;1;0;1;0;0;0;0;1;2;1
11;10;10400835.0;2021;12;16;6;3;5;3;2;1;1;0;0;0;0;0;1;2;1
11;11;11100204.0;2021;12;5;4;3;5;2;2;1;1;0;0;0;0;1;1;2;1
11;4;4200308.0;2021;12;15;1;2;5;3;1;0;1;0;0;0;0;1;1;2;1
11;5;5100210.0;2021;12;15;2;3;2;6;0;0;1;0;0;0;0;1;1;2;1
11;1;1300834.0;2021;12;11;3;3;5;3;0;1;1;0;0;0;0;0;1;2;1
11;1;1401049.0;2021;12;9;7;2;6;2;0;0;0;1;0;0;1;1;1;2;1
11;12;12601235.0;2021;12;7;6;3;6;2;1;0;1;1;0;0;0;2;1;2;1
11;9;9501737.0;2021;12;10;6;3;5;3;0;0;1;0;0;0;0;1;1;2;1
11;1;1100310.0;2021;12;8;2;2;0;1;0;0;0;0;0;0;1;1;1;2;1
11;6;6100206.0;2021;12;16;1;3;0;3;2;0;1;0;0;0;1;0;1;2;1
11;12;12400616.0;2021;10;8;7;2;9;1;0;0;0;0;1;0;0;1;0;1;1
11;8;8100417.0;2021;10;14;7;3;5;2;0;1;1;0;0;0;0;0;0;1;1
11;8;8100415.0;2021;11;9;3;3;5;3;0;1;1;0;0;0;0;1;0;2;0
11;3;3601142.0;2021;11;18;5;3;5;2;1;1;0;0;1;0;0;1;0;2;0
11;11;11100102.0;2021;10;16;6;3;5;3;0;1;1;0;0;0;0;0;0;1;1
11;4;4100102.0;2021;10;22;6;3;5;3;2;0;1;0;0;0;1;0;0;1;1
11;2;2500831.0;2021;10;11;3;3;5;3;0;0;1;0;1;0;0;0;0;1;1
11;8;8100311.0;2021;10;21;3;3;6;7;2;0;1;1;0;0;0;0;0;1;1
11;6;6200419.0;2021;10;20;2;3;1;5;2;0;1;0;0;0;0;0;0;1;1
11;11;11501339.0;2021;11;12;3;2;5;2;0;1;1;0;0;0;0;1;0;2;0
11;4;4400835.0;2021;10;8;4;3;6;2;0;0;1;1;0;0;0;1;0;1;1
11;3;3601450.0;2021;11;12;6;3;0;2;0;1;1;0;0;0;0;1;0;2;0
11;9;9301126.0;2021;11;11;1;3;0;7;0;0;0;0;1;0;0;1;0;2;0
11;9;9502042.0;2021;11;10;4;3;1;5;0;1;1;0;0;0;0;0;0;2;0
11;1;1300733.0;2021;11;16;7;3;5;3;2;1;1;0;0;0;0;1;0;2;0
11;5;5200423.0;2021;10;3;5;3;9;1;2;0;0;0;0;0;1;0;0;1;1
11;2;2200209.0;2021;10;11;2;2;5;5;0;0;1;0;1;0;0;0;0;1;1
11;1;1100313.0;2021;10;7;1;3;5;3;0;0;1;0;1;0;0;0;0;1;1
11;10;10200417.0;2021;11;16;4;2;5;3;2;0;1;0;1;0;0;0;0;2;0
11;7;7300517.0;2021;11;17;6;3;3;6;2;1;1;0;0;0;0;0;0;2;0
11;7;7400823.0;2021;10;8;2;3;5;3;0;0;1;0;1;0;0;1;0;1;1
11;12;12500926.0;2021;10;7;4;3;2;6;0;0;0;0;1;1;0;1;0;1;1
11;6;6100103.0;2021;11;13;4;3;1;5;0;0;0;0;1;0;1;1;0;2;0
11;1;1300733.0;2021;11;8;4;3;2;6;0;1;1;0;0;0;0;1;0;2;0
11;4;4300624.0;2021;10;19;4;3;1;5;2;1;1;0;0;0;0;0;0;1;1
11;5;5100208.0;2021;10;13;5;3;0;4;0;1;0;1;0;0;0;1;0;1;1
11;4;4200308.0;2021;10;10;6;3;0;7;0;0;1;0;1;0;0;0;0;1;1
11;11;11401034.0;2021;11;9;2;3;5;2;0;1;1;0;0;0;0;0;0;2;0
11;5;5100210.0;2021;11;18;5;3;5;3;2;0;1;0;0;0;1;1;0;2;0
11;3;3601141.0;2021;11;7;3;3;2;6;0;0;1;0;0;0;0;0;0;2;0
11;11;11200411.0;2021;10;16;7;3;5;3;0;1;0;0;1;0;0;0;0;1;1
11;2;2400623.0;2021;10;13;5;3;5;3;0;0;1;0;1;0;0;0;0;1;1
11;6;6200313.0;2021;10;17;3;2;5;2;0;0;1;0;0;0;0;1;0;1;1
11;10;10400940.0;2021;11;17;2;3;6;2;2;0;0;1;0;0;1;1;0;2;0
11;1;1100205.0;2021;11;10;5;3;5;3;0;1;1;0;0;0;0;0;0;2;0
11;3;3601450.0;2021;11;21;1;3;2;6;2;0;1;0;0;0;0;1;0;2;0
11;1;1300733.0;2021;10;10;3;3;2;6;0;0;1;0;0;0;0;1;0;1;1
11;3;3100101.0;2021;11;18;7;3;1;5;2;0;1;0;0;0;0;1;0;2;0
11;10;10100314.0;2021;10;15;5;3;5;7;0;0;1;0;0;0;0;0;0;1;1
11;11;11300620.0;2021;10;13;6;3;2;6;0;0;1;0;0;0;0;1;0;1;1
11;1;1300834.0;2021;10;16;6;3;0;7;0;0;1;0;1;0;0;1;0;1;1
11;1;1100309.0;2021;10;16;6;3;6;7;0;0;0;1;0;0;1;0;0;1;1
11;1;1401049.0;2021;11;14;2;3;5;2;0;0;1;0;0;0;1;0;0;2;0
11;9;9100203.0;2021;11;8;6;3;5;2;0;0;1;0;0;0;0;1;0;2;0
11;3;3400725.0;2021;11;8;4;3;6;4;0;0;0;1;0;0;1;1;0;2;0
11;5;5200524.0;2021;10;15;6;3;2;6;0;0;1;0;0;0;0;0;0;1;1
11;7;7601341.0;2021;10;11;3;3;5;2;0;0;1;0;0;0;1;0;0;1;1
11;5;5100314.0;2021;10;6;4;3;5;3;1;1;1;0;0;0;0;0;0;1;1
11;12;12200309.0;2021;11;9;2;3;6;4;0;0;1;1;0;0;0;1;0;2;0
11;4;4501040.0;2021;10;11;3;3;0;6;0;1;0;0;0;0;1;1;0;1;1
11;3;3601449.0;2021;10;12;4;3;2;6;0;1;0;0;0;0;0;0;0;1;1
11;8;8100209.0;2021;11;16;7;3;5;3;2;1;1;0;0;0;0;0;0;2;0
11;8;8100209.0;2021;11;16;2;3;5;3;2;1;1;0;0;0;0;1;0;2;0
11;8;8100419.0;2021;11;6;3;2;5;3;1;0;1;0;0;0;0;1;0;2;0
11;11;11200512.0;2021;11;15;2;3;2;6;0;0;1;0;0;0;0;0;0;2;0
11;10;10100313.0;2021;10;10;7;3;5;3;0;0;1;0;0;0;0;0;0;1;1
11;9;9200819.0;2021;10;10;7;2;6;4;0;0;1;1;0;0;0;0;0;1;1
11;4;4400835.0;2021;11;14;3;3;2;2;0;0;1;0;0;0;0;0;0;2;0
11;12;12200414.0;2021;11;18;5;3;5;2;1;1;1;0;0;0;0;1;0;2;0
11;8;8100417.0;2021;10;0;1;3;2;6;2;0;1;0;0;0;0;0;0;1;1
11;7;7300619.0;2021;10;12;4;3;2;6;0;0;1;0;0;0;0;1;0;1;1
11;4;4500939.0;2021;10;4;3;3;0;2;2;0;0;0;1;1;0;0;0;1;1
11;7;7100103.0;2021;10;16;2;2;7;7;0;1;0;0;0;0;0;0;0;1;1
11;12;12200515.0;2021;11;18;4;3;0;2;2;1;1;0;0;0;0;0;0;2;0
11;4;4300619.0;2021;11;18;3;3;6;4;1;0;1;1;0;0;0;0;0;2;0
11;3;3501037.0;2021;10;15;4;3;5;3;0;1;1;0;0;0;0;0;0;1;1
11;8;8401139.0;2021;10;13;6;3;1;1;0;0;1;0;0;0;1;1;0;1;1
11;12;12200411.0;2021;11;15;6;3;2;6;0;0;1;0;0;0;0;0;0;2;0
11;2;2500728.0;2021;11;13;2;3;0;6;0;1;1;0;0;0;0;0;0;2;0
11;2;2200209.0;2021;11;14;4;3;3;6;0;1;1;0;0;0;0;0;0;2;0
11;4;4501149.0;2021;11;9;3;3;5;2;0;1;1;0;0;0;0;0;0;2;0
11;6;6300528.0;2021;10;11;7;3;5;3;0;1;1;0;0;0;0;0;0;1;1
11;11;11300620.0;2021;10;8;4;3;2;6;0;0;1;0;1;0;0;0;0;1;1
11;3;3601450.0;2021;10;11;2;3;1;1;0;0;1;0;0;0;0;0;0;1;1
11;12;12100204.0;2021;11;7;2;3;5;3;0;1;1;0;0;0;0;0;0;2;0
11;7;7200307.0;2021;11;17;4;3;2;6;2;0;1;0;0;0;0;0;0;2;0
11;8;8100521.0;2021;11;13;6;3;2;6;0;0;1;0;0;0;0;0;0;2;0
11;4;4300412.0;2021;10;15;3;2;5;3;0;0;1;0;0;0;1;1;0;1;1
11;2;2500832.0;2021;10;16;5;3;0;1;0;1;1;0;0;0;0;1;0;1;1
11;5;5300841.0;2021;11;14;6;2;6;4;0;0;1;1;0;0;0;0;0;2;0
11;10;10200629.0;2021;11;6;3;3;1;5;1;0;1;0;0;1;0;1;0;2;0
11;1;1100310.0;2021;10;9;5;3;2;2;0;0;1;0;1;0;0;0;0;1;1
11;1;1100205.0;2021;10;20;7;3;5;7;2;0;1;0;1;0;0;0;0;1;1
11;5;5100105.0;2021;10;12;1;2;4;1;0;0;1;0;0;0;0;0;0;1;1
11;5;5100317.0;2021;10;6;6;3;2;6;1;0;1;0;1;0;0;0;0;1;1
11;4;4501042.0;2021;11;15;2;3;2;2;0;0;1;0;1;0;0;0;0;2;0
11;3;3400827.0;2021;11;13;5;3;5;3;0;0;1;0;0;0;0;1;0;2;0
11;8;8100103.0;2021;11;10;5;3;0;5;0;0;1;0;0;0;1;1;0;2;0
11;1;1100309.0;2021;10;23;1;3;5;3;2;1;0;0;0;0;0;0;0;1;1
11;4;4200309.0;2021;10;13;5;3;5;3;0;0;1;0;0;0;0;0;0;1;1
11;8;8200623.0;2021;10;13;3;2;2;7;0;0;1;0;0;0;0;0;0;1;1
11;4;4300416.0;2021;11;19;2;3;0;2;2;1;1;0;0;0;0;1;0;2;0
11;3;3400619.0;2021;11;9;5;3;5;2;0;1;1;0;0;0;0;0;0;2;0
11;3;3701660.0;2021;11;18;7;3;5;7;2;0;1;0;0;0;0;0;0;2;0
11;8;8401241.0;2021;10;7;3;2;5;3;1;1;1;0;0;0;0;1;0;1;1
11;3;3701554.0;2021;10;7;4;3;2;6;0;1;0;0;0;0;0;0;0;1;1
11;5;5100104.0;2021;11;17;7;3;6;2;2;0;1;1;0;0;0;1;0;2;0
11;2;2200209.0;2021;11;20;1;3;6;4;2;0;1;1;0;0;0;1;0;2;0
11;4;4300623.0;2021;10;19;5;3;1;5;2;1;1;0;0;0;0;0;0;1;1
11;1;1100309.0;2021;10;12;6;3;5;3;0;1;1;0;0;0;0;1;0;1;1
11;8;8200623.0;2021;10;9;4;3;1;5;0;1;1;0;0;0;1;1;0;1;1
11;1;1200623.0;2021;11;20;6;3;6;4;2;1;0;1;0;0;0;0;0;2;0
11;7;7601236.0;2021;11;17;3;3;2;6;2;1;1;0;0;0;0;0;0;2;0
11;11;11501340.0;2021;10;15;5;3;5;2;0;1;1;0;0;0;0;0;0;1;1
11;2;2400624.0;2021;10;8;6;3;5;7;0;0;1;0;0;0;0;0;0;1;1
11;11;11300620.0;2021;10;10;1;3;2;6;0;0;1;0;1;0;0;0;0;1;1
11;3;3601245.0;2021;10;9;6;3;5;3;0;1;1;0;0;0;0;0;0;1;1
11;1;1300834.0;2021;11;11;2;2;3;6;0;0;1;0;1;0;0;0;0;2;0
11;11;11501238.0;2021;11;13;5;3;3;6;0;0;1;0;0;0;0;1;0;2;0
11;3;3200206.0;2021;11;8;3;3;5;3;0;0;1;0;1;0;0;0;0;2;0
11;5;5400942.0;2021;10;16;1;2;8;1;0;1;1;0;0;0;0;0;0;1;1
11;1;1400938.0;2021;10;17;5;3;2;7;1;0;0;0;1;0;1;0;0;1;1
11;10;10400836.0;2021;10;11;2;2;6;7;0;0;1;1;0;0;0;0;0;1;1
11;9;9100304.0;2021;11;16;2;3;2;6;2;0;1;0;0;0;0;1;0;2;0
11;4;4200308.0;2021;11;20;5;3;2;6;2;0;1;0;0;0;0;1;0;2;0
11;1;1300733.0;2021;11;16;1;3;2;6;1;0;1;0;0;0;0;1;0;2;0
11;1;1401046.0;2021;10;9;2;3;5;2;0;0;1;0;0;0;1;1;0;1;1
11;6;6300632.0;2021;10;16;1;3;5;3;0;0;1;0;0;0;0;0;0;1;1
11;9;9100203.0;2021;11;20;7;3;6;2;2;0;1;1;0;0;0;1;0;2;0
11;7;7601341.0;2021;11;19;1;2;5;3;2;0;1;0;0;0;0;1;0;2;0
11;10;10300731.0;2021;10;7;5;3;5;3;0;0;1;0;0;0;1;0;0;1;1
11;3;3601450.0;2021;10;12;6;3;6;4;0;0;1;1;0;0;0;0;0;1;1
11;11;11300721.0;2021;10;7;2;3;5;3;0;0;0;0;0;1;1;0;0;1;1
11;8;8100312.0;2021;10;18;6;3;2;7;1;0;1;0;0;0;1;0;0;1;1
11;10;10100209.0;2021;11;9;3;3;2;7;0;0;1;0;0;0;0;1;0;2;0
11;6;6300633.0;2021;11;8;4;3;0;7;0;1;0;0;0;0;0;1;0;2;0