LAND;BEZ;LOR_ab_2021;UJAHR;UMONAT;USTUNDE;UWOCHENTAG;UKATEGORIE;UART;UTYP1;ULICHTVERH;IstRad;IstPKW;IstFuss;IstKrad;IstGkfz;IstSonstige;USTRZUSTAND;LOCKDOWN;COVID;FERIEN
11;8;8100103.0;2021;8;14;7;3;2;6;0;0;1;0;0;0;0;0;0;1;1
11;6;6300631.0;2021;7;15;6;3;1;1;0;1;1;0;0;0;0;0;0;1;2
11;1;1100310.0;2021;7;23;5;3;5;2;2;0;1;0;0;0;0;0;0;1;2
11;1;1100309.0;2021;8;21;5;3;6;2;1;0;1;1;0;0;0;0;0;1;1
11;8;8401139.0;2021;8;16;5;3;5;3;0;0;1;0;1;0;0;1;0;1;1
11;1;1100206.0;2021;8;18;4;3;3;6;0;1;0;0;0;0;0;0;0;1;1
11;10;10200524.0;2021;8;18;2;3;6;4;0;0;1;1;0;0;0;0;0;1;1
11;9;9501939.0;2021;7;16;4;3;6;7;0;1;0;1;0;0;0;0;0;1;2
11;10;10300734.0;2021;8;13;1;3;0;1;0;0;0;0;1;0;0;0;0;1;1
11;9;9200717.0;2021;7;7;6;3;5;3;0;0;1;0;0;0;1;0;0;1;2
11;9;9200715.0;2021;7;22;1;3;8;1;2;0;1;0;0;0;0;0;0;1;2
11;7;7200409.0;2021;8;15;6;3;1;5;0;1;1;0;0;0;0;0;0;1;1
11;1;1200628.0;2021;8;20;2;3;5;2;1;1;1;0;0;0;0;1;0;1;1
11;9;9501941.0;2021;8;15;7;3;5;2;0;1;1;0;0;0;0;0;0;1;1
11;2;2200210.0;2021;7;13;2;3;0;3;0;0;1;0;0;0;1;0;0;1;2
11;4;4300412.0;2021;8;16;4;3;5;2;0;1;1;0;0;0;0;0;0;1;1
11;1;1100311.0;2021;7;13;4;3;5;2;0;1;1;0;0;0;0;0;0;1;2
11;11;11300620.0;2021;7;21;5;3;5;2;0;1;1;0;0;0;0;0;0;1;2
11;3;3300411.0;2021;8;15;4;2;6;4;0;0;1;1;0;0;0;0;0;1;1
11;4;4500939.0;2021;8;11;3;2;2;6;0;0;1;0;1;0;0;0;0;1;1
11;4;4300624.0;2021;7;12;4;3;5;3;0;0;1;0;0;0;1;0;0;1;2
11;1;1100308.0;2021;7;22;6;3;5;3;2;1;1;0;0;0;0;0;0;1;2
11;1;1400942.0;2021;8;14;4;3;3;6;0;1;0;0;0;0;0;0;0;1;1
11;4;4200311.0;2021;7;9;3;3;3;6;0;0;1;0;0;0;0;0;0;1;2
11;3;3601450.0;2021;8;7;2;3;2;6;0;1;1;0;0;0;0;0;0;1;1
11;5;5100315.0;2021;8;17;7;3;5;2;0;0;1;0;0;0;1;0;0;1;1
11;8;8200624.0;2021;7;17;3;3;5;3;0;0;1;0;0;0;0;0;0;1;2
11;1;1100415.0;2021;8;10;3;3;5;2;0;1;0;0;0;0;1;0;0;1;1
11;9;9200510.0;2021;8;19;1;3;2;6;0;0;1;0;0;0;0;0;0;1;1
11;1;1401047.0;2021;7;8;6;3;1;5;0;1;1;0;0;0;0;0;0;1;2
11;7;7501032.0;2021;7;15;6;3;5;3;0;1;1;0;0;0;0;0;0;1;2
11;3;3200205.0;2021;8;8;4;3;2;6;0;1;1;0;0;1;0;0;0;1;1
11;6;6300634.0;2021;7;8;5;3;5;2;0;1;1;0;0;0;0;0;0;1;2
11;4;4501148.0;2021;8;13;5;3;5;3;0;0;1;0;0;0;0;0;0;1;1
11;10;10100205.0;2021;8;12;5;3;5;2;0;1;1;0;0;0;0;0;0;1;1
11;1;1200628.0;2021;8;17;3;3;5;3;0;1;1;0;0;0;0;0;0;1;1
11;2;2500727.0;2021;8;12;1;3;1;5;0;0;1;0;0;0;1;0;0;1;1
11;3;3701554.0;2021;7;22;4;3;1;5;2;1;1;0;0;0;0;0;0;1;2
11;4;4300624.0;2021;8;19;2;3;0;2;0;0;1;0;1;0;0;0;0;1;1
11;2;2100102.0;2021;7;9;6;3;2;6;0;1;0;0;0;0;0;0;0;1;2
11;2;2400623.0;2021;7;19;6;3;0;1;1;0;0;0;0;0;1;0;0;1;2
11;5;5200632.0;2021;7;19;5;3;5;3;0;1;0;0;0;0;0;0;0;1;2
11;10;10400837.0;2021;8;18;6;3;1;5;0;1;1;0;0;0;0;0;0;1;1
11;12;12100103.0;2021;8;13;2;3;6;7;0;0;1;1;0;0;0;0;0;1;1
11;11;11200512.0;2021;8;16;6;3;0;3;0;1;1;0;0;0;0;0;0;1;1
11;4;4501044.0;2021;8;17;3;3;0;2;0;1;1;0;0;0;0;0;0;1;1
11;2;2500833.0;2021;7;6;5;3;5;3;0;1;1;0;0;0;0;0;0;1;2
11;2;2500832.0;2021;7;14;5;3;2;6;0;0;1;0;0;0;0;0;0;1;2
11;5;5200526.0;2021;8;5;4;3;2;6;1;0;1;0;0;0;0;1;0;1;1
11;12;12400723.0;2021;8;11;3;3;6;7;0;0;0;1;0;0;1;0;0;1;1
11;4;4501150.0;2021;8;19;1;3;0;1;0;1;0;0;0;0;0;0;0;1;1
11;11;11200514.0;2021;7;16;3;3;2;7;0;1;0;0;0;0;1;0;0;1;2
11;4;4200310.0;2021;8;11;3;3;5;7;0;1;1;0;0;0;0;0;0;1;1
11;4;4400830.0;2021;8;10;1;3;5;2;0;0;1;0;1;0;0;0;0;1;1
11;8;8100104.0;2021;7;22;6;3;2;6;2;0;1;0;0;0;0;1;0;1;2
11;2;2100102.0;2021;7;18;5;3;5;3;0;0;1;0;0;0;1;0;0;1;2
11;2;2500830.0;2021;8;18;6;3;1;5;0;1;1;0;0;0;0;0;0;1;1
11;4;4400726.0;2021;8;10;2;3;2;6;0;0;1;0;0;0;0;0;0;1;1
11;8;8401243.0;2021;8;13;6;3;5;3;0;0;1;0;1;0;0;0;0;1;1
11;4;4300412.0;2021;8;14;3;2;0;7;0;1;0;0;0;0;0;0;0;1;1
11;4;4500939.0;2021;8;19;2;3;5;3;0;0;1;0;0;0;0;1;0;1;1
11;12;12500927.0;2021;7;20;4;3;1;1;0;1;0;0;0;0;1;0;0;1;2
11;8;8200623.0;2021;8;23;1;3;1;5;2;0;1;0;0;0;0;1;0;1;1
11;10;10100313.0;2021;7;12;4;2;9;1;0;0;1;0;0;0;0;0;0;1;2
11;12;12400618.0;2021;7;16;2;3;5;2;0;1;1;0;0;0;0;0;0;1;2
11;3;3200308.0;2021;8;13;6;2;5;2;0;1;1;0;0;0;0;0;0;1;1
11;1;1300730.0;2021;8;14;2;3;2;6;0;1;1;0;0;0;0;0;0;1;1
11;1;1401047.0;2021;8;13;7;3;1;5;0;1;1;0;0;0;0;0;0;1;1
11;3;3601142.0;2021;7;19;3;2;2;6;0;0;1;0;1;0;0;0;0;1;2
11;1;1100310.0;2021;8;13;4;3;3;6;0;0;1;0;1;0;0;0;0;1;1
11;4;4501043.0;2021;7;16;4;3;5;3;0;1;1;0;0;0;0;0;0;1;2
11;4;4500937.0;2021;7;11;5;3;0;6;0;0;1;0;0;0;1;0;0;1;2
11;4;4400729.0;2021;8;10;4;2;3;6;0;0;0;0;1;0;1;0;0;1;1
11;6;6200311.0;2021;8;16;2;3;2;3;0;1;1;0;0;0;0;0;0;1;1
11;4;4100101.0;2021;7;19;5;3;5;3;0;0;1;0;0;0;1;0;0;1;2
11;7;7300619.0;2021;7;9;6;3;5;2;0;0;1;0;0;0;0;0;0;1;2
11;6;6300630.0;2021;8;7;4;3;1;5;0;0;1;0;1;0;0;0;0;1;1
11;5;5200421.0;2021;8;0;4;2;1;5;2;0;1;0;0;0;1;0;0;1;1
11;1;1100207.0;2021;8;6;2;3;5;3;0;1;0;0;0;0;1;0;0;1;1
11;8;8100209.0;2021;8;11;7;3;5;7;0;0;0;0;1;0;1;0;0;1;1
11;8;8100206.0;2021;7;12;3;3;2;6;0;0;1;0;0;0;1;0;0;1;2
11;4;4501153.0;2021;8;18;3;3;5;2;0;1;0;0;0;0;0;0;0;1;1
11;1;1100310.0;2021;8;13;1;3;2;6;0;0;1;0;0;0;0;0;0;1;1
11;4;4500936.0;2021;7;13;7;3;5;2;0;1;1;0;0;0;0;0;0;1;2
11;6;6200315.0;2021;7;11;7;3;0;7;0;0;1;0;0;0;0;0;0;1;2
11;11;11300620.0;2021;8;7;5;3;1;5;0;0;1;0;0;0;0;0;0;1;1
11;1;1400942.0;2021;7;16;5;3;1;6;0;0;1;0;0;0;1;0;0;1;2
11;4;4300415.0;2021;8;14;5;2;1;7;0;0;1;0;0;0;0;0;0;1;1
11;8;8401243.0;2021;8;12;5;3;2;2;0;1;1;0;0;0;0;0;0;1;1
11;1;1300836.0;2021;8;11;3;3;5;3;0;0;1;0;0;0;0;0;0;1;1
11;8;8100521.0;2021;8;13;1;3;5;3;0;1;1;0;0;0;0;0;0;1;1
11;1;1200520.0;2021;7;12;4;3;2;3;0;0;0;0;1;0;0;0;0;1;2
11;5;5100316.0;2021;8;5;2;3;6;4;0;0;1;1;0;0;0;1;0;1;1
11;5;5100206.0;2021;7;18;2;3;5;3;0;1;0;0;0;0;1;0;0;1;2
11;7;7400721.0;2021;7;21;1;3;0;1;2;1;0;0;0;0;0;1;0;1;2
11;9;9200510.0;2021;8;7;6;3;2;2;0;1;1;0;0;0;0;0;0;1;1
11;4;4501042.0;2021;8;12;2;3;3;6;0;0;1;0;0;0;0;0;0;1;1
11;10;10300734.0;2021;8;10;5;3;0;3;0;0;1;0;0;0;1;0;0;1;1
11;8;8100102.0;2021;7;17;1;3;5;2;0;1;1;0;0;0;0;0;0;1;2
11;1;1401045.0;2021;8;18;4;3;2;6;0;0;1;0;0;0;0;0;0;1;1
11;9;9501838.0;2021;7;10;4;2;0;3;0;1;0;0;0;0;1;1;0;1;2
11;4;4200310.0;2021;7;16;5;3;3;6;0;1;0;0;0;0;1;0;0;1;2
11;4;4500937.0;2021;8;14;3;3;5;2;0;0;1;0;0;0;0;0;0;1;1
11;12;12200412.0;2021;7;12;3;3;5;3;0;0;1;0;1;0;0;0;0;1;2
11;8;8200725.0;2021;7;9;2;3;5;3;0;0;1;0;0;0;0;0;0;1;2
11;2;2500727.0;2021;8;19;6;3;5;3;0;1;0;0;0;0;0;0;0;1;1
11;5;5200631.0;2021;8;19;2;3;5;3;0;0;1;0;0;0;0;1;0;1;1
11;8;8100415.0;2021;8;18;6;2;0;3;0;1;0;0;0;0;0;0;0;1;1
11;4;4501045.0;2021;7;19;5;3;6;7;0;0;0;1;0;0;1;1;0;1;2
11;8;8200622.0;2021;7;15;6;2;1;5;0;1;1;0;0;0;0;0;0;1;2
11;12;12100101.0;2021;8;21;3;3;5;3;2;0;1;1;0;0;0;0;0;1;1
11;9;9501838.0;2021;8;15;4;3;6;7;0;1;0;1;0;0;0;0;0;1;1
11;1;1100310.0;2021;7;15;4;3;0;7;0;1;0;0;0;0;0;0;0;1;2
11;9;9502043.0;2021;7;10;7;3;2;6;0;0;1;0;0;0;0;0;0;1;2
11;8;8200622.0;2021;8;12;5;3;5;3;0;1;1;0;0;0;0;0;0;1;1
11;2;2200208.0;2021;8;13;4;2;5;3;0;1;1;0;0;0;0;0;0;1;1
11;10;10400837.0;2021;8;22;2;2;4;1;2;0;1;0;0;0;0;0;0;1;1
11;4;4200311.0;2021;7;18;4;3;5;2;0;1;1;0;0;0;0;0;0;1;2
11;7;7100206.0;2021;7;19;1;3;2;6;0;0;1;0;1;0;0;0;0;1;2
11;3;3200309.0;2021;8;14;6;2;5;3;0;0;1;0;1;0;0;0;0;1;1
11;9;9200819.0;2021;8;17;2;3;2;6;1;0;1;0;0;0;0;1;0;1;1
11;2;2100101.0;2021;8;12;6;3;5;2;0;0;1;0;0;0;1;0;0;1;1
11;10;10200418.0;2021;7;6;3;3;4;5;0;1;1;0;0;0;0;0;0;1;2
11;1;1300732.0;2021;8;8;5;3;0;1;0;1;0;0;0;0;0;0;0;1;1
11;4;4300518.0;2021;7;17;5;3;2;6;0;0;1;0;0;0;0;1;0;1;2
11;7;7601341.0;2021;7;11;7;3;6;4;0;0;1;1;0;0;0;0;0;1;2
11;8;8200832.0;2021;8;1;4;3;1;5;2;0;1;0;0;0;0;0;0;1;1
11;5;5200423.0;2021;8;13;4;2;5;3;0;0;1;0;1;0;0;0;0;1;1
11;1;1200520.0;2021;7;19;5;2;0;1;0;1;0;0;0;0;0;0;0;1;2
11;7;7100204.0;2021;8;8;4;3;4;6;0;1;0;0;0;0;0;0;0;1;1
11;11;11300725.0;2021;8;9;4;3;5;3;0;1;1;0;0;0;0;0;0;1;1
11;11;11200513.0;2021;8;14;2;3;5;2;0;1;1;0;0;0;0;0;0;1;1
11;7;7400721.0;2021;8;11;7;3;3;6;0;0;1;0;1;0;0;0;0;1;1
11;12;12601032.0;2021;7;11;4;3;0;3;0;0;1;0;1;0;0;0;0;1;2
11;3;3400831.0;2021;8;17;3;3;5;2;0;0;0;0;1;0;0;0;0;1;1
11;8;8100206.0;2021;8;21;7;3;2;2;2;0;1;0;0;0;0;1;0;1;1
11;8;8100521.0;2021;7;15;6;3;5;3;0;0;1;0;0;0;0;0;0;1;2
11;6;6100205.0;2021;7;4;7;3;0;1;2;0;1;0;1;0;0;0;0;1;2
11;8;8200725.0;2021;8;11;4;3;0;6;0;1;1;0;0;0;0;0;0;1;1
11;3;3300516.0;2021;7;17;6;3;0;1;0;0;0;0;1;0;0;0;0;1;2
11;3;3601141.0;2021;7;0;6;3;5;2;2;1;1;0;0;0;0;0;0;1;2
11;3;3200309.0;2021;8;10;5;3;1;5;0;1;1;0;0;0;1;0;0;1;1
11;8;8401242.0;2021;8;16;5;3;5;7;0;0;1;0;0;0;0;0;0;1;1
11;4;4100101.0;2021;8;15;3;3;5;2;0;0;1;0;0;0;0;1;0;1;1
11;8;8301036.0;2021;8;23;1;2;5;2;2;0;1;0;0;0;0;0;0;1;1
11;3;3300516.0;2021;7;10;4;3;0;1;0;0;0;0;1;0;0;0;0;1;2
11;2;2400623.0;2021;8;14;1;3;5;3;0;1;1;0;0;0;0;0;0;1;1
11;10;10100315.0;2021;7;15;2;3;6;2;0;0;1;1;0;0;0;0;0;1;2
11;9;9200717.0;2021;7;12;2;3;0;1;0;1;1;0;0;0;0;0;0;1;2
11;2;2100101.0;2021;8;14;6;3;5;2;0;1;1;0;0;0;0;0;0;1;1
11;4;4501152.0;2021;8;12;2;3;0;1;0;0;0;0;1;0;0;0;0;1;1
11;10;10200629.0;2021;8;14;6;3;5;7;0;1;1;0;0;0;0;0;0;1;1
11;2;2500832.0;2021;7;14;1;3;2;6;0;0;1;0;0;0;0;0;0;1;2
11;12;12100205.0;2021;8;17;4;3;0;1;0;1;1;0;0;0;0;0;0;1;1
11;7;7300515.0;2021;7;12;4;3;5;2;0;1;1;0;0;0;0;0;0;1;2
11;2;2300419.0;2021;7;10;5;3;3;6;0;1;1;0;0;0;0;0;0;1;2
11;2;2500836.0;2021;8;10;3;3;5;2;0;1;1;0;0;0;0;0;0;1;1
11;11;11200410.0;2021;8;20;2;2;3;6;0;0;1;0;1;0;0;0;0;1;1
11;8;8100209.0;2021;7;12;3;3;5;3;0;0;1;0;0;0;0;0;0;1;2
11;8;8401244.0;2021;7;8;3;3;5;3;0;1;1;0;0;0;0;0;0;1;2
11;1;1100205.0;2021;8;8;2;3;1;5;0;1;1;0;0;0;0;0;0;1;1
11;11;11400929.0;2021;8;12;7;2;5;3;0;0;1;0;1;0;0;0;0;1;1
11;2;2100101.0;2021;8;14;2;3;5;2;0;1;0;0;0;0;1;0;0;1;1
11;1;1300834.0;2021;8;18;7;3;5;2;0;1;1;0;0;0;0;0;0;1;1
11;1;1100206.0;2021;7;15;6;3;5;3;0;0;1;0;1;0;0;0;0;1;2
11;1;1401046.0;2021;7;13;6;3;2;6;0;0;1;0;0;0;0;0;0;1;2
11;2;2200210.0;2021;8;9;5;3;5;3;0;0;1;0;0;0;1;0;0;1;1
11;4;4200203.0;2021;7;10;5;3;5;3;0;0;1;0;0;0;1;0;0;1;2
11;1;1100310.0;2021;8;23;5;3;0;1;2;1;0;0;0;0;0;0;0;1;1
11;5;5200629.0;2021;8;17;4;2;0;6;0;0;1;0;0;0;1;0;0;1;1
11;3;3701556.0;2021;8;14;3;3;5;3;0;1;1;0;0;0;0;0;0;1;1
11;4;4300518.0;2021;8;18;1;3;6;7;0;0;1;1;0;0;0;0;0;1;1
11;2;2200210.0;2021;7;18;4;3;3;6;0;0;1;0;1;0;0;0;0;1;2
11;1;1100308.0;2021;8;12;3;3;1;5;0;1;1;0;0;0;0;0;0;1;1
11;7;7100101.0;2021;8;21;7;3;6;2;2;0;1;1;0;0;0;1;0;1;1
11;9;9401329.0;2021;7;14;7;3;0;3;0;0;1;0;0;0;1;0;0;1;2
11;2;2200211.0;2021;8;12;5;3;0;3;0;0;1;0;1;0;0;0;0;1;1
11;4;4500938.0;2021;7;16;6;3;5;3;0;1;1;0;0;0;0;0;0;1;2
11;2;2500728.0;2021;8;19;5;3;6;7;0;1;0;1;0;0;0;0;0;1;1
11;1;1100310.0;2021;8;20;4;2;0;1;1;0;0;0;1;0;0;0;0;1;1
11;11;11200513.0;2021;8;17;4;3;5;3;0;0;1;0;0;0;0;0;0;1;1
11;4;4300622.0;2021;8;16;2;3;0;6;0;0;1;0;0;0;1;0;0;1;1
11;3;3300514.0;2021;7;10;4;3;2;6;0;1;1;0;0;0;0;0;0;1;2
11;2;2100101.0;2021;8;11;2;3;5;3;0;0;1;0;0;0;1;0;0;1;1
11;4;4300517.0;2021;8;13;2;3;5;2;0;0;1;0;0;0;0;0;0;1;1
11;3;3601245.0;2021;8;16;7;3;5;2;0;0;1;0;0;0;1;0;0;1;1
11;11;11300721.0;2021;7;15;3;3;3;6;0;0;1;0;0;0;0;0;0;1;2
11;7;7300619.0;2021;8;1;3;3;0;1;2;0;0;0;1;0;0;0;0;1;1
11;11;11100206.0;2021;8;12;1;2;6;4;0;1;0;1;0;0;0;0;0;1;1
11;12;12500825.0;2021;7;16;6;3;0;1;0;0;0;0;1;0;0;1;0;1;2
11;4;4500937.0;2021;7;19;1;3;6;4;0;0;1;1;0;0;0;1;0;1;2
11;3;3200206.0;2021;8;13;5;2;5;2;0;1;0;0;0;1;0;0;0;1;1
11;2;2400521.0;2021;7;11;5;3;5;3;0;1;1;0;0;0;0;0;0;1;2
11;10;10200423.0;2021;7;19;6;3;6;4;0;0;1;1;0;0;0;0;0;1;2
11;6;6200421.0;2021;8;19;5;3;3;6;0;0;1;0;1;0;0;0;0;1;1
11;8;8200727.0;2021;8;15;5;2;5;3;0;0;1;0;1;0;0;1;0;1;1
11;1;1100103.0;2021;8;17;3;3;5;2;0;1;1;0;0;0;0;1;0;1;1
11;2;2500830.0;2021;8;14;7;3;5;3;0;0;1;0;1;0;0;0;0;1;1
11;6;6100204.0;2021;7;20;5;3;3;6;1;0;1;0;1;0;0;0;0;1;2
11;3;3601141.0;2021;8;20;1;3;0;7;1;1;1;0;0;0;0;1;0;1;1
11;5;5100316.0;2021;7;18;7;2;2;6;0;0;1;0;1;0;0;0;0;1;2
11;8;8200623.0;2021;8;11;5;2;5;3;0;0;1;0;0;0;0;0;0;1;1
11;1;1300836.0;2021;8;12;6;3;5;3;0;1;0;0;0;0;1;0;0;1;1
11;5;5200629.0;2021;8;12;2;3;2;6;0;0;1;0;0;0;0;0;0;1;1
11;7;7601442.0;2021;8;12;6;3;6;2;0;0;1;1;0;0;0;0;0;1;1
11;7;7200307.0;2021;7;15;1;3;5;2;0;1;1;0;0;0;0;0;0;1;2
11;1;1200626.0;2021;8;17;4;3;0;1;0;1;0;0;0;0;0;0;0;1;1
11;1;1200517.0;2021;7;13;4;3;0;7;0;0;1;0;0;0;0;0;0;1;2
11;8;8100311.0;2021;7;9;5;3;3;6;0;1;0;0;0;0;0;0;0;1;2
11;10;10100102.0;2021;8;14;4;3;5;2;0;0;1;0;0;0;0;0;0;1;1
11;7;7400823.0;2021;8;11;3;3;0;1;0;0;0;0;1;0;0;0;0;1;1
11;9;9200819.0;2021;7;11;2;3;5;3;0;0;1;0;1;0;0;0;0;1;2
11;11;11501339.0;2021;8;11;2;3;2;6;0;0;1;0;0;1;0;0;0;1;1
11;4;4501042.0;2021;8;13;7;2;0;1;0;1;0;0;0;0;0;0;0;1;1
11;12;12100101.0;2021;7;8;2;3;1;5;0;0;1;0;0;0;1;0;0;1;2
11;1;1300733.0;2021;8;19;3;3;3;3;0;0;1;0;0;0;1;0;0;1;1
11;3;3400618.0;2021;8;22;6;3;5;2;2;1;1;0;0;0;0;1;0;1;1
11;2;2500832.0;2021;7;17;5;2;2;6;0;0;1;0;1;0;0;1;0;1;2
11;2;2200212.0;2021;7;10;6;3;0;5;0;0;1;0;0;0;0;0;0;1;2
11;1;1100308.0;2021;8;10;5;3;0;1;0;1;0;0;0;0;0;0;0;1;1
11;1;1401046.0;2021;7;6;5;3;0;1;1;1;0;0;0;0;0;0;0;1;2
11;6;6300629.0;2021;8;12;5;3;6;4;0;0;1;1;0;0;0;0;0;1;1
11;9;9200511.0;2021;8;17;5;3;5;7;0;0;1;0;0;0;1;0;0;1;1
11;1;1300732.0;2021;8;18;3;3;0;1;0;1;0;0;0;0;0;1;0;1;1
11;1;3601142.0;2021;8;18;1;3;2;6;0;0;1;0;0;0;0;0;0;1;1
11;8;8200727.0;2021;7;12;4;3;5;7;0;0;1;0;1;0;0;0;0;1;2
11;10;10100209.0;2021;8;7;3;3;6;4;0;0;1;1;0;0;0;0;0;1;1
11;1;1401049.0;2021;8;3;1;3;0;7;2;0;0;0;0;0;1;1;0;1;1
11;5;5200631.0;2021;7;13;6;3;3;6;0;0;1;0;1;0;0;0;0;1;2
11;6;6400844.0;2021;8;14;5;3;0;5;0;0;1;0;0;0;0;0;0;1;1
11;4;4200311.0;2021;7;10;6;3;5;3;0;1;1;0;0;0;0;0;0;1;2
11;4;4400728.0;2021;8;7;6;3;5;2;0;1;1;0;0;0;0;0;0;1;1
11;9;9200715.0;2021;8;11;2;3;2;6;0;0;1;0;1;0;0;0;0;1;1
11;2;2500726.0;2021;8;16;6;2;5;3;0;1;1;0;0;0;0;0;0;1;1
11;8;8100311.0;2021;8;12;4;3;1;5;0;1;1;0;0;0;0;0;0;1;1
11;6;6300528.0;2021;8;9;2;3;2;6;0;0;1;0;0;0;0;0;0;1;1
11;1;1200626.0;2021;7;15;4;3;0;5;0;1;0;0;0;0;1;0;0;1;2
11;1;1100308.0;2021;8;13;2;3;5;2;0;1;1;0;0;0;0;0;0;1;1
11;8;8100105.0;2021;7;21;6;2;6;2;2;0;1;1;0;0;0;0;0;1;2
11;1;1100309.0;2021;7;18;1;3;0;4;0;0;0;1;1;0;0;1;0;1;2
11;2;2200210.0;2021;8;7;6;3;5;3;0;1;1;0;0;0;0;0;0;1;1
11;5;5300839.0;2021;8;15;3;3;2;6;0;0;1;0;1;0;0;0;0;1;1
11;3;3601141.0;2021;8;22;6;3;9;1;2;0;1;0;0;0;0;1;0;1;1
11;1;1100308.0;2021;7;16;3;3;0;7;0;1;0;0;0;0;0;0;0;1;2
11;9;9401534.0;2021;8;7;4;3;1;5;0;1;1;0;0;0;0;0;0;1;1
11;2;2200210.0;2021;7;1;5;3;5;3;2;1;1;0;0;0;0;0;0;1;2
11;9;9301025.0;2021;7;17;5;3;5;3;0;1;1;0;0;0;0;0;0;1;2
11;11;11401136.0;2021;8;15;4;3;5;3;0;0;1;0;0;0;0;0;0;1;1
11;1;1300732.0;2021;8;16;2;3;5;2;0;1;1;0;0;0;0;0;0;1;1
11;11;11200410.0;2021;7;12;4;2;5;3;0;1;0;0;0;0;0;0;0;1;2
11;1;1100415.0;2021;7;8;6;3;2;6;0;0;1;0;0;0;0;0;0;1;2
11;7;7300515.0;2021;8;15;4;2;5;3;0;1;0;0;0;0;0;0;0;1;1
11;12;12200309.0;2021;7;10;3;3;3;6;0;0;1;0;0;0;0;0;0;1;2
11;5;5100312.0;2021;8;19;2;3;0;2;0;0;1;0;1;0;0;1;0;1;1
11;7;7501029.0;2021;8;16;7;2;5;3;0;0;0;0;1;0;1;0;0;1;1
11;1;1100312.0;2021;7;18;3;3;5;3;0;1;1;0;0;0;0;0;0;1;2
11;1;1100309.0;2021;6;14;4;3;0;5;0;0;1;0;0;0;1;0;0;1;1
11;5;5100208.0;2021;5;11;2;3;5;2;0;0;1;0;0;0;0;0;1;2;1
11;4;4300623.0;2021;6;14;2;3;2;7;0;0;1;0;1;0;0;0;0;1;1
11;2;2400521.0;2021;7;17;2;3;3;6;0;0;0;0;1;0;1;0;0;1;2
11;3;3500932.0;2021;7;19;6;3;5;2;0;1;1;0;0;0;0;0;0;1;2
11;4;4400832.0;2021;7;13;6;3;6;7;0;0;1;1;0;0;0;1;0;1;2
11;2;2200210.0;2021;6;9;5;3;0;1;0;0;0;0;1;0;0;0;0;1;1
11;4;4200308.0;2021;6;12;5;3;3;6;0;1;0;0;0;0;1;0;0;1;1
11;10;10200525.0;2021;6;12;2;3;5;3;0;1;1;0;0;0;0;0;0;1;1
11;1;1100310.0;2021;5;13;2;3;3;6;0;1;0;0;0;0;0;0;1;2;1
11;2;2300316.0;2021;6;19;6;3;5;2;0;1;0;0;0;0;0;0;0;1;1
11;10;10100102.0;2021;6;16;5;3;6;4;0;0;1;1;0;0;0;0;0;1;1
11;1;1200522.0;2021;7;6;6;3;5;2;0;1;1;0;0;0;0;1;0;1;2
11;4;4501148.0;2021;6;8;4;3;3;6;0;1;0;0;0;0;1;0;0;1;1
11;6;6400843.0;2021;5;17;6;3;6;4;0;0;1;1;0;0;0;0;1;2;1
11;8;8100419.0;2021;6;19;4;3;5;3;0;1;1;0;0;0;0;0;0;1;1
11;12;12500926.0;2021;7;0;2;3;1;5;2;1;1;0;0;0;0;0;0;1;2
11;1;1200517.0;2021;5;13;3;3;2;6;0;0;1;0;0;0;0;1;1;2;1
11;1;1200520.0;2021;6;12;3;3;1;7;0;0;1;0;0;0;0;0;0;1;1
11;5;5300736.0;2021;7;17;2;3;4;3;0;0;1;0;0;0;0;0;0;1;2
11;5;5100316.0;2021;7;14;3;3;2;7;0;0;1;0;0;0;0;0;0;1;2
11;10;10100312.0;2021;5;21;6;3;0;1;1;0;0;0;1;0;0;1;1;2;1
11;4;4501041.0;2021;6;11;4;3;0;6;0;0;0;0;0;0;1;0;0;1;1
11;1;1100206.0;2021;7;17;7;3;5;2;0;1;1;0;0;0;0;0;0;1;2
11;11;11300620.0;2021;6;13;3;3;5;7;0;0;1;0;0;0;1;0;0;1;1
11;4;4501151.0;2021;6;16;6;3;2;6;0;0;1;0;0;0;0;0;0;1;1
11;4;4200310.0;2021;6;9;3;3;5;3;0;0;1;0;0;0;0;0;0;1;1
11;5;5300840.0;2021;6;4;3;3;0;7;1;0;0;0;1;0;0;1;0;1;1
11;5;5100316.0;2021;6;18;7;3;2;6;0;0;1;0;0;0;0;0;0;1;1
11;4;4501045.0;2021;6;10;6;3;5;2;0;1;1;0;0;0;0;0;0;1;1
11;4;4500936.0;2021;7;15;6;2;0;1;0;0;0;0;1;0;0;0;0;1;2
11;9;9200715.0;2021;6;12;7;3;5;2;0;0;1;0;0;0;0;0;0;1;1
11;10;10200524.0;2021;5;15;3;1;6;4;0;0;0;1;0;0;1;0;1;2;1
11;8;8100311.0;2021;6;16;4;3;0;1;0;1;0;0;0;0;0;1;0;1;1
11;3;3400828.0;2021;7;15;3;3;5;2;0;0;1;0;1;0;0;0;0;1;2
11;10;10400837.0;2021;7;4;4;3;1;5;1;0;1;0;0;0;0;1;0;1;2
11;9;9200715.0;2021;6;14;5;3;2;6;0;0;1;0;1;0;0;0;0;1;1
11;2;2200210.0;2021;5;17;2;3;5;3;0;1;1;0;0;0;0;0;1;2;1