LAND;BEZ;LOR_ab_2021;UJAHR;UMONAT;USTUNDE;UWOCHENTAG;UKATEGORIE;UART;UTYP1;ULICHTVERH;IstRad;IstPKW;IstFuss;IstKrad;IstGkfz;IstSonstige;USTRZUSTAND;LOCKDOWN;COVID;FERIEN
11;5;5200629.0;2021;6;17;4;3;6;4;0;0;0;1;0;0;1;0;0;1;1
11;1;1200519.0;2021;5;21;2;3;2;6;2;0;1;0;1;0;0;1;1;2;1
11;2;2500835.0;2021;6;14;2;2;5;3;0;1;1;0;0;0;0;0;0;1;1
11;3;3100102.0;2021;7;15;2;3;4;6;0;1;0;0;0;0;0;0;0;1;2
11;1;1100310.0;2021;7;22;6;3;2;6;2;0;1;0;0;0;0;1;0;1;2
11;1;1400942.0;2021;6;8;6;3;5;2;0;1;1;0;0;0;0;0;0;1;1
11;8;8301037.0;2021;6;16;5;2;5;2;0;0;1;0;0;0;0;0;0;1;1
11;4;4200308.0;2021;6;11;2;3;2;6;0;0;1;0;0;0;1;0;0;1;1
11;4;4400727.0;2021;6;11;3;2;5;3;0;1;1;0;0;0;0;0;0;1;1
11;3;3500934.0;2021;6;11;6;3;1;5;0;0;1;0;0;0;0;0;0;1;1
11;4;4300620.0;2021;6;8;6;3;5;3;0;1;1;0;0;0;0;0;0;1;1
11;6;6400737.0;2021;7;13;6;3;5;2;0;1;1;0;0;0;0;0;0;1;2
11;3;3300514.0;2021;6;9;3;3;5;2;0;1;0;0;0;0;1;0;0;1;1
11;4;4200308.0;2021;6;13;6;3;0;4;0;0;0;1;1;0;0;0;0;1;1
11;1;1100309.0;2021;6;8;2;3;3;6;0;1;1;0;0;0;0;0;0;1;1
11;7;7601544.0;2021;6;12;4;3;5;2;0;1;1;0;0;0;0;0;0;1;1
11;2;2200210.0;2021;5;17;2;3;6;7;0;1;0;1;0;0;0;0;1;2;1
11;1;1100310.0;2021;6;6;4;3;5;2;0;0;1;0;0;0;1;1;0;1;1
11;12;12200414.0;2021;7;11;3;2;2;6;0;0;1;0;1;0;0;0;0;1;2
11;9;9502043.0;2021;7;11;4;3;6;4;0;0;1;1;0;0;0;1;0;1;2
11;3;3300413.0;2021;6;15;4;3;0;2;0;1;1;0;0;0;0;0;0;1;1
11;8;8100314.0;2021;5;14;7;3;2;6;0;1;1;0;0;0;0;0;1;2;1
11;12;12100204.0;2021;6;14;5;3;5;3;0;0;1;0;0;0;0;0;0;1;1
11;12;12200515.0;2021;6;7;4;2;4;5;0;0;1;0;0;0;0;0;0;1;1
11;7;7400822.0;2021;7;15;7;3;2;6;0;0;1;0;0;0;0;0;0;1;2
11;2;2300418.0;2021;6;4;3;2;3;6;1;1;1;0;0;0;1;0;0;1;1
11;4;4500936.0;2021;6;17;7;3;2;6;0;1;1;0;0;0;0;0;0;1;1
11;7;7400824.0;2021;6;8;4;3;5;3;0;0;1;0;0;0;0;0;0;1;1
11;9;9401534.0;2021;6;17;3;3;5;3;0;1;1;0;0;0;0;0;0;1;1
11;7;7100206.0;2021;6;9;2;3;6;4;0;0;0;1;0;0;1;0;0;1;1
11;2;2500832.0;2021;6;18;1;3;0;1;0;1;0;0;0;0;0;0;0;1;1
11;6;6300631.0;2021;7;12;1;3;1;5;0;0;1;0;0;0;0;0;0;1;2
11;12;12200412.0;2021;6;14;7;3;1;5;0;1;1;0;0;0;0;0;0;1;1
11;1;1100102.0;2021;5;8;4;3;5;3;0;1;1;0;0;0;0;0;1;2;1
11;11;11300721.0;2021;7;15;5;2;4;1;0;0;0;0;1;0;1;1;0;1;2
11;4;4501042.0;2021;7;20;4;3;2;6;0;0;1;0;0;0;0;0;0;1;2
11;10;10300733.0;2021;7;11;5;3;0;1;0;0;1;0;1;0;0;0;0;1;2
11;2;2400624.0;2021;6;15;5;3;5;2;0;0;0;0;1;0;1;0;0;1;1
11;12;12100205.0;2021;5;16;1;3;1;5;0;0;1;0;1;0;0;0;1;2;1
11;3;3400828.0;2021;6;7;6;3;5;2;0;1;1;0;0;0;0;0;0;1;1
11;12;12200515.0;2021;6;12;5;3;6;4;0;0;1;1;0;0;0;0;0;1;1
11;9;9200717.0;2021;6;7;3;3;5;3;0;1;1;0;0;0;0;0;0;1;1
11;3;3400828.0;2021;6;8;2;3;1;7;0;1;1;0;0;0;0;0;0;1;1
11;1;1200628.0;2021;5;21;5;2;5;3;2;1;1;0;0;0;0;0;1;2;1
11;5;5300737.0;2021;6;15;4;3;3;6;0;0;1;0;0;0;1;0;0;1;1
11;2;2500835.0;2021;5;19;1;3;5;2;0;0;1;0;0;0;0;1;1;2;1
11;4;4501152.0;2021;6;10;2;3;3;6;0;1;1;0;0;0;0;0;0;1;1
11;3;3601450.0;2021;7;11;2;3;5;2;0;1;1;0;0;0;0;1;0;1;2
11;2;2100101.0;2021;6;16;5;3;2;7;0;1;1;0;0;0;0;0;0;1;1
11;2;2100102.0;2021;7;18;6;3;5;2;0;0;1;0;1;0;0;0;0;1;2
11;2;2200213.0;2021;7;23;5;3;1;5;2;1;1;0;0;0;0;0;0;1;2
11;3;3500936.0;2021;6;9;6;3;6;4;0;1;0;1;0;0;0;0;0;1;1
11;5;5100316.0;2021;6;21;5;3;6;7;1;1;0;1;0;0;0;0;0;1;1
11;9;9200715.0;2021;6;16;2;3;5;2;0;0;1;0;1;0;0;0;0;1;1
11;11;11400930.0;2021;5;18;2;3;2;6;0;0;0;0;1;0;1;0;1;2;1
11;4;4300412.0;2021;6;19;6;3;1;5;0;0;1;0;1;0;1;0;0;1;1
11;2;2100102.0;2021;6;17;6;3;5;3;0;1;1;0;0;0;0;0;0;1;1
11;6;6300527.0;2021;6;14;3;3;5;2;0;0;1;0;1;0;0;0;0;1;1
11;4;4200310.0;2021;6;14;6;3;5;2;0;0;1;0;1;0;0;0;0;1;1
11;1;1100308.0;2021;5;15;6;3;5;3;0;1;1;0;0;0;0;1;1;2;1
11;2;2200211.0;2021;6;12;4;3;0;7;0;0;1;1;0;0;0;0;0;1;1
11;7;7100205.0;2021;7;17;1;3;5;7;0;0;1;0;0;0;1;0;0;1;2
11;12;12200412.0;2021;5;12;3;2;0;7;0;0;1;0;1;0;0;1;1;2;1
11;1;1100313.0;2021;6;13;3;3;6;4;0;1;0;1;0;0;0;1;0;1;1
11;3;3701556.0;2021;7;16;3;3;3;6;0;1;0;0;0;0;0;0;0;1;2
11;11;11100204.0;2021;7;13;7;3;5;3;0;1;1;0;0;0;0;0;0;1;2
11;9;9200715.0;2021;6;16;2;3;5;2;0;1;1;0;0;0;0;0;0;1;1
11;5;5100211.0;2021;6;7;6;3;6;4;0;0;0;1;0;0;1;0;0;1;1
11;2;2100104.0;2021;6;21;3;3;0;2;1;1;1;0;0;0;0;0;0;1;1
11;4;4500936.0;2021;6;8;3;2;0;1;0;1;0;0;0;0;0;0;0;1;1
11;2;2300314.0;2021;6;0;7;3;4;6;2;0;1;0;0;0;0;0;0;1;1
11;3;3601142.0;2021;6;15;7;3;5;3;0;1;1;0;0;0;0;0;0;1;1
11;4;4100101.0;2021;7;16;6;3;5;2;0;0;1;0;0;0;1;0;0;1;2
11;2;2100102.0;2021;6;15;4;2;5;2;0;0;1;0;1;0;0;0;0;1;1
11;4;4501148.0;2021;6;13;6;3;5;7;0;0;0;0;1;0;1;0;0;1;1
11;9;9100407.0;2021;6;8;2;3;5;3;0;0;1;0;0;0;0;0;0;1;1
11;7;7200411.0;2021;5;16;4;3;0;6;0;0;1;0;0;0;1;0;1;2;1
11;3;3601346.0;2021;6;9;4;3;5;2;0;1;0;0;0;0;1;1;0;1;1
11;1;1400938.0;2021;7;15;2;2;5;3;0;0;1;0;0;0;1;0;0;1;2
11;4;4300620.0;2021;7;20;4;3;2;2;0;0;1;0;1;0;0;0;0;1;2
11;3;3701555.0;2021;6;14;4;3;4;6;0;1;0;0;1;0;0;0;0;1;1
11;2;2500833.0;2021;6;20;3;2;0;1;0;1;0;0;0;0;0;0;0;1;1
11;12;12200309.0;2021;6;17;6;3;6;4;0;1;0;1;0;0;0;0;0;1;1
11;2;2400521.0;2021;6;18;2;3;2;6;0;0;1;0;0;0;0;0;0;1;1
11;12;12200310.0;2021;5;21;5;3;5;3;1;0;1;0;0;0;0;1;1;2;1
11;12;12200309.0;2021;6;17;4;3;5;2;0;1;1;0;0;0;0;0;0;1;1
11;7;7300619.0;2021;7;14;1;3;2;6;0;0;1;0;0;0;0;0;0;1;2
11;11;11200411.0;2021;5;18;1;2;5;2;0;1;0;0;0;0;1;0;1;2;1
11;6;6400843.0;2021;6;15;3;3;1;5;0;1;1;0;0;0;0;0;0;1;1
11;7;7601442.0;2021;7;16;3;3;2;6;0;0;1;0;0;0;0;0;0;1;2
11;10;10400940.0;2021;7;14;6;3;0;2;0;0;1;0;1;0;0;0;0;1;2
11;5;5200528.0;2021;6;11;2;3;5;3;0;1;1;0;0;0;0;0;0;1;1
11;2;2200210.0;2021;6;21;6;3;0;3;0;1;1;0;0;0;0;0;0;1;1
11;3;3500936.0;2021;6;19;5;3;5;3;0;1;1;0;0;0;0;0;0;1;1
11;1;1300730.0;2021;6;19;3;3;5;7;0;0;1;0;1;0;0;0;0;1;1
11;1;1100308.0;2021;6;12;3;2;3;6;0;1;1;0;0;0;0;0;0;1;1
11;11;11401137.0;2021;6;15;1;3;1;5;0;0;1;0;0;0;0;0;0;1;1
11;1;1100309.0;2021;6;20;7;3;0;6;1;1;1;0;0;0;0;0;0;1;1
11;1;1401048.0;2021;7;18;7;3;6;7;0;1;0;1;0;0;0;0;0;1;2
11;7;7100101.0;2021;6;9;4;3;1;5;0;0;1;0;0;0;1;0;0;1;1
11;11;11200512.0;2021;6;14;6;3;5;2;0;1;0;0;0;0;1;0;0;1;1
11;2;2100102.0;2021;6;8;4;3;5;2;0;1;1;0;0;0;0;0;0;1;1
11;4;4501042.0;2021;5;14;3;3;5;7;0;1;1;0;0;0;0;1;1;2;1
11;10;10400938.0;2021;6;10;4;3;2;2;0;0;0;0;0;1;1;1;0;1;1
11;10;10300731.0;2021;7;9;2;3;5;3;0;0;1;0;0;0;0;0;0;1;2
11;6;6300524.0;2021;7;18;4;3;5;3;0;1;0;0;0;0;0;0;0;1;2
11;1;1100102.0;2021;6;14;4;3;5;3;0;1;1;0;0;0;0;0;0;1;1
11;3;3100103.0;2021;5;11;7;3;5;3;0;1;1;0;0;0;0;0;1;2;1
11;4;4501045.0;2021;6;9;5;2;6;4;0;0;1;1;0;0;0;0;0;1;1
11;12;12200412.0;2021;6;15;4;3;5;2;0;0;1;0;0;0;1;0;0;1;1
11;2;2500726.0;2021;6;17;3;3;2;2;0;1;1;0;0;0;0;0;0;1;1
11;11;11401034.0;2021;6;14;7;3;5;3;0;1;1;0;0;0;0;0;0;1;1
11;4;4200311.0;2021;6;15;3;3;0;1;0;0;0;0;1;0;0;0;0;1;1
11;10;10200420.0;2021;6;12;4;3;5;3;0;1;1;0;0;0;0;0;0;1;1
11;11;11200514.0;2021;6;8;2;3;0;1;0;1;0;0;0;0;0;0;0;1;1
11;4;4300518.0;2021;6;2;1;3;5;3;2;0;1;0;0;0;0;0;0;1;1
11;10;10100102.0;2021;7;12;7;3;5;2;0;1;1;0;0;0;0;0;0;1;2
11;3;3500936.0;2021;6;17;1;3;2;7;0;0;1;0;1;0;0;0;0;1;1
11;8;8100206.0;2021;6;11;1;3;6;4;0;0;1;1;0;0;0;0;0;1;1
11;8;8100103.0;2021;5;21;4;3;2;6;2;0;1;0;0;0;0;0;1;2;1
11;4;4501045.0;2021;7;14;5;3;0;7;0;1;0;0;0;0;0;1;0;1;2
11;9;9501939.0;2021;7;7;3;2;5;2;0;1;1;0;0;0;0;0;0;1;2
11;10;10400939.0;2021;7;15;5;3;5;3;0;0;1;0;0;0;0;0;0;1;2
11;1;1200517.0;2021;6;9;5;2;0;1;0;1;0;0;0;0;0;0;0;1;1
11;8;8100207.0;2021;5;16;2;3;2;6;0;0;1;0;1;0;0;0;1;2;1
11;12;12500928.0;2021;6;7;6;3;2;6;0;0;1;0;1;0;0;0;0;1;1
11;8;8100102.0;2021;6;13;5;3;1;5;0;1;1;0;0;0;0;1;0;1;1
11;12;12200515.0;2021;6;12;3;3;5;3;0;0;1;0;0;0;0;0;0;1;1
11;1;1200628.0;2021;6;19;2;3;5;2;0;1;1;0;0;0;0;0;0;1;1
11;10;11300721.0;2021;5;12;5;3;2;6;0;0;1;0;0;0;1;0;1;2;1
11;9;9300920.0;2021;6;11;4;2;5;2;0;1;1;0;0;0;0;0;0;1;1
11;4;4200308.0;2021;5;12;2;3;3;6;0;0;1;0;0;0;0;0;1;2;1
11;3;3601142.0;2021;6;17;3;3;0;2;0;1;1;0;0;0;0;1;0;1;1
11;4;4501041.0;2021;7;9;2;3;0;5;0;0;1;0;0;0;1;1;0;1;2
11;8;8100520.0;2021;6;15;5;3;5;3;0;1;1;0;0;0;0;0;0;1;1
11;6;6200421.0;2021;7;17;6;3;3;6;0;0;1;0;0;0;1;0;0;1;2
11;1;1401045.0;2021;7;12;6;3;5;2;0;0;1;0;0;0;0;1;0;1;2
11;3;3601449.0;2021;6;21;5;3;1;5;2;0;1;0;0;0;1;0;0;1;1
11;3;3601348.0;2021;6;18;4;3;5;3;0;1;1;0;0;0;0;0;0;1;1
11;12;12200412.0;2021;6;14;2;3;5;2;0;0;1;0;0;0;1;0;0;1;1
11;1;1100308.0;2021;5;8;2;3;6;4;0;0;1;1;0;0;0;0;1;2;1
11;7;7300619.0;2021;6;16;6;3;6;2;1;0;1;1;0;0;0;0;0;1;1
11;6;6200314.0;2021;6;5;6;2;0;3;1;0;1;0;1;0;0;0;0;1;1
11;10;10200417.0;2021;6;14;3;3;5;2;0;1;1;0;0;0;0;0;0;1;1
11;11;11200410.0;2021;6;16;6;3;5;7;0;0;1;0;0;0;1;0;0;1;1
11;1;1300733.0;2021;5;16;6;3;2;6;0;0;1;0;0;0;0;1;1;2;1
11;9;9200819.0;2021;6;14;4;3;2;6;0;0;1;0;0;0;0;0;0;1;1
11;2;2200210.0;2021;7;16;1;3;5;3;0;0;0;0;0;0;1;0;0;1;2
11;9;9200715.0;2021;5;19;3;2;5;3;1;0;1;0;0;0;0;0;1;2;1
11;2;2500830.0;2021;6;9;3;3;0;1;0;1;0;0;0;0;0;0;0;1;1
11;1;1300733.0;2021;7;11;2;3;1;5;0;1;1;0;0;0;0;0;0;1;2
11;8;8100520.0;2021;7;5;3;3;0;7;0;0;0;0;1;0;0;1;0;1;2
11;2;2400521.0;2021;7;9;7;2;0;1;0;0;0;0;1;0;0;1;0;1;2
11;3;3500934.0;2021;6;15;3;3;0;2;0;1;1;0;0;0;0;0;0;1;1
11;11;11300721.0;2021;6;10;7;3;2;6;0;0;1;0;0;0;1;0;0;1;1
11;6;6200421.0;2021;6;15;2;3;2;6;0;0;1;0;0;0;0;0;0;1;1
11;7;7100102.0;2021;6;14;3;3;6;4;0;0;1;1;0;0;0;0;0;1;1
11;9;9200510.0;2021;6;18;1;3;5;2;0;1;1;0;0;0;0;0;0;1;1
11;4;4200308.0;2021;6;10;6;3;6;4;0;0;1;1;0;0;0;0;0;1;1
11;7;7601546.0;2021;7;18;7;3;0;6;0;1;0;0;0;0;1;0;0;1;2
11;7;7601341.0;2021;6;16;6;3;2;6;0;0;1;0;1;0;0;0;0;1;1
11;2;2500833.0;2021;5;13;4;3;1;5;0;1;1;0;0;0;0;0;1;2;1
11;6;6200421.0;2021;6;16;4;3;2;6;0;0;1;0;0;0;0;1;0;1;1
11;1;1100310.0;2021;7;6;3;3;2;2;0;0;1;0;0;0;1;0;0;1;2
11;1;1300836.0;2021;7;18;4;3;2;7;0;0;1;0;1;0;0;0;0;1;2
11;9;9501941.0;2021;6;9;4;3;0;3;0;1;0;0;0;1;0;0;0;1;1
11;10;10100311.0;2021;5;6;6;3;5;2;0;1;0;0;0;1;0;0;1;2;1
11;3;3200308.0;2021;6;15;5;3;1;5;0;0;1;0;1;0;0;0;0;1;1
11;4;4200310.0;2021;6;12;4;3;6;4;0;0;1;1;0;0;0;0;0;1;1
11;1;1100104.0;2021;6;19;4;3;2;6;0;0;1;0;0;0;0;0;0;1;1
11;8;8100310.0;2021;6;20;1;3;4;6;1;1;0;0;0;0;1;0;0;1;1
11;2;2100106.0;2021;6;13;3;3;6;7;0;0;1;1;0;0;0;0;0;1;1
11;8;8200725.0;2021;6;12;3;3;0;1;0;1;0;0;0;0;0;0;0;1;1
11;1;1100415.0;2021;6;19;2;3;6;7;0;0;0;1;0;0;1;0;0;1;1
11;4;4300518.0;2021;7;20;1;2;0;7;0;1;0;0;0;0;0;0;0;1;2
11;11;11501238.0;2021;6;19;7;3;2;6;0;0;1;0;0;0;0;0;0;1;1
11;6;6100208.0;2021;7;9;5;3;5;3;0;1;1;0;0;0;0;1;0;1;2
11;1;1100416.0;2021;7;18;5;3;1;5;0;1;1;0;0;0;0;1;0;1;2
11;7;7400822.0;2021;6;1;5;3;1;3;2;1;1;0;0;0;0;0;0;1;1
11;3;3400827.0;2021;5;16;1;2;5;3;0;1;1;0;0;0;0;0;1;2;1
11;6;6400841.0;2021;6;10;6;3;5;2;0;1;1;0;0;0;0;0;0;1;1
11;10;10200630.0;2021;6;5;4;3;8;1;0;0;1;0;0;0;0;0;0;1;1
11;11;11401136.0;2021;6;17;3;2;5;3;0;0;1;0;0;0;1;0;0;1;1
11;2;2200208.0;2021;6;8;2;3;4;6;0;1;0;0;0;0;1;0;0;1;1
11;11;11401137.0;2021;5;18;7;3;2;6;0;0;1;0;1;0;1;0;1;2;1
11;4;4501153.0;2021;6;14;5;3;2;6;0;0;1;0;0;0;0;0;0;1;1
11;11;11401137.0;2021;6;15;4;3;2;6;0;0;1;0;0;0;0;0;0;1;1
11;1;1100313.0;2021;6;19;3;3;1;5;0;1;0;0;1;0;0;0;0;1;1
11;3;3200204.0;2021;6;20;7;3;0;1;0;0;0;0;1;0;0;0;0;1;1
11;4;4300624.0;2021;6;14;3;2;4;6;0;0;0;0;0;0;1;0;0;1;1
11;4;4501152.0;2021;6;18;3;3;5;2;0;1;0;0;0;0;1;0;0;1;1
11;1;1100206.0;2021;6;10;2;3;5;2;0;1;1;0;0;0;0;0;0;1;1
11;9;9501737.0;2021;6;12;7;3;8;1;0;0;1;0;0;0;0;0;0;1;1
11;8;8100206.0;2021;7;22;7;3;2;6;2;1;1;0;0;0;0;0;0;1;2
11;4;4300517.0;2021;6;19;1;2;0;7;1;1;0;0;0;0;0;0;0;1;1
11;6;6400735.0;2021;6;11;1;2;0;2;0;0;1;0;1;0;0;0;0;1;1
11;6;6100103.0;2021;7;6;5;3;0;1;0;0;0;0;1;0;0;1;0;1;2
11;2;2500833.0;2021;7;15;3;3;0;1;0;1;0;0;0;0;0;0;0;1;2
11;9;9100304.0;2021;7;9;5;3;3;6;0;0;1;0;0;1;0;0;0;1;2
11;2;2100101.0;2021;6;15;5;3;2;6;0;0;1;0;0;0;0;0;0;1;1
11;4;4501042.0;2021;5;1;2;3;0;6;2;0;1;0;0;0;1;0;1;2;1
11;7;7200307.0;2021;6;12;6;3;5;2;0;1;1;0;0;0;0;0;0;1;1
11;2;2300314.0;2021;6;20;4;3;5;3;0;1;1;0;0;0;0;0;0;1;1
11;2;2200213.0;2021;6;8;3;3;5;3;0;1;1;0;0;0;0;0;0;1;1
11;2;2200207.0;2021;6;6;1;3;0;1;0;0;0;0;1;0;0;0;0;1;1
11;8;8100415.0;2021;5;15;5;3;6;7;0;0;1;1;0;0;0;1;1;2;1
11;7;7300619.0;2021;6;17;4;3;1;5;0;1;1;0;0;0;0;0;0;1;1
11;6;6200312.0;2021;5;17;1;2;5;2;0;1;0;0;1;0;0;0;1;2;1
11;2;2100106.0;2021;6;14;2;3;6;4;0;0;0;1;1;0;0;0;0;1;1
11;4;4500939.0;2021;7;22;2;3;0;1;2;1;0;0;0;0;0;0;0;1;2
11;1;1100102.0;2021;7;17;6;3;5;3;0;1;1;0;0;0;0;0;0;1;2
11;1;1100207.0;2021;7;9;6;3;5;3;0;1;1;0;0;0;0;1;0;1;2
11;3;3601450.0;2021;6;8;5;3;0;1;0;1;0;0;0;0;0;0;0;1;1
11;1;1100310.0;2021;6;19;5;3;5;3;0;1;0;0;0;0;0;0;0;1;1
11;9;9501737.0;2021;6;19;2;3;2;6;0;0;1;0;0;0;1;0;0;1;1
11;7;7601339.0;2021;5;12;2;3;0;3;0;0;1;0;1;0;0;0;1;2;1
11;2;2200213.0;2021;6;16;6;3;6;4;0;0;1;1;0;0;0;0;0;1;1
11;1;1401047.0;2021;6;15;6;3;5;2;0;1;1;0;0;0;0;0;0;1;1
11;8;8100102.0;2021;7;6;6;3;5;3;0;0;1;0;0;0;0;1;0;1;2
11;6;6400843.0;2021;6;13;3;3;5;3;0;0;1;0;0;0;0;0;0;1;1
11;8;8100521.0;2021;5;13;6;2;5;3;0;0;1;0;0;0;0;1;1;2;1
11;6;6100103.0;2021;6;17;4;2;4;6;0;0;1;0;0;0;0;0;0;1;1
11;5;5100211.0;2021;7;20;1;2;5;7;0;0;1;0;0;0;0;0;0;1;2
11;7;7501029.0;2021;5;11;3;3;1;2;0;0;1;0;0;0;1;0;1;2;1
11;12;12500927.0;2021;6;15;3;3;1;5;0;0;1;0;0;0;1;0;0;1;1
11;4;4500938.0;2021;7;18;2;3;6;7;0;0;1;1;0;0;0;0;0;1;2
11;3;3400619.0;2021;7;13;3;3;1;5;0;0;1;0;1;0;0;0;0;1;2
11;1;1401044.0;2021;5;16;6;3;1;7;0;1;1;0;0;0;0;1;1;2;1
11;12;12200412.0;2021;6;14;4;3;5;2;0;1;1;0;0;0;0;0;0;1;1
11;3;3500934.0;2021;7;8;7;3;2;6;0;1;1;0;0;0;0;1;0;1;2
11;1;1100415.0;2021;6;15;2;3;2;6;0;1;1;0;0;0;0;0;0;1;1
11;4;4501153.0;2021;6;22;6;3;5;2;1;1;1;0;0;0;0;0;0;1;1
11;5;5100104.0;2021;6;9;3;3;5;3;0;0;1;0;1;0;0;0;0;1;1
11;4;4100101.0;2021;6;17;3;2;0;7;0;0;1;0;0;0;0;0;0;1;1
11;4;4501042.0;2021;6;16;2;3;5;5;0;1;1;0;0;0;0;0;0;1;1
11;3;3400620.0;2021;6;20;7;2;1;1;0;0;1;0;1;0;0;0;0;1;1
11;2;2100105.0;2021;7;15;7;3;5;3;0;0;1;0;0;0;1;0;0;1;2
11;2;2400623.0;2021;6;11;7;3;0;1;0;1;0;0;0;0;0;0;0;1;1
11;3;3701660.0;2021;5;9;4;3;1;5;0;1;1;0;0;0;0;0;1;2;1
11;1;1300733.0;2021;6;14;4;3;2;6;0;0;1;0;0;1;0;1;0;1;1
11;1;1300732.0;2021;7;18;3;3;5;7;0;0;1;0;1;0;0;0;0;1;2
11;1;1100312.0;2021;7;8;4;3;5;3;0;0;1;0;0;0;1;1;0;1;2
11;8;8100415.0;2021;6;0;4;2;5;3;2;1;0;0;1;0;0;0;0;1;1
11;3;3501037.0;2021;5;11;6;3;5;3;0;0;1;0;0;0;1;0;1;2;1
11;7;7200307.0;2021;6;15;5;3;3;6;0;1;1;0;0;0;0;0;0;1;1
11;9;9200717.0;2021;6;7;5;3;5;3;0;0;1;0;0;0;0;1;0;1;1
11;4;4300619.0;2021;6;12;3;3;5;3;0;0;1;0;0;0;0;0;0;1;1
11;4;4400835.0;2021;6;20;1;3;1;5;0;1;1;0;0;0;0;0;0;1;1
11;2;2300417.0;2021;6;13;3;3;0;5;0;0;1;0;0;0;1;0;0;1;1
11;8;8100415.0;2021;6;9;4;3;6;4;0;1;0;1;0;0;0;0;0;1;1
11;7;7601442.0;2021;6;10;2;3;6;4;0;0;1;1;0;0;0;0;0;1;1
11;2;2200208.0;2021;7;10;1;3;6;7;0;0;1;1;0;0;0;0;0;1;2
11;4;4100101.0;2021;6;10;1;3;5;2;0;1;1;0;0;0;0;0;0;1;1
11;5;5100105.0;2021;7;12;5;3;0;3;0;0;1;0;1;0;0;1;0;1;2
11;1;1100102.0;2021;7;10;5;3;1;5;0;1;0;0;0;1;0;0;0;1;2
11;8;8100521.0;2021;6;16;5;3;5;3;0;0;1;0;0;0;0;0;0;1;1
11;4;4300517.0;2021;5;6;2;3;0;1;0;0;0;0;1;0;0;0;1;2;1
11;12;12400618.0;2021;6;14;6;2;5;3;0;0;1;0;0;0;1;0;0;1;1
11;12;12601235.0;2021;6;16;5;3;3;6;0;0;1;0;0;0;1;0;0;1;1
11;5;5400943.0;2021;6;8;3;3;2;2;0;1;1;0;0;0;0;0;0;1;1
11;5;5300841.0;2021;6;18;2;3;2;6;0;0;1;0;1;0;0;0;0;1;1
11;11;11501340.0;2021;6;12;2;3;4;5;0;1;1;0;0;0;0;0;0;1;1
11;2;2100101.0;2021;5;14;5;3;2;6;0;0;1;0;0;0;0;1;1;2;1
11;11;11400929.0;2021;6;9;4;3;5;3;0;1;1;0;0;0;0;0;0;1;1
11;9;9200613.0;2021;5;19;1;3;5;2;0;1;1;0;0;0;0;0;1;2;1
11;8;8100415.0;2021;6;14;2;3;3;2;0;1;0;0;0;0;1;0;0;1;1
11;11;11401136.0;2021;7;19;2;2;6;2;0;0;1;1;0;0;0;0;0;1;2
11;11;11200411.0;2021;7;6;6;2;5;3;0;1;1;0;0;0;0;1;0;1;2
11;9;9401534.0;2021;6;11;6;3;0;7;0;1;0;0;0;0;0;0;0;1;1
11;9;9300920.0;2021;6;12;5;3;0;2;0;1;1;0;0;0;0;0;0;1;1
11;1;1200519.0;2021;6;23;2;3;2;6;2;1;1;0;0;0;0;0;0;1;1
11;8;8200624.0;2021;5;17;2;3;5;7;0;0;1;0;0;0;0;0;1;2;1
11;3;3601243.0;2021;6;21;6;3;2;6;1;1;1;0;0;0;0;0;0;1;1
11;6;6400735.0;2021;6;13;7;2;2;6;0;1;0;0;0;0;0;0;0;1;1
11;3;3701554.0;2021;7;0;7;2;3;6;2;1;1;0;0;0;0;0;0;1;2
11;1;1100205.0;2021;6;16;4;3;5;2;0;0;1;0;1;0;0;0;0;1;1
11;1;1400940.0;2021;6;19;6;2;3;6;0;1;1;0;0;0;0;0;0;1;1
11;12;12200310.0;2021;6;7;2;3;5;3;0;0;1;0;0;0;0;0;0;1;1
11;1;1100309.0;2021;5;7;6;2;5;2;0;1;1;0;0;0;0;1;1;2;1
11;3;3601245.0;2021;6;11;4;3;6;2;0;0;0;1;1;0;0;0;0;1;1
11;9;9401329.0;2021;7;10;1;3;5;3;0;0;1;0;0;0;0;0;0;1;2
11;10;10100205.0;2021;5;6;3;3;0;3;0;0;0;0;1;0;1;1;1;2;1
11;6;6200422.0;2021;6;18;3;3;5;3;0;1;1;0;0;0;0;0;0;1;1
11;6;6200422.0;2021;7;9;3;3;5;3;0;1;1;0;0;0;0;0;0;1;2
11;7;7100103.0;2021;7;14;3;3;0;4;0;1;0;1;0;0;0;0;0;1;2
11;8;8100105.0;2021;5;11;7;3;4;6;0;1;0;0;0;0;1;0;1;2;1
11;5;5100316.0;2021;6;13;5;3;0;6;0;0;1;0;0;0;1;0;0;1;1
11;4;4300415.0;2021;6;19;4;3;6;4;0;1;0;1;0;0;0;0;0;1;1
11;3;3601142.0;2021;4;18;3;3;5;3;0;0;1;0;0;0;0;0;1;2;1
11;5;5100209.0;2021;3;17;2;2;5;3;0;1;1;0;0;0;0;0;0;2;0
11;12;12601134.0;2021;4;16;5;3;0;7;0;0;0;0;0;0;1;0;1;2;1
11;4;4400830.0;2021;5;14;3;3;1;5;0;0;1;0;0;0;0;0;1;2;1
11;3;3701555.0;2021;5;19;3;3;1;5;0;1;1;0;0;0;0;0;1;2;1
11;7;7501029.0;2021;4;11;5;2;6;4;0;0;1;1;0;0;0;0;1;2;1
11;7;7400823.0;2021;5;10;7;3;3;6;0;0;1;0;1;0;0;0;1;2;1