LAND;BEZ;LOR_ab_2021;UJAHR;UMONAT;USTUNDE;UWOCHENTAG;UKATEGORIE;UART;UTYP1;ULICHTVERH;IstRad;IstPKW;IstFuss;IstKrad;IstGkfz;IstSonstige;USTRZUSTAND;LOCKDOWN;COVID;FERIEN
11;11;11501341.0;2021;4;13;4;2;0;7;0;0;1;0;0;0;0;0;1;2;1
11;2;2200209.0;2021;3;18;3;3;5;2;0;1;1;0;0;0;0;0;0;2;0
11;6;6300629.0;2021;4;13;6;2;2;6;0;0;1;0;1;0;0;0;1;2;1
11;1;1300732.0;2021;3;11;7;3;2;6;0;0;1;0;0;0;0;1;0;2;0
11;1;1100310.0;2021;5;10;2;3;2;6;0;0;1;0;0;0;0;0;1;2;1
11;2;2200210.0;2021;5;17;5;3;5;2;0;1;1;0;0;0;0;1;1;2;1
11;12;12200412.0;2021;5;19;4;3;5;7;0;0;1;0;0;1;1;0;1;2;1
11;1;1100207.0;2021;4;18;6;3;5;3;0;0;1;0;0;0;0;0;1;2;1
11;6;6400844.0;2021;5;14;7;3;5;3;0;0;1;0;0;0;0;0;1;2;1
11;4;4300623.0;2021;4;13;4;2;5;5;0;0;1;0;1;0;0;0;1;2;1
11;7;7601544.0;2021;3;12;4;3;1;5;0;0;1;0;0;0;1;0;0;2;0
11;2;2400625.0;2021;4;13;5;3;5;3;0;1;1;0;0;0;0;0;1;2;1
11;3;3601142.0;2021;5;9;7;3;5;2;0;1;1;0;0;0;0;0;1;2;1
11;11;11300620.0;2021;5;18;7;3;5;3;0;0;1;0;0;0;0;1;1;2;1
11;4;4200310.0;2021;4;12;2;3;6;4;0;0;0;1;0;1;0;0;1;2;1
11;5;5200630.0;2021;5;17;3;2;6;2;0;0;1;1;0;0;0;0;1;2;1
11;1;1200522.0;2021;5;23;6;3;0;2;2;1;1;0;0;0;0;0;1;2;1
11;11;11501340.0;2021;5;17;4;3;0;3;0;0;1;0;0;0;1;0;1;2;1
11;1;1300835.0;2021;4;20;4;3;0;1;2;0;0;0;1;0;0;0;1;2;1
11;12;12200411.0;2021;4;18;1;3;2;6;0;0;1;0;0;0;0;1;1;2;1
11;1;1100206.0;2021;3;14;4;3;0;1;0;1;0;0;0;0;0;0;0;2;0
11;2;2300419.0;2021;5;11;3;3;1;5;0;1;0;0;0;1;0;0;1;2;1
11;5;5200526.0;2021;3;11;1;2;6;4;0;0;1;1;0;0;0;0;0;2;0
11;8;8100208.0;2021;4;12;5;3;3;6;0;0;1;0;1;0;0;0;1;2;1
11;3;3100101.0;2021;3;8;5;3;5;2;0;0;1;0;0;0;1;0;0;2;0
11;4;4501043.0;2021;5;8;3;3;3;6;0;0;1;0;1;0;0;0;1;2;1
11;12;12500824.0;2021;4;10;2;3;5;2;0;1;0;0;0;0;1;0;1;2;1
11;1;1100101.0;2021;5;8;2;3;5;2;0;0;0;0;0;0;1;0;1;2;1
11;4;4400726.0;2021;4;19;4;2;5;2;0;1;1;0;0;0;0;0;1;2;1
11;3;3400721.0;2021;5;13;7;3;6;7;0;1;0;1;0;0;0;0;1;2;1
11;3;3601347.0;2021;5;13;5;3;5;3;0;0;1;0;0;0;0;0;1;2;1
11;12;12400722.0;2021;4;11;3;3;6;7;0;1;0;1;0;0;0;0;1;2;1
11;4;4200311.0;2021;4;14;6;3;5;2;0;0;1;0;0;0;0;0;1;2;1
11;6;6400839.0;2021;4;13;4;3;5;3;0;0;1;0;0;0;0;0;1;2;1
11;4;4200308.0;2021;5;13;4;3;2;6;0;0;1;0;1;0;0;0;1;2;1
11;2;2500728.0;2021;4;13;3;3;6;4;0;0;1;1;0;0;0;0;1;2;1
11;1;1200625.0;2021;3;15;3;3;2;7;0;0;1;0;0;0;1;0;0;2;0
11;2;2200211.0;2021;4;16;5;3;5;3;0;1;0;0;0;0;0;0;1;2;1
11;12;12601235.0;2021;3;17;7;3;6;4;0;0;1;1;0;0;0;0;0;2;0
11;11;11501238.0;2021;5;16;4;3;2;6;0;0;1;0;0;0;0;0;1;2;1
11;3;3500934.0;2021;5;15;3;3;6;2;0;0;1;1;0;0;0;0;1;2;1
11;2;2200212.0;2021;4;6;6;3;6;4;0;1;0;1;0;0;0;0;1;2;1
11;6;6400843.0;2021;4;7;3;2;5;3;0;1;1;0;0;0;0;0;1;2;1
11;8;8401242.0;2021;5;7;7;3;5;3;0;0;1;0;0;0;0;1;1;2;1
11;1;1400942.0;2021;4;10;4;3;5;7;0;1;1;0;0;0;0;0;1;2;1
11;1;1100309.0;2021;3;18;2;3;0;7;0;1;0;0;0;0;0;0;0;2;0
11;12;12100205.0;2021;4;10;5;3;5;3;0;0;1;0;0;0;0;1;1;2;1
11;9;9502043.0;2021;5;13;7;2;5;2;0;1;1;0;0;0;0;0;1;2;1
11;7;7601546.0;2021;5;14;6;3;5;3;0;0;1;0;0;0;1;0;1;2;1
11;4;4400727.0;2021;4;17;1;3;1;5;0;1;1;0;0;0;0;1;1;2;1
11;1;1401047.0;2021;4;11;6;3;5;2;0;0;1;0;0;0;0;0;1;2;1
11;7;7400721.0;2021;5;9;5;3;0;6;0;0;1;0;1;0;0;1;1;2;1
11;11;11200515.0;2021;4;17;3;3;5;3;0;0;1;0;1;0;0;0;1;2;1
11;3;3100101.0;2021;3;11;3;3;0;5;0;0;1;0;0;0;0;0;0;2;0
11;7;7501029.0;2021;4;9;6;3;5;3;0;0;1;0;0;0;1;0;1;2;1
11;5;5100207.0;2021;3;17;6;3;6;7;0;0;0;1;0;0;1;0;0;2;0
11;1;1100312.0;2021;5;18;4;3;5;3;0;1;1;0;0;0;0;1;1;2;1
11;9;9301126.0;2021;5;17;3;3;5;3;0;1;1;0;0;0;0;0;1;2;1
11;4;4500937.0;2021;4;11;6;3;0;4;0;0;0;1;0;0;1;0;1;2;1
11;10;10100209.0;2021;4;14;3;2;6;4;0;0;1;1;0;0;0;0;1;2;1
11;12;12200412.0;2021;5;17;6;3;2;6;0;0;1;0;1;0;0;0;1;2;1
11;6;6100209.0;2021;4;13;3;3;5;7;0;0;1;0;1;0;0;0;1;2;1
11;5;5200528.0;2021;3;16;2;3;2;2;0;0;1;0;0;0;0;0;0;2;0
11;7;7100101.0;2021;4;12;5;3;5;2;0;1;1;0;0;0;0;0;1;2;1
11;11;11400929.0;2021;5;18;6;3;1;5;0;1;1;0;0;0;0;0;1;2;1
11;4;4300415.0;2021;3;17;4;3;5;2;0;1;0;0;0;0;1;0;0;2;0
11;1;1300836.0;2021;4;18;6;3;0;5;0;0;1;0;0;0;1;0;1;2;1
11;2;2500831.0;2021;3;16;7;3;6;4;0;0;1;1;0;0;0;0;0;2;0
11;7;7400822.0;2021;5;19;2;3;5;3;0;1;1;0;0;0;0;0;1;2;1
11;1;1100308.0;2021;5;19;5;3;5;7;0;0;1;0;0;0;0;0;1;2;1
11;7;7601544.0;2021;5;21;4;3;1;5;1;1;1;0;0;0;0;0;1;2;1
11;5;5200630.0;2021;4;15;6;3;2;6;0;0;1;0;0;0;0;0;1;2;1
11;11;11400929.0;2021;5;22;7;3;5;7;2;1;1;0;0;0;0;0;1;2;1
11;11;11501339.0;2021;4;13;4;3;5;2;0;1;1;0;0;0;0;0;1;2;1
11;3;3601141.0;2021;3;23;4;3;5;3;2;1;1;0;0;0;0;0;0;2;0
11;6;6100205.0;2021;4;12;7;3;1;5;0;0;1;0;0;0;1;0;1;2;1
11;7;7400823.0;2021;5;17;1;3;5;2;0;1;1;0;0;0;0;0;1;2;1
11;3;3701556.0;2021;5;22;7;3;5;3;2;0;1;0;0;0;1;0;1;2;1
11;8;8401244.0;2021;4;8;3;3;2;2;0;0;1;0;0;0;0;0;1;2;1
11;9;9200510.0;2021;5;6;3;3;0;1;1;0;0;0;1;0;0;0;1;2;1
11;1;1200518.0;2021;5;10;6;3;5;7;0;0;1;0;1;0;0;1;1;2;1
11;1;1100310.0;2021;4;8;4;3;5;2;0;1;0;0;0;1;0;0;1;2;1
11;5;5400943.0;2021;5;10;5;3;3;6;0;1;0;0;0;0;0;0;1;2;1
11;6;6300631.0;2021;4;8;2;3;6;4;0;0;1;1;0;0;0;0;1;2;1
11;2;2500835.0;2021;4;12;5;3;2;6;0;1;1;0;0;0;0;0;1;2;1
11;8;8100102.0;2021;5;19;4;3;1;5;0;1;1;0;0;0;0;1;1;2;1
11;1;1100311.0;2021;4;18;3;3;3;6;0;0;1;0;0;0;0;0;1;2;1
11;2;2100103.0;2021;3;14;2;3;3;6;0;1;1;0;0;0;0;0;0;2;0
11;8;8100313.0;2021;4;15;5;3;1;7;0;0;1;0;0;0;0;0;1;2;1
11;5;5200629.0;2021;3;12;5;2;6;4;0;1;0;1;0;0;0;0;0;2;0
11;1;1401045.0;2021;5;15;2;3;0;4;0;0;0;1;1;0;0;0;1;2;1
11;8;8300934.0;2021;4;10;2;3;5;3;0;0;1;0;0;0;0;1;1;2;1
11;7;7200414.0;2021;5;19;2;3;1;5;0;1;0;0;0;0;1;1;1;2;1
11;1;1100415.0;2021;4;20;4;3;4;6;1;1;0;0;0;0;1;0;1;2;1
11;2;2400521.0;2021;5;16;7;3;5;3;0;0;1;0;0;0;0;0;1;2;1
11;4;4200308.0;2021;4;19;1;3;5;2;0;0;1;0;0;0;0;0;1;2;1
11;4;4500937.0;2021;5;11;6;3;0;1;0;1;0;0;0;0;0;0;1;2;1
11;7;7100103.0;2021;4;15;2;3;1;5;0;0;1;0;1;0;0;0;1;2;1
11;6;6400844.0;2021;4;14;6;3;2;6;0;0;1;0;0;0;0;0;1;2;1
11;1;1200517.0;2021;4;7;3;2;5;3;0;0;1;0;1;0;0;1;1;2;1
11;7;7601340.0;2021;5;11;4;3;2;6;1;0;1;0;0;0;0;0;1;2;1
11;6;6200313.0;2021;4;9;4;3;2;6;0;0;1;0;0;0;0;0;1;2;1
11;10;10300731.0;2021;3;14;3;3;2;6;0;0;1;0;0;0;1;0;0;2;0
11;1;1200520.0;2021;4;19;1;3;3;6;1;1;1;0;0;0;0;0;1;2;1
11;9;9200613.0;2021;3;9;6;3;5;2;0;1;1;0;0;0;0;1;0;2;0
11;10;10200629.0;2021;5;15;4;3;3;6;0;0;0;0;1;0;1;0;1;2;1
11;4;4200311.0;2021;5;14;3;3;5;7;0;0;1;0;0;0;0;0;1;2;1
11;11;11300721.0;2021;4;19;5;3;0;1;0;0;0;0;1;0;0;1;1;2;1
11;12;12200309.0;2021;5;18;6;3;5;2;0;0;1;0;0;0;1;0;1;2;1
11;1;1100205.0;2021;4;19;3;3;0;2;0;0;1;0;0;0;1;0;1;2;1
11;6;6200421.0;2021;3;12;3;3;5;7;0;0;1;0;1;0;0;0;0;2;0
11;9;9200819.0;2021;4;14;6;3;5;3;0;1;1;0;0;0;0;0;1;2;1
11;1;1300733.0;2021;5;17;6;3;5;3;0;0;1;0;0;0;0;0;1;2;1
11;12;12400618.0;2021;5;7;6;2;5;3;0;1;1;0;0;0;0;0;1;2;1
11;9;9200512.0;2021;3;8;4;3;1;5;0;1;1;0;0;0;0;0;0;2;0
11;1;1401044.0;2021;4;16;2;3;0;7;0;1;0;0;0;0;0;0;1;2;1
11;2;2400521.0;2021;5;15;2;3;1;5;0;1;1;0;0;0;0;0;1;2;1
11;11;11300826.0;2021;5;14;5;3;5;3;0;1;0;0;0;0;1;0;1;2;1
11;2;2500834.0;2021;5;8;4;3;2;6;0;1;1;0;0;0;0;0;1;2;1
11;1;1300733.0;2021;4;8;6;3;0;7;0;0;1;0;0;0;0;0;1;2;1
11;11;11300725.0;2021;4;5;6;3;6;7;2;0;1;1;0;0;0;0;1;2;1
11;4;4400832.0;2021;4;8;4;3;2;7;0;0;1;0;1;0;0;0;1;2;1
11;2;2400623.0;2021;3;17;4;3;5;2;0;1;1;0;0;0;0;0;0;2;0
11;3;3701660.0;2021;5;14;7;2;5;3;0;1;0;0;0;0;0;0;1;2;1
11;1;1100308.0;2021;4;5;1;2;6;2;2;0;0;1;0;0;1;1;1;2;1
11;2;2100105.0;2021;5;6;1;3;9;1;0;0;1;0;0;0;0;0;1;2;1
11;11;11200514.0;2021;5;18;7;2;6;4;0;0;1;1;0;0;0;1;1;2;1
11;10;10200526.0;2021;5;7;3;2;2;6;0;0;1;0;0;0;0;0;1;2;1
11;12;12500930.0;2021;5;15;7;3;0;7;0;1;0;1;0;0;0;0;1;2;1
11;4;4300619.0;2021;4;18;6;2;3;2;0;1;0;0;0;0;0;0;1;2;1
11;6;6300634.0;2021;4;7;3;3;5;3;0;1;1;0;0;0;0;0;1;2;1
11;8;8401243.0;2021;5;20;5;2;0;1;2;1;0;0;0;0;0;1;1;2;1
11;7;7400823.0;2021;5;6;6;3;5;2;0;0;1;0;1;0;0;0;1;2;1
11;9;9100101.0;2021;3;17;3;3;0;6;0;1;1;0;0;0;0;0;0;2;0
11;8;8100520.0;2021;4;21;7;3;6;4;2;0;1;1;0;0;0;0;1;2;1
11;1;1100101.0;2021;3;11;1;3;9;1;0;0;0;0;1;0;0;0;0;2;0
11;2;2500726.0;2021;5;11;2;3;6;2;0;0;1;1;0;0;0;0;1;2;1
11;3;3300516.0;2021;5;15;6;3;5;2;0;1;0;0;0;0;1;1;1;2;1
11;1;1100416.0;2021;5;21;4;3;1;5;2;1;1;0;0;0;0;0;1;2;1
11;12;12400721.0;2021;4;16;5;3;6;7;0;0;0;1;0;0;1;0;1;2;1
11;6;6400843.0;2021;5;15;1;3;5;2;0;1;1;0;0;0;0;1;1;2;1
11;8;8200832.0;2021;4;11;3;3;5;3;0;0;1;0;0;0;0;0;1;2;1
11;4;4300623.0;2021;4;11;5;2;5;2;0;0;1;0;1;0;0;0;1;2;1
11;8;8100415.0;2021;3;15;4;3;0;3;0;1;1;0;0;0;0;0;0;2;0
11;1;1300733.0;2021;4;19;1;3;5;2;1;1;1;0;0;0;0;0;1;2;1
11;10;10400835.0;2021;5;15;2;2;0;1;0;1;0;0;0;0;0;0;1;2;1
11;12;12100205.0;2021;5;13;7;2;0;1;0;0;0;0;0;0;1;0;1;2;1
11;5;5200420.0;2021;4;18;2;3;6;2;0;0;1;1;0;0;0;0;1;2;1
11;12;12200310.0;2021;5;12;2;3;5;2;0;0;1;0;1;0;0;0;1;2;1
11;2;2100106.0;2021;5;14;7;3;5;3;0;1;1;0;0;0;0;0;1;2;1
11;2;2100104.0;2021;4;13;4;3;5;3;0;1;1;0;0;0;0;0;1;2;1
11;3;3400830.0;2021;5;10;5;3;6;3;0;0;1;1;0;0;0;0;1;2;1
11;2;2300418.0;2021;4;10;2;3;0;7;0;1;0;0;0;0;0;0;1;2;1
11;9;9401635.0;2021;3;14;4;3;1;5;0;1;1;0;0;0;0;0;0;2;0
11;7;7400927.0;2021;4;15;4;3;0;7;0;1;1;0;0;0;0;0;1;2;1
11;7;7601546.0;2021;5;11;4;3;6;6;0;1;0;1;0;0;0;0;1;2;1
11;8;8300934.0;2021;4;15;3;3;6;4;0;0;1;1;0;0;0;0;1;2;1
11;5;5200631.0;2021;3;17;2;3;6;2;0;0;1;1;0;0;0;0;0;2;0
11;5;5100210.0;2021;4;8;6;2;5;2;0;1;1;0;0;0;0;0;1;2;1
11;2;2300316.0;2021;3;17;6;3;2;6;1;0;1;0;0;0;0;0;0;2;0
11;12;12200309.0;2021;5;8;2;3;5;3;0;0;1;0;0;1;0;0;1;2;1
11;5;5200423.0;2021;5;17;2;3;0;6;0;0;1;0;0;0;1;0;1;2;1
11;2;2100103.0;2021;4;15;4;3;5;2;0;1;1;0;0;0;0;0;1;2;1
11;4;4501042.0;2021;5;0;7;3;0;7;2;0;1;0;0;0;1;0;1;2;1
11;11;11401136.0;2021;4;3;2;3;5;3;2;0;1;0;0;0;0;0;1;2;1
11;9;9200715.0;2021;5;13;6;2;5;2;0;0;1;0;0;0;0;0;1;2;1
11;5;5200629.0;2021;4;12;3;2;0;6;0;0;1;0;0;0;1;0;1;2;1
11;1;1300836.0;2021;4;12;7;3;1;5;0;1;1;0;0;0;0;0;1;2;1
11;1;1100310.0;2021;4;16;3;3;2;2;0;0;1;0;1;0;0;0;1;2;1
11;8;8100417.0;2021;5;18;5;3;0;2;0;1;1;0;0;0;0;1;1;2;1
11;12;12500926.0;2021;4;9;5;3;2;6;0;0;1;0;0;0;0;0;1;2;1
11;11;11300620.0;2021;3;8;2;3;5;2;0;1;1;0;0;0;0;0;0;2;0
11;5;5100315.0;2021;4;14;1;2;5;2;0;0;1;0;0;0;0;0;1;2;1
11;9;9100306.0;2021;3;22;6;3;3;6;2;0;1;0;0;0;0;0;0;2;0
11;8;8200730.0;2021;5;16;3;3;2;6;0;0;1;0;0;0;0;0;1;2;1
11;3;3400619.0;2021;5;13;3;3;0;2;0;1;1;0;0;0;0;0;1;2;1
11;7;7601442.0;2021;4;14;5;3;5;2;0;1;1;0;0;0;0;0;1;2;1
11;9;9401329.0;2021;5;8;6;3;5;3;0;0;1;0;0;0;0;0;1;2;1
11;1;1100308.0;2021;4;14;4;3;5;2;0;1;1;0;0;0;0;0;1;2;1
11;1;1100415.0;2021;3;11;3;3;2;6;0;0;1;0;0;0;0;0;0;2;0
11;2;2300316.0;2021;4;12;6;3;1;5;0;1;1;0;0;0;0;0;1;2;1
11;4;4300415.0;2021;5;15;2;3;5;7;0;1;0;0;0;0;1;0;1;2;1
11;2;2100105.0;2021;3;16;3;2;1;5;0;1;0;0;0;0;1;0;0;2;0
11;2;2500727.0;2021;4;11;2;3;0;1;0;1;0;0;0;0;0;0;1;2;1
11;4;4501045.0;2021;5;8;2;2;1;7;0;0;1;0;0;0;0;0;1;2;1
11;10;10100316.0;2021;5;6;5;2;5;2;0;1;1;0;0;0;0;0;1;2;1
11;1;1200517.0;2021;5;21;4;3;5;3;2;0;1;0;0;0;1;0;1;2;1
11;7;7400927.0;2021;4;18;4;3;1;5;0;1;1;0;0;0;0;0;1;2;1
11;12;12601236.0;2021;4;17;6;3;3;6;0;0;1;0;1;0;0;0;1;2;1
11;5;5100316.0;2021;4;15;5;3;1;7;0;1;1;0;0;0;0;0;1;2;1
11;10;10300732.0;2021;5;14;2;3;5;3;0;1;1;0;0;0;0;0;1;2;1
11;7;7400824.0;2021;5;19;4;3;0;7;0;0;0;0;1;0;0;1;1;2;1
11;9;9501941.0;2021;4;6;4;2;6;4;0;0;0;1;0;0;1;0;1;2;1
11;4;4501153.0;2021;3;1;4;2;6;4;2;0;0;1;0;0;1;0;0;2;0
11;12;12500930.0;2021;5;11;2;3;2;6;0;0;1;0;0;0;0;0;1;2;1
11;3;3400830.0;2021;4;19;2;3;5;2;0;0;1;0;0;0;0;0;1;2;1
11;5;5100316.0;2021;5;9;2;3;5;2;0;0;1;0;0;0;1;0;1;2;1
11;2;2200210.0;2021;5;19;2;3;2;6;0;0;1;0;0;0;0;0;1;2;1
11;10;10200420.0;2021;5;11;6;3;2;1;0;0;1;0;0;0;0;1;1;2;1
11;12;12500930.0;2021;4;9;3;3;2;7;0;0;1;0;0;0;0;0;1;2;1
11;1;1200628.0;2021;5;14;5;3;1;5;0;1;1;0;0;0;0;0;1;2;1
11;1;1100415.0;2021;4;7;2;3;3;6;0;1;0;0;0;0;1;0;1;2;1
11;5;5200524.0;2021;4;13;6;2;5;2;0;1;1;0;0;0;0;0;1;2;1
11;6;6300526.0;2021;5;20;5;3;2;2;0;0;1;0;0;0;0;1;1;2;1
11;5;5300841.0;2021;4;12;4;3;1;5;0;1;1;0;0;0;0;0;1;2;1
11;12;12200309.0;2021;3;15;2;3;2;2;0;0;1;0;1;0;0;0;0;2;0
11;10;10200524.0;2021;4;17;5;3;5;2;0;0;1;0;0;0;0;0;1;2;1
11;2;2200213.0;2021;3;9;5;3;5;2;0;1;1;0;0;0;0;0;0;2;0
11;12;12601236.0;2021;5;13;4;3;6;4;0;0;1;1;0;0;0;0;1;2;1
11;5;5300736.0;2021;5;14;2;3;5;2;0;0;1;0;0;0;1;0;1;2;1
11;10;10100313.0;2021;4;16;4;3;2;6;0;0;1;0;0;0;0;0;1;2;1
11;7;7300517.0;2021;5;10;7;3;1;5;0;1;1;0;0;0;0;0;1;2;1
11;6;6400735.0;2021;4;19;1;3;2;6;1;1;0;0;1;0;0;0;1;2;1
11;6;6100205.0;2021;5;19;5;3;1;5;0;0;1;0;0;0;0;0;1;2;1
11;3;3300411.0;2021;4;12;2;3;2;7;0;0;1;0;0;0;0;0;1;2;1
11;10;10100311.0;2021;3;22;3;2;3;7;2;0;1;0;0;0;1;0;0;2;0
11;7;7100102.0;2021;4;15;4;3;5;2;0;1;1;0;0;0;0;0;1;2;1
11;7;7300618.0;2021;5;12;6;3;5;3;0;1;1;0;0;0;0;1;1;2;1
11;3;3300517.0;2021;5;13;5;3;0;5;0;0;1;0;1;0;0;0;1;2;1
11;11;11300620.0;2021;4;1;1;3;3;6;2;1;1;0;0;0;0;1;1;2;1
11;2;2500833.0;2021;3;14;4;3;5;3;0;0;0;0;1;0;1;0;0;2;0
11;6;6200420.0;2021;4;15;4;3;5;3;0;0;1;0;1;0;0;0;1;2;1
11;4;4300416.0;2021;5;17;4;3;0;1;0;0;0;0;1;0;0;0;1;2;1
11;1;1100206.0;2021;4;19;3;3;1;5;0;0;1;0;0;0;0;0;1;2;1
11;7;7501031.0;2021;3;17;1;3;5;3;0;0;1;0;0;0;0;0;0;2;0
11;12;12601236.0;2021;4;22;5;3;1;5;2;0;1;0;0;1;0;0;1;2;1
11;1;1401045.0;2021;3;16;5;3;2;6;0;0;1;0;0;0;0;0;0;2;0
11;8;8401246.0;2021;5;18;2;3;6;4;0;0;1;1;0;0;0;1;1;2;1
11;4;4300619.0;2021;5;11;2;3;3;6;0;0;1;0;1;0;0;0;1;2;1
11;7;7400928.0;2021;4;17;4;3;5;3;0;1;0;0;0;0;0;0;1;2;1
11;1;1300836.0;2021;5;20;1;3;5;2;0;1;1;0;0;0;0;0;1;2;1
11;4;4100102.0;2021;5;11;5;3;3;2;0;0;1;0;0;0;0;0;1;2;1
11;5;5100317.0;2021;4;11;3;3;2;6;0;0;1;0;0;0;0;0;1;2;1
11;4;4500937.0;2021;4;7;5;3;5;2;0;1;1;0;0;0;0;0;1;2;1
11;9;9200511.0;2021;4;16;4;3;5;7;0;1;1;0;0;0;0;0;1;2;1
11;9;9401431.0;2021;5;13;6;2;1;5;0;1;1;0;0;0;0;0;1;2;1
11;4;4400726.0;2021;4;12;5;3;5;3;0;1;1;0;0;0;0;0;1;2;1
11;11;11300722.0;2021;3;12;3;3;0;7;0;0;1;0;0;0;0;0;0;2;0
11;3;3601244.0;2021;4;15;6;3;5;2;0;1;1;0;0;0;0;0;1;2;1
11;7;7100206.0;2021;3;13;6;3;1;5;0;1;0;0;0;0;1;0;0;2;0
11;2;2100102.0;2021;5;19;3;3;5;2;0;0;1;0;0;0;0;1;1;2;1
11;3;3701660.0;2021;5;7;3;3;2;7;0;1;1;0;0;0;0;1;1;2;1
11;1;1200517.0;2021;4;8;5;3;3;6;0;0;1;0;0;0;0;0;1;2;1
11;8;8100417.0;2021;4;20;6;3;0;6;1;0;1;0;0;0;1;0;1;2;1
11;3;3601141.0;2021;4;16;3;3;2;6;0;0;1;0;0;0;0;0;1;2;1
11;8;8300935.0;2021;3;14;3;3;1;5;0;1;1;0;0;0;0;0;0;2;0
11;5;5100316.0;2021;4;12;6;3;0;2;0;0;1;0;0;0;1;0;1;2;1
11;5;5200629.0;2021;5;21;7;3;5;2;1;1;1;0;0;0;0;0;1;2;1
11;7;7100102.0;2021;3;18;3;2;5;3;0;1;0;0;1;0;0;0;0;2;0
11;6;6400839.0;2021;4;15;2;3;2;6;0;0;1;0;0;0;0;0;1;2;1
11;2;2400521.0;2021;5;23;1;3;1;5;2;1;1;0;0;0;0;0;1;2;1
11;1;1200522.0;2021;5;10;5;3;5;2;0;1;1;0;0;0;0;0;1;2;1
11;2;2400625.0;2021;5;19;4;2;6;4;0;0;1;1;0;0;0;1;1;2;1
11;2;2200208.0;2021;5;14;5;3;5;2;0;1;1;0;0;0;0;0;1;2;1
11;8;8100313.0;2021;4;18;4;3;5;2;0;1;1;0;0;0;0;0;1;2;1
11;4;4300623.0;2021;4;11;6;3;1;5;0;1;0;0;0;0;1;0;1;2;1
11;11;11300722.0;2021;4;15;5;2;5;3;0;1;1;0;0;0;0;0;1;2;1
11;8;8100418.0;2021;5;22;3;3;2;2;2;1;1;0;0;0;0;0;1;2;1
11;11;11400929.0;2021;3;14;2;3;5;3;0;0;1;0;0;0;0;0;0;2;0
11;1;1401048.0;2021;4;13;5;3;5;2;0;0;1;0;0;0;1;0;1;2;1
11;12;12100101.0;2021;3;16;5;3;5;2;0;1;0;0;0;0;1;0;0;2;0
11;4;4501150.0;2021;5;17;2;3;0;3;0;1;1;0;0;0;0;0;1;2;1
11;1;1100308.0;2021;4;13;2;2;5;2;0;1;1;0;0;0;0;0;1;2;1
11;1;1401047.0;2021;5;17;2;3;1;5;0;1;1;0;0;0;0;0;1;2;1
11;2;2400521.0;2021;4;13;5;3;3;6;0;0;1;0;0;1;0;0;1;2;1
11;11;11400931.0;2021;5;10;1;3;2;6;0;0;1;0;1;0;0;0;1;2;1
11;9;9501939.0;2021;5;12;6;3;6;7;0;0;1;1;0;0;0;0;1;2;1
11;3;3300517.0;2021;4;15;2;3;4;6;0;1;1;0;0;0;0;0;1;2;1
11;2;2200209.0;2021;4;12;5;3;0;3;0;1;1;0;0;0;0;0;1;2;1
11;2;2500835.0;2021;5;19;4;3;5;2;0;1;1;0;0;0;0;1;1;2;1
11;4;4200206.0;2021;4;19;3;3;5;3;0;0;1;0;1;0;0;0;1;2;1
11;4;4200308.0;2021;3;12;3;2;5;3;0;1;1;0;0;0;0;0;0;2;0
11;2;2200207.0;2021;4;21;5;2;8;1;2;0;1;0;0;0;0;0;1;2;1
11;3;3300516.0;2021;3;12;6;3;5;2;0;1;1;0;0;0;0;1;0;2;0
11;1;1400942.0;2021;5;12;4;3;5;2;0;1;1;0;0;0;0;0;1;2;1
11;4;4100101.0;2021;5;16;4;3;5;2;0;1;0;0;0;0;1;0;1;2;1
11;2;2100106.0;2021;4;18;5;3;5;3;0;0;1;0;0;0;1;0;1;2;1
11;1;1300836.0;2021;4;14;3;3;6;4;0;0;1;1;0;0;0;1;1;2;1
11;1;1100205.0;2021;5;22;6;3;0;1;2;1;0;0;0;0;0;0;1;2;1
11;9;9300922.0;2021;4;13;2;3;5;3;0;0;1;0;0;0;0;0;1;2;1
11;9;9200510.0;2021;3;9;3;3;2;6;0;0;1;0;0;0;0;0;0;2;0
11;6;6400841.0;2021;4;12;3;3;5;3;0;0;1;0;0;0;0;0;1;2;1
11;11;11200411.0;2021;5;18;6;2;6;4;0;0;0;1;0;0;1;0;1;2;1
11;9;9501838.0;2021;4;9;4;2;0;7;0;1;0;0;0;0;0;0;1;2;1
11;6;6400838.0;2021;3;5;4;2;0;7;2;1;0;0;0;0;0;0;0;2;0
11;3;3601245.0;2021;4;17;6;3;5;3;0;0;1;0;0;0;1;0;1;2;1
11;12;12601133.0;2021;3;14;7;3;6;4;0;0;1;1;0;0;0;1;0;2;0
11;2;2200213.0;2021;5;14;2;2;3;6;0;0;1;0;1;0;0;0;1;2;1
11;6;6300524.0;2021;5;18;5;3;5;3;0;1;0;0;0;0;0;0;1;2;1
11;5;5100208.0;2021;5;11;4;3;5;3;0;1;0;0;0;0;1;0;1;2;1
11;1;1200624.0;2021;4;11;7;3;3;6;0;0;1;0;1;0;0;0;1;2;1
11;4;4501043.0;2021;5;15;1;3;5;3;0;1;1;0;0;0;0;1;1;2;1
11;12;12500930.0;2021;4;6;3;3;5;7;0;1;1;0;0;0;0;0;1;2;1
11;7;7601545.0;2021;3;13;4;3;6;4;0;0;1;1;0;0;0;0;0;2;0