LAND;BEZ;LOR_ab_2021;UJAHR;UMONAT;USTUNDE;UWOCHENTAG;UKATEGORIE;UART;UTYP1;ULICHTVERH;IstRad;IstPKW;IstFuss;IstKrad;IstGkfz;IstSonstige;USTRZUSTAND;LOCKDOWN;COVID;FERIEN
11;3;3300517.0;2021;3;13;2;3;5;3;0;0;1;0;0;0;0;0;0;2;0
11;12;12100205.0;2021;2;16;7;3;0;7;0;0;1;0;1;0;0;0;1;2;1
11;9;9100101.0;2021;1;7;5;3;5;3;0;1;1;0;0;0;0;1;1;2;0
11;11;11100102.0;2021;1;11;1;3;5;2;0;1;1;0;0;0;0;0;1;2;0
11;12;12500825.0;2021;1;12;3;3;5;3;0;0;1;0;1;0;0;1;1;2;0
11;10;10100104.0;2021;2;10;7;3;6;7;0;0;1;1;0;0;0;0;1;2;1
11;7;7601442.0;2021;3;21;1;3;5;2;2;0;1;0;0;0;0;1;0;2;0
11;8;8100520.0;2021;1;17;3;3;0;3;2;0;1;0;1;0;0;1;1;2;0
11;12;12500824.0;2021;2;11;2;3;8;1;0;0;1;0;0;0;0;2;1;2;1
11;8;8100206.0;2021;2;17;6;3;1;5;0;1;1;0;0;0;0;0;1;2;1
11;10;10300732.0;2021;1;3;1;3;1;5;2;0;1;0;0;1;0;1;1;2;0
11;9;9501939.0;2021;3;15;4;3;5;2;0;1;1;0;0;0;0;0;0;2;0
11;8;8100415.0;2021;1;6;6;3;6;2;2;0;1;1;0;0;0;0;1;2;0
11;8;8200726.0;2021;1;8;3;3;5;3;0;0;1;0;0;0;1;1;1;2;0
11;1;1100103.0;2021;1;18;3;3;1;5;2;1;1;0;0;0;0;1;1;2;0
11;3;3400620.0;2021;2;9;2;3;5;3;0;1;1;0;0;0;0;0;1;2;1
11;4;4500936.0;2021;3;17;2;3;1;5;0;1;1;0;0;0;0;1;0;2;0
11;6;6200423.0;2021;3;9;4;3;5;2;0;1;0;0;0;1;0;0;0;2;0
11;3;3400721.0;2021;2;8;2;3;2;7;0;0;1;0;0;0;0;1;1;2;1
11;12;12601133.0;2021;3;10;2;3;2;6;0;1;0;0;0;0;1;0;0;2;0
11;4;4400835.0;2021;1;16;4;3;5;2;1;1;1;0;0;0;0;1;1;2;0
11;8;8200727.0;2021;2;13;2;3;0;4;0;1;0;1;0;0;0;2;1;2;1
11;12;12100205.0;2021;2;13;7;3;3;5;0;0;1;0;0;1;0;2;1;2;1
11;7;7300619.0;2021;1;15;5;3;6;7;0;1;0;1;0;0;0;0;1;2;0
11;5;5300737.0;2021;3;16;6;3;0;3;0;1;0;0;1;0;0;0;0;2;0
11;12;12200309.0;2021;2;14;3;3;2;4;0;0;1;1;0;0;0;0;1;2;1
11;8;8100105.0;2021;1;16;5;3;0;6;1;0;1;0;0;0;1;0;1;2;0
11;8;8100311.0;2021;3;17;4;2;5;3;0;1;1;0;0;0;0;0;0;2;0
11;1;1300733.0;2021;3;22;5;2;1;5;2;0;1;0;0;0;0;1;0;2;0
11;1;7100101.0;2021;3;15;7;3;5;3;0;1;1;0;0;0;0;0;0;2;0
11;4;4100101.0;2021;2;18;1;3;5;2;2;0;1;0;0;0;0;0;1;2;1
11;12;12601235.0;2021;3;15;3;2;4;3;0;0;1;0;0;0;0;1;0;2;0
11;4;4200308.0;2021;3;14;5;3;2;6;0;0;1;0;0;0;1;1;0;2;0
11;3;3500933.0;2021;2;12;1;3;5;3;0;0;1;0;0;0;0;0;1;2;1
11;1;1100310.0;2021;2;5;1;3;5;3;1;0;0;0;0;0;1;0;1;2;1
11;3;3501037.0;2021;1;10;3;3;5;3;0;1;1;0;0;0;0;1;1;2;0
11;3;3400828.0;2021;3;7;5;3;0;3;0;1;1;0;0;0;0;0;0;2;0
11;8;8301037.0;2021;2;15;3;3;2;6;0;0;1;0;0;0;1;0;1;2;1
11;8;8200726.0;2021;2;19;6;3;2;6;2;0;1;0;0;0;0;1;1;2;1
11;4;4300413.0;2021;1;17;5;3;5;3;2;1;1;0;0;0;0;0;1;2;0
11;4;4501045.0;2021;3;12;6;3;2;6;0;0;1;0;0;0;0;0;0;2;0
11;8;8200831.0;2021;2;11;3;3;6;7;0;0;0;1;0;0;1;0;1;2;1
11;11;11400931.0;2021;3;17;3;3;3;6;0;0;1;0;0;0;0;0;0;2;0
11;2;2200210.0;2021;3;12;5;3;2;7;0;0;1;0;0;0;0;1;0;2;0
11;2;2500834.0;2021;2;12;4;3;5;2;0;0;1;0;0;0;0;1;1;2;1
11;5;5200629.0;2021;3;13;3;3;0;6;0;0;0;0;0;0;1;0;0;2;0
11;2;2400623.0;2021;1;15;6;3;5;2;2;1;1;0;0;0;0;1;1;2;0
11;7;7601442.0;2021;2;17;4;2;6;2;2;0;1;1;0;0;0;1;1;2;1
11;4;4300623.0;2021;3;11;7;3;5;3;0;1;1;0;0;0;0;0;0;2;0
11;1;1300836.0;2021;2;10;5;3;6;4;0;0;1;1;0;0;0;0;1;2;1
11;10;10300731.0;2021;1;10;6;3;5;7;0;0;1;0;0;0;1;1;1;2;0
11;3;3601245.0;2021;3;10;5;3;5;3;0;0;1;0;0;0;0;0;0;2;0
11;5;5300737.0;2021;3;17;2;3;2;6;0;0;1;0;0;0;0;1;0;2;0
11;1;1100103.0;2021;2;15;6;3;2;2;0;0;1;0;0;0;0;1;1;2;1
11;7;7100103.0;2021;1;3;1;3;9;1;2;0;1;0;0;0;0;0;1;2;0
11;7;7501134.0;2021;1;13;2;3;5;2;0;1;1;0;0;0;0;1;1;2;0
11;5;5100211.0;2021;2;15;6;3;5;2;0;1;1;0;0;0;0;0;1;2;1
11;5;5200528.0;2021;3;6;1;3;6;2;0;0;1;1;0;0;0;0;0;2;0
11;9;9200613.0;2021;1;13;3;3;0;7;0;0;0;0;0;1;0;0;1;2;0
11;7;7601442.0;2021;2;19;4;3;6;2;2;0;1;1;0;0;0;2;1;2;1
11;5;5100315.0;2021;2;10;5;3;6;7;0;0;0;1;0;0;1;0;1;2;1
11;4;4300623.0;2021;1;11;3;3;0;4;0;0;1;1;0;0;0;0;1;2;0
11;3;3601244.0;2021;3;6;4;3;0;3;0;0;1;0;0;0;0;0;0;2;0
11;6;6400838.0;2021;1;12;7;3;2;6;0;0;1;0;0;0;0;2;1;2;0
11;8;8100207.0;2021;1;16;3;3;0;2;1;1;1;0;0;0;0;1;1;2;0
11;8;8200832.0;2021;1;7;4;3;6;2;2;0;0;1;0;0;1;1;1;2;0
11;7;7400720.0;2021;2;7;2;3;6;4;0;0;1;1;0;0;0;0;1;2;1
11;1;1100103.0;2021;3;6;3;3;2;6;0;0;1;0;0;0;0;0;0;2;0
11;1;1100103.0;2021;3;15;4;3;1;5;0;1;1;0;0;0;0;0;0;2;0
11;4;4501045.0;2021;2;9;7;3;5;3;0;0;1;0;0;0;1;1;1;2;1
11;6;6100204.0;2021;2;2;7;2;9;1;2;0;1;0;0;0;0;0;1;2;1
11;12;12200309.0;2021;1;16;5;3;2;6;2;0;1;0;1;0;0;1;1;2;0
11;2;2100101.0;2021;2;11;3;3;1;5;0;1;1;0;0;0;0;1;1;2;1
11;3;3601450.0;2021;1;13;4;3;0;2;0;1;1;0;0;0;0;1;1;2;0
11;9;9300922.0;2021;3;8;5;2;5;3;0;0;1;0;0;0;0;0;0;2;0
11;4;4300621.0;2021;3;16;7;2;0;7;0;1;0;0;0;0;0;0;0;2;0
11;11;11200513.0;2021;2;9;5;3;5;2;0;1;1;0;0;0;0;0;1;2;1
11;8;8401246.0;2021;1;19;6;3;2;2;2;1;1;0;0;0;0;0;1;2;0
11;1;1100310.0;2021;3;8;4;3;5;2;0;1;1;0;0;0;0;0;0;2;0
11;3;3100102.0;2021;3;15;5;3;2;6;0;0;1;0;0;0;1;1;0;2;0
11;1;1100416.0;2021;3;10;2;3;5;2;0;1;1;0;0;0;0;0;0;2;0
11;12;12200412.0;2021;2;15;3;3;2;6;0;0;1;0;0;0;0;1;1;2;1
11;2;2300315.0;2021;1;1;1;3;5;2;2;1;1;0;0;0;0;0;1;2;0
11;9;9300922.0;2021;3;10;3;2;6;4;0;0;1;1;0;0;0;0;0;2;0
11;6;6300524.0;2021;1;11;2;3;5;3;0;0;1;0;1;0;0;1;1;2;0
11;2;2300315.0;2021;2;8;4;3;0;1;0;0;0;0;1;0;0;1;1;2;1
11;3;3200310.0;2021;3;9;6;3;5;3;0;1;1;0;0;0;0;0;0;2;0
11;8;8100206.0;2021;2;12;4;3;2;6;0;0;1;0;0;0;1;1;1;2;1
11;5;5200422.0;2021;2;8;6;3;5;3;0;0;1;0;0;0;0;1;1;2;1
11;12;12200412.0;2021;1;9;2;3;6;4;0;0;1;1;0;0;0;1;1;2;0
11;10;10400941.0;2021;3;9;5;3;5;3;0;0;1;0;0;0;0;0;0;2;0
11;3;3601245.0;2021;3;14;6;3;0;3;0;0;1;0;0;0;1;0;0;2;0
11;7;7400823.0;2021;3;11;2;3;3;6;0;0;1;0;0;0;0;0;0;2;0
11;4;4501152.0;2021;1;17;2;2;5;3;2;1;1;0;0;0;0;1;1;2;0
11;6;6400737.0;2021;1;14;4;2;6;4;0;1;0;1;0;0;0;0;1;2;0
11;4;4200309.0;2021;2;16;2;3;5;2;0;0;1;0;0;0;0;0;1;2;1
11;12;12601235.0;2021;2;6;3;3;2;6;1;0;1;0;0;0;1;1;1;2;1
11;7;7400721.0;2021;3;16;3;3;2;6;1;1;0;0;0;0;0;0;0;2;0
11;12;12200308.0;2021;1;13;5;3;5;3;0;0;1;0;0;0;0;1;1;2;0
11;8;8100417.0;2021;2;15;4;3;1;5;0;0;1;0;0;0;0;1;1;2;1
11;5;5200420.0;2021;3;7;6;3;5;2;0;1;1;0;0;0;0;0;0;2;0
11;8;8100209.0;2021;2;7;4;3;5;2;0;1;1;0;0;0;0;0;1;2;1
11;2;2200210.0;2021;1;9;3;3;0;6;0;0;0;0;1;0;1;1;1;2;0
11;9;9401534.0;2021;3;13;6;3;5;3;0;1;0;0;0;1;0;1;0;2;0
11;3;3500932.0;2021;3;9;7;3;5;2;0;0;1;0;0;0;0;1;0;2;0
11;9;9100304.0;2021;3;8;2;2;5;2;0;0;1;0;1;0;0;0;0;2;0
11;12;12200412.0;2021;1;7;5;3;1;5;2;0;0;0;0;0;1;1;1;2;0
11;4;4400831.0;2021;1;11;1;3;3;6;0;1;1;0;0;0;0;1;1;2;0
11;10;10300732.0;2021;2;9;2;3;2;6;0;0;1;0;0;0;0;0;1;2;1
11;12;12400721.0;2021;3;11;2;3;2;6;0;0;1;0;0;0;0;0;0;2;0
11;9;9100408.0;2021;1;8;4;3;5;3;0;1;1;0;0;0;0;1;1;2;0
11;6;6200421.0;2021;2;12;3;3;3;6;0;0;1;0;0;0;0;2;1;2;1
11;6;6400737.0;2021;2;17;5;3;5;2;1;1;1;0;0;0;0;0;1;2;1
11;5;5400943.0;2021;1;16;3;2;9;1;2;0;1;0;0;0;0;1;1;2;0
11;6;6100209.0;2021;3;7;4;3;4;2;0;1;1;0;0;0;0;0;0;2;0
11;2;2300417.0;2021;1;9;7;3;2;3;0;1;1;0;0;0;0;2;1;2;0
11;8;8200623.0;2021;1;17;3;3;6;2;2;0;1;1;0;0;0;1;1;2;0
11;3;3701657.0;2021;1;9;3;3;5;3;0;0;1;0;0;0;0;1;1;2;0
11;6;6200312.0;2021;2;17;3;3;0;1;2;1;0;0;0;0;0;0;1;2;1
11;4;4501148.0;2021;3;6;2;2;6;7;1;1;0;1;0;0;0;0;0;2;0
11;11;11501340.0;2021;3;16;4;3;5;2;0;1;1;0;0;0;0;0;0;2;0
11;7;7601340.0;2021;2;10;7;3;3;6;0;0;1;0;0;0;0;0;1;2;1
11;9;9200715.0;2021;2;7;1;3;8;1;1;0;1;0;0;0;0;0;1;2;1
11;8;8300935.0;2021;1;18;7;3;5;3;2;0;1;0;0;0;0;0;1;2;0
11;8;8401243.0;2021;2;15;2;3;5;3;0;1;1;0;0;0;0;0;1;2;1
11;11;11300725.0;2021;3;11;6;3;5;2;0;1;0;0;0;0;1;0;0;2;0
11;6;6300634.0;2021;2;11;5;3;2;6;0;0;1;0;0;0;0;0;1;2;1
11;2;2500831.0;2021;1;14;7;3;0;1;0;0;0;0;1;0;0;1;1;2;0
11;9;9200715.0;2021;3;13;5;3;2;6;0;0;1;0;0;0;0;0;0;2;0
11;4;4300413.0;2021;3;10;5;3;0;4;0;0;1;1;0;0;0;1;0;2;0
11;9;9100304.0;2021;3;9;7;2;5;2;0;0;1;0;0;1;0;0;0;2;0
11;8;8300935.0;2021;2;14;6;3;5;2;0;0;1;0;0;0;0;0;1;2;1
11;1;1100206.0;2021;1;12;6;3;5;2;0;0;1;0;0;0;0;1;1;2;0
11;6;6300632.0;2021;3;15;3;2;6;4;0;0;1;1;0;0;0;0;0;2;0
11;10;10300733.0;2021;1;17;2;3;5;3;2;1;1;0;0;0;0;1;1;2;0
11;7;7601341.0;2021;2;7;4;2;5;2;1;0;1;0;0;0;0;1;1;2;1
11;11;11300618.0;2021;3;12;3;3;5;2;0;1;1;0;0;0;0;0;0;2;0
11;2;2100101.0;2021;2;17;2;3;2;6;2;0;1;0;0;0;0;2;1;2;1
11;12;12100205.0;2021;2;17;5;3;5;3;1;0;1;0;0;0;0;1;1;2;1
11;6;6400844.0;2021;2;15;6;3;5;3;0;0;1;0;0;0;0;0;1;2;1
11;7;7400824.0;2021;1;6;3;2;6;2;2;0;1;1;0;0;0;0;1;2;0
11;7;7400927.0;2021;3;16;5;3;5;7;0;0;1;0;1;0;0;1;0;2;0
11;9;9100203.0;2021;1;12;1;3;5;2;0;0;1;0;0;0;0;1;1;2;0
11;12;12601031.0;2021;3;21;7;3;5;2;2;0;1;0;0;0;0;1;0;2;0
11;12;12200515.0;2021;1;17;2;2;6;2;2;0;1;1;0;0;0;1;1;2;0
11;5;5100103.0;2021;1;14;4;3;2;6;0;0;1;0;0;0;0;1;1;2;0
11;3;3601142.0;2021;2;14;1;3;5;2;0;1;0;0;0;0;0;0;1;2;1
11;1;1100415.0;2021;3;17;3;3;6;2;0;0;1;1;0;0;0;0;0;2;0
11;3;3500934.0;2021;3;7;4;3;5;3;0;1;1;0;0;0;0;0;0;2;0
11;9;9100203.0;2021;1;10;4;3;5;2;0;0;1;0;0;0;0;1;1;2;0
11;9;9200512.0;2021;2;14;2;3;2;6;0;0;1;0;0;0;0;2;1;2;1
11;6;6300634.0;2021;2;23;7;3;2;2;2;0;1;0;0;0;0;0;1;2;1
11;2;2200208.0;2021;1;15;4;2;6;4;1;0;1;1;0;0;0;1;1;2;0
11;12;12200414.0;2021;3;13;4;2;5;3;0;1;0;0;0;0;1;0;0;2;0
11;3;3601244.0;2021;2;9;2;2;5;3;0;0;1;0;0;0;0;0;1;2;1
11;4;4300619.0;2021;1;22;4;2;9;1;2;0;1;0;0;0;0;0;1;2;0
11;4;4300413.0;2021;1;17;5;3;0;1;2;0;0;0;1;0;0;1;1;2;0
11;4;4200310.0;2021;3;11;5;3;2;6;0;0;1;0;0;0;0;0;0;2;0
11;10;10100315.0;2021;2;13;3;3;0;6;0;0;0;0;0;0;1;0;1;2;1
11;3;3500933.0;2021;3;5;4;3;5;3;2;1;1;0;0;0;0;0;0;2;0
11;7;7400824.0;2021;3;15;5;3;6;4;0;0;1;1;0;0;0;1;0;2;0
11;11;11300722.0;2021;2;17;2;3;5;2;2;0;1;0;1;0;0;0;1;2;1
11;5;5100101.0;2021;3;15;3;3;6;4;0;0;1;1;0;0;0;0;0;2;0
11;11;11300616.0;2021;1;16;6;3;1;5;2;1;1;0;0;0;0;1;1;2;0
11;5;5300840.0;2021;3;8;3;3;5;2;0;0;1;0;0;0;0;0;0;2;0
11;10;10200418.0;2021;1;19;4;3;5;3;2;1;1;0;0;0;0;1;1;2;0
11;8;8100311.0;2021;2;19;2;3;0;1;2;0;1;0;0;0;0;2;1;2;1
11;11;11300721.0;2021;3;14;2;3;2;6;0;0;1;0;0;0;0;0;0;2;0
11;7;7200411.0;2021;1;19;4;3;5;2;2;1;1;0;0;0;0;1;1;2;0
11;7;7601546.0;2021;3;7;4;3;5;3;0;1;1;0;0;0;0;0;0;2;0
11;5;5200420.0;2021;1;19;1;3;2;6;2;0;1;0;0;0;0;1;1;2;0
11;8;8200624.0;2021;1;21;4;3;0;6;2;0;1;0;0;0;0;0;1;2;0
11;7;7400823.0;2021;1;16;4;3;5;2;2;1;1;0;0;0;0;1;1;2;0
11;1;1300730.0;2021;2;9;3;3;3;6;0;0;1;0;0;0;0;0;1;2;1
11;5;5200420.0;2021;3;10;3;3;5;3;0;0;1;0;0;0;1;0;0;2;0
11;10;10100313.0;2021;3;16;4;2;5;2;0;1;1;0;0;0;0;0;0;2;0
11;4;4501042.0;2021;2;9;4;3;2;6;0;0;1;0;0;0;1;1;1;2;1
11;1;1300836.0;2021;3;8;3;3;5;3;0;0;1;0;0;0;0;0;0;2;0
11;1;1400942.0;2021;1;12;6;3;5;3;0;1;1;0;0;0;0;1;1;2;0
11;8;8100417.0;2021;2;23;4;3;5;2;2;1;1;0;0;0;0;1;1;2;1
11;7;7601544.0;2021;2;19;5;3;0;3;2;0;1;0;0;0;1;1;1;2;1
11;11;11400927.0;2021;3;7;6;3;1;5;0;1;1;0;0;0;0;0;0;2;0
11;1;1401049.0;2021;2;5;1;3;9;1;2;0;0;0;0;0;1;0;1;2;1
11;9;9301227.0;2021;2;17;4;3;0;1;1;1;0;0;0;0;0;0;1;2;1
11;12;12100205.0;2021;1;16;7;3;5;2;2;0;1;0;0;0;0;1;1;2;0
11;3;3300516.0;2021;3;8;3;3;6;4;0;0;1;1;0;0;0;0;0;2;0
11;4;4501045.0;2021;3;7;6;3;2;6;0;0;1;0;1;0;0;1;0;2;0
11;10;10200421.0;2021;3;11;7;3;6;7;0;0;0;1;0;0;1;0;0;2;0
11;10;10200423.0;2021;2;15;6;3;6;4;0;0;1;1;0;0;0;0;1;2;1
11;5;5100206.0;2021;1;8;6;3;5;3;1;1;1;0;0;0;0;1;1;2;0
11;4;4300517.0;2021;1;14;2;2;2;6;0;0;1;0;0;0;0;1;1;2;0
11;6;6300528.0;2021;1;14;3;2;4;6;0;0;1;0;0;0;1;0;1;2;0
11;2;2500833.0;2021;2;11;7;3;0;3;0;0;1;0;1;0;0;0;1;2;1
11;4;4501042.0;2021;3;16;3;3;6;7;0;0;1;1;0;0;0;0;0;2;0
11;9;9100409.0;2021;1;14;3;3;5;2;0;0;1;0;0;0;0;0;1;2;0
11;8;8300934.0;2021;2;16;3;3;2;2;1;0;1;0;0;0;0;2;1;2;1
11;6;6100209.0;2021;2;12;5;3;5;2;0;0;1;0;1;0;0;0;1;2;1
11;4;4501045.0;2021;1;11;2;3;5;2;0;1;0;0;0;0;1;1;1;2;0
11;11;11200410.0;2021;3;7;4;3;6;2;0;0;1;1;0;0;0;0;0;2;0
11;6;6300525.0;2021;1;10;6;3;7;7;0;1;0;0;0;0;0;0;1;2;0
11;3;3300412.0;2021;3;15;2;3;6;4;0;0;1;1;0;0;0;1;0;2;0
11;6;6100209.0;2021;1;17;3;3;5;2;2;0;1;0;0;0;0;1;1;2;0
11;1;1100102.0;2021;1;18;3;3;5;3;2;0;1;0;0;0;0;1;1;2;0
11;8;8200831.0;2021;2;14;2;3;5;3;0;1;1;0;0;0;0;0;1;2;1
11;5;5100313.0;2021;3;15;3;3;2;6;0;1;0;0;0;0;1;0;0;2;0
11;6;6200313.0;2021;3;13;5;3;2;2;0;0;1;0;0;0;0;0;0;2;0
11;12;12200412.0;2021;2;20;5;3;6;4;2;0;0;1;0;0;1;2;1;2;1
11;7;7100102.0;2021;2;14;6;3;1;5;0;1;1;0;0;0;0;0;1;2;1
11;4;4400835.0;2021;1;19;3;2;6;4;2;0;1;1;0;0;0;1;1;2;0
11;4;4500939.0;2021;3;13;5;3;0;2;0;1;1;0;0;0;0;0;0;2;0
11;1;1200517.0;2021;2;14;2;3;2;6;0;0;1;0;0;0;0;0;1;2;1
11;1;1400940.0;2021;2;11;7;3;0;7;0;0;1;0;0;0;1;1;1;2;1
11;2;2100105.0;2021;1;10;5;3;0;1;0;1;0;0;0;0;0;0;1;2;0
11;8;8100206.0;2021;1;15;4;3;5;2;0;0;1;0;1;0;0;1;1;2;0
11;1;1300733.0;2021;3;14;5;3;5;7;0;0;1;0;0;0;1;0;0;2;0
11;4;4501153.0;2021;2;17;3;3;3;6;0;0;1;0;1;0;0;0;1;2;1
11;6;6200313.0;2021;3;15;3;2;5;2;0;0;1;0;1;0;0;0;0;2;0
11;7;7601339.0;2021;3;14;6;3;1;7;0;1;1;0;0;0;0;0;0;2;0
11;1;1300834.0;2021;2;17;3;3;3;6;2;0;1;0;0;0;0;1;1;2;1
11;4;4501045.0;2021;3;12;3;3;5;2;0;0;1;0;0;0;0;0;0;2;0
11;1;1100308.0;2021;1;10;7;3;6;4;0;0;0;1;0;0;1;1;1;2;0
11;8;8401243.0;2021;2;13;5;2;1;7;0;0;1;1;0;0;0;1;1;2;1
11;7;7601236.0;2021;3;11;6;3;5;2;0;0;1;0;0;0;1;0;0;2;0
11;1;1100308.0;2021;2;19;4;3;9;1;2;0;1;0;0;0;0;0;1;2;1
11;8;8100206.0;2021;1;13;6;3;0;7;0;0;1;0;1;0;0;0;1;2;0
11;8;8401245.0;2021;3;17;5;3;5;2;2;0;1;0;0;0;1;1;0;2;0
11;4;4300622.0;2021;1;3;5;3;1;1;2;0;1;0;0;0;1;1;1;2;0
11;6;6100101.0;2021;3;15;2;3;2;2;0;0;1;0;0;0;0;0;0;2;0
11;1;1100308.0;2021;2;9;6;3;5;3;0;1;1;0;0;0;0;1;1;2;1
11;1;1100308.0;2021;2;19;7;3;2;6;2;0;1;0;0;0;0;0;1;2;1
11;11;11200410.0;2021;1;14;7;3;2;6;0;0;1;0;0;0;1;0;1;2;0
11;7;7601339.0;2021;1;7;2;3;5;2;1;0;1;0;1;0;0;2;1;2;0
11;2;2400521.0;2021;1;14;3;3;5;3;0;1;1;0;0;0;0;0;1;2;0
11;8;8100417.0;2021;2;16;6;3;5;2;0;0;1;0;0;0;1;0;1;2;1
11;9;9301227.0;2021;3;15;2;3;6;7;0;0;1;1;0;0;0;0;0;2;0
11;6;6100102.0;2021;1;15;3;2;6;7;0;0;1;1;0;0;0;0;1;2;0
11;1;1300733.0;2021;2;9;5;3;5;2;0;1;1;0;0;0;0;1;1;2;1
11;6;6400844.0;2021;3;10;7;2;0;7;0;1;1;0;0;0;0;0;0;2;0
11;4;4200308.0;2021;2;13;4;3;2;6;0;0;1;0;0;0;1;0;1;2;1
11;6;6100209.0;2021;1;18;1;3;1;1;2;0;1;0;0;0;0;1;1;2;0
11;2;2400623.0;2021;3;15;6;3;5;3;0;1;1;0;0;0;0;1;0;2;0
11;2;2300419.0;2021;3;15;6;3;0;7;0;0;0;0;0;0;1;0;0;2;0
11;2;2300314.0;2021;3;18;7;3;1;5;2;1;1;0;0;0;0;0;0;2;0
11;9;9401534.0;2021;2;8;7;3;0;1;0;1;0;0;0;0;0;0;1;2;1
11;8;8100521.0;2021;1;7;5;2;6;4;2;0;0;1;0;1;0;1;1;2;0
11;2;2100102.0;2021;1;19;7;3;5;3;2;0;1;0;0;0;1;0;1;2;0
11;3;3601142.0;2021;1;9;4;2;0;3;0;0;1;0;0;0;1;1;1;2;0
11;8;8200623.0;2021;2;14;7;3;5;2;0;0;1;0;0;0;0;0;1;2;1
11;4;4300416.0;2021;3;15;3;3;1;5;0;1;1;0;0;0;0;0;0;2;0
11;3;3200207.0;2021;1;10;3;3;4;1;0;0;1;0;0;0;0;2;1;2;0
11;10;10200421.0;2021;2;18;5;3;6;4;2;0;1;1;0;0;0;1;1;2;1
11;3;3601449.0;2021;2;11;5;3;5;3;0;1;1;0;0;0;0;0;1;2;1
11;8;8401242.0;2021;1;16;2;3;3;6;1;0;1;0;0;0;0;0;1;2;0
11;2;2300316.0;2021;3;13;4;3;5;7;0;1;1;0;0;0;0;0;0;2;0
11;9;9200819.0;2021;1;6;6;3;2;6;2;0;1;0;0;0;0;0;1;2;0
11;2;2400624.0;2021;1;17;2;3;5;3;2;0;1;0;0;0;1;1;1;2;0
11;12;12100204.0;2021;1;12;4;3;2;6;0;0;1;0;0;0;0;0;1;2;0
11;7;7400826.0;2021;2;13;1;3;5;3;0;0;1;0;0;0;1;0;1;2;1
11;10;10100311.0;2021;3;11;3;3;2;6;0;0;1;0;1;0;0;0;0;2;0
11;4;4501146.0;2021;3;15;4;3;5;3;0;0;1;0;0;0;0;0;0;2;0
11;10;10100312.0;2021;2;8;6;3;6;6;0;0;1;1;0;0;0;2;1;2;1
11;1;1300732.0;2021;2;17;7;3;6;4;1;0;1;1;0;0;0;0;1;2;1
11;7;7400927.0;2021;1;18;4;3;5;2;2;0;1;0;0;0;0;1;1;2;0
11;5;5100316.0;2021;2;17;3;3;2;6;2;0;1;0;0;0;0;1;1;2;1
11;8;8100206.0;2021;2;20;6;3;2;7;2;0;1;0;0;0;1;2;1;2;1
11;7;7601340.0;2021;1;19;3;3;6;2;2;0;1;1;0;0;0;1;1;2;0
11;3;3601449.0;2021;3;14;6;3;5;2;0;1;1;0;0;0;0;0;0;2;0
11;11;11200411.0;2021;2;17;3;3;5;3;0;0;1;0;0;0;0;0;1;2;1
11;1;1100102.0;2021;1;20;7;3;2;6;2;0;1;0;0;0;1;1;1;2;0
11;2;2100102.0;2021;3;7;3;3;2;3;0;0;1;0;0;0;0;0;0;2;0
11;5;5200633.0;2021;3;5;5;3;8;1;2;0;1;0;0;0;0;1;0;2;0
11;7;7501031.0;2021;3;9;6;3;2;6;0;0;1;0;0;1;0;1;0;2;0
11;5;5200423.0;2021;2;16;3;3;5;3;0;0;1;0;0;0;0;1;1;2;1
11;8;8100310.0;2021;3;16;3;3;6;4;0;0;1;1;0;0;0;0;0;2;0
11;7;7400927.0;2021;1;17;6;3;5;2;2;0;1;0;0;0;0;1;1;2;0
11;1;1100310.0;2021;2;10;4;2;1;5;0;1;0;0;0;0;1;0;1;2;1
11;5;5200423.0;2021;3;21;6;3;1;5;2;0;1;0;0;0;0;0;0;2;0
11;11;11300722.0;2021;2;11;5;3;5;3;0;0;1;0;0;0;1;0;1;2;1
11;12;12100102.0;2021;1;20;1;3;5;3;2;0;1;0;0;0;0;1;1;2;0
11;11;11100308.0;2021;3;18;6;3;2;6;0;0;1;0;0;0;0;0;0;2;0
11;5;5200423.0;2021;3;12;7;2;6;7;0;0;1;1;0;0;0;1;0;2;0
11;4;4200207.0;2021;1;15;1;3;4;6;0;1;1;0;0;0;0;0;1;2;0
11;2;2300314.0;2021;1;6;2;3;6;4;2;0;1;1;0;0;0;1;1;2;0
11;10;10200630.0;2021;2;22;1;3;0;1;2;0;1;0;1;0;0;0;1;2;1
11;4;4501148.0;2021;3;22;2;3;9;1;2;0;1;0;0;0;0;0;0;2;0
11;6;6100206.0;2021;1;12;4;3;5;3;0;0;1;0;0;0;0;1;1;2;0
11;3;3500934.0;2021;2;13;4;3;5;3;0;0;1;0;0;0;0;1;1;2;1
11;4;4200206.0;2021;2;5;6;2;6;4;2;0;0;1;0;1;0;1;1;2;1
11;1;1100207.0;2021;1;9;4;3;5;3;0;0;1;0;0;0;0;1;1;2;0
11;4;4501150.0;2021;3;9;4;3;1;5;0;1;1;0;0;0;0;0;0;2;0
11;4;4100101.0;2021;2;18;6;3;6;2;2;0;0;1;0;0;1;2;1;2;1
11;4;4501043.0;2021;1;14;2;2;6;4;0;0;0;1;0;0;1;1;1;2;0
11;6;6200311.0;2021;1;7;3;3;6;2;1;0;1;1;0;0;0;1;1;2;0
11;7;7100103.0;2021;2;15;2;3;2;6;0;0;1;0;0;0;0;0;1;2;1