LAND;BEZ;LOR_ab_2021;UJAHR;UMONAT;USTUNDE;UWOCHENTAG;UKATEGORIE;UART;UTYP1;ULICHTVERH;IstRad;IstPKW;IstFuss;IstKrad;IstGkfz;IstSonstige;USTRZUSTAND;LOCKDOWN;COVID;FERIEN
11;8;8100310.0;2020;1;11;2;2;5;3;0;1;1;0;0;0;0;0;0;0;1
11;8;8100105.0;2020;1;9;2;3;0;5;0;1;1;0;0;0;0;0;0;0;1
11;12;12400722.0;2020;1;16;2;3;2;6;0;0;1;0;0;0;0;1;0;0;1
11;8;8100314.0;2020;1;17;2;3;6;7;2;1;0;1;0;0;0;0;0;0;1
11;8;8100417.0;2020;1;15;2;3;5;7;0;0;1;0;0;0;0;0;0;0;1
11;4;4400725.0;2020;1;9;4;2;0;7;0;0;1;0;0;0;0;1;0;0;1
11;1;1300733.0;2020;1;15;2;3;1;5;1;1;1;0;0;0;0;1;0;0;1
11;9;9100407.0;2020;1;12;4;3;0;2;0;0;0;0;0;1;1;1;0;0;1
11;3;3300411.0;2020;1;15;2;3;5;2;0;0;1;0;0;0;0;0;0;0;1
11;10;10300731.0;2020;1;14;2;3;5;3;0;1;1;0;0;0;0;1;0;0;1
11;4;4300416.0;2020;1;14;2;3;0;6;0;0;1;0;0;0;1;0;0;0;1
11;10;10100311.0;2020;1;14;2;3;6;4;0;0;1;1;0;0;0;0;0;0;1
11;10;10100315.0;2020;1;14;2;3;5;3;0;0;1;0;0;0;0;0;0;0;1
11;1;1100311.0;2020;1;20;3;3;5;2;2;1;1;0;0;0;0;1;0;0;1
11;1;1200519.0;2020;1;12;2;3;2;6;0;0;1;0;0;0;0;1;0;0;1
11;3;3701657.0;2020;1;12;2;3;0;7;0;1;0;0;0;0;0;1;0;0;1
11;6;6100206.0;2020;1;14;3;3;5;2;0;1;1;0;0;0;0;1;0;0;1
11;8;8200725.0;2020;1;10;2;3;5;3;0;0;1;0;0;0;0;0;0;0;1
11;6;6200313.0;2020;1;9;2;3;2;2;0;0;1;0;0;0;0;0;0;0;1
11;12;12400619.0;2020;1;9;2;2;5;2;0;1;1;0;0;0;0;1;0;0;1
11;4;4300414.0;2020;1;8;2;3;5;2;0;1;1;0;0;0;0;0;0;0;1
11;6;6400843.0;2020;1;8;2;3;6;2;1;0;1;1;0;0;0;0;0;0;1
11;2;2200210.0;2020;1;8;3;3;2;6;0;0;1;0;0;0;0;1;0;0;1
11;6;6300528.0;2020;1;7;2;3;1;5;0;0;1;0;0;0;0;1;0;0;1
11;2;2200209.0;2020;1;19;1;3;4;7;2;0;1;0;0;0;1;1;0;0;1
11;9;9200613.0;2020;1;14;3;3;6;4;0;0;1;1;0;0;0;0;0;0;1
11;1;1100309.0;2020;1;23;1;3;0;1;2;1;0;0;0;0;0;1;0;0;1
11;1;2100101.0;2020;1;16;4;2;0;3;2;1;1;0;0;0;0;1;0;0;1
11;7;7501134.0;2020;1;12;1;2;0;1;0;1;0;0;0;0;0;1;0;0;1
11;2;2200208.0;2020;1;5;1;2;6;2;1;0;1;1;0;0;0;0;0;0;1
11;1;1100206.0;2020;1;2;1;3;5;3;2;0;1;0;0;0;0;1;0;0;1
11;4;4300416.0;2020;1;20;4;2;5;7;2;0;1;0;1;0;0;1;0;0;1
11;1;1400939.0;2020;1;0;1;3;5;3;2;0;1;0;0;0;0;0;0;0;1
11;1;1100308.0;2020;1;23;1;3;5;3;2;0;1;0;0;0;0;1;0;0;1
11;1;1400942.0;2020;1;20;1;3;2;6;2;0;1;0;0;0;0;1;0;0;1
11;8;8100208.0;2020;1;18;1;3;5;3;1;1;1;0;0;0;0;0;0;0;1
11;4;4100101.0;2020;1;15;1;3;2;6;2;0;1;0;0;0;0;1;0;0;1
11;5;5100312.0;2020;1;13;3;3;6;7;0;0;1;1;0;0;0;0;0;0;1
11;4;4501042.0;2020;1;22;7;3;6;7;2;0;1;1;0;0;0;0;0;0;1
11;9;9200715.0;2020;1;6;4;3;5;2;2;0;1;0;0;0;1;1;0;0;1
11;5;5200632.0;2020;1;18;7;3;2;2;2;0;1;0;0;0;0;0;0;0;1
11;11;11300620.0;2020;1;18;7;3;2;6;2;0;1;0;0;0;0;1;0;0;1
11;6;6200311.0;2020;1;17;7;3;5;3;2;0;1;0;0;0;0;1;0;0;1
11;1;1401044.0;2020;1;17;7;3;5;3;2;1;1;0;0;0;0;1;0;0;1
11;4;4300622.0;2020;1;17;7;3;5;2;2;0;1;0;0;0;0;1;0;0;1
11;12;12200307.0;2020;1;16;7;3;6;2;2;0;1;1;0;0;0;1;0;0;1
11;1;1100415.0;2020;1;16;7;3;2;6;2;0;1;0;0;0;0;1;0;0;1
11;12;12601236.0;2020;1;11;4;3;5;2;0;0;1;0;0;0;0;1;0;0;1
11;3;3400831.0;2020;1;14;7;3;2;6;0;0;1;0;0;0;0;1;0;0;1
11;1;1100308.0;2020;1;13;7;3;5;2;0;1;1;0;0;0;0;1;0;0;1
11;3;3300516.0;2020;1;13;7;3;5;2;0;0;1;0;0;0;0;1;0;0;1
11;1;1200517.0;2020;1;13;7;2;5;2;0;1;1;0;0;0;0;1;0;0;1
11;7;7601341.0;2020;1;10;3;3;5;2;0;0;1;0;0;0;0;0;0;0;1
11;4;4501150.0;2020;1;11;7;3;0;4;0;1;0;1;0;0;0;1;0;0;1
11;7;7601341.0;2020;1;14;3;3;2;6;0;0;1;0;0;0;0;1;0;0;1
11;5;5300840.0;2020;1;7;7;3;0;2;1;0;1;0;1;0;0;1;0;0;1
11;1;1100310.0;2020;1;3;7;3;5;3;2;0;1;0;0;0;0;1;0;0;1
11;4;4500936.0;2020;1;0;7;2;5;2;2;0;1;0;0;0;1;1;0;0;1
11;10;10300734.0;2020;1;12;5;3;5;3;0;1;0;0;0;0;1;1;0;0;1
11;6;6100209.0;2020;1;13;6;3;2;6;0;0;1;0;0;0;0;1;0;0;1
11;8;8100521.0;2020;1;19;6;3;2;6;2;0;1;0;0;0;0;1;0;0;1
11;6;6200421.0;2020;1;12;6;3;0;1;0;1;0;0;0;0;0;1;0;0;1
11;1;1400938.0;2020;1;16;6;3;0;3;2;0;1;0;1;0;0;1;0;0;1
11;3;3400826.0;2020;1;14;3;3;1;5;0;1;1;0;0;0;0;1;0;0;1
11;8;8100314.0;2020;1;15;6;3;5;3;1;0;1;0;0;0;0;1;0;0;1
11;3;3400618.0;2020;1;15;6;3;1;5;1;0;1;0;1;0;0;1;0;0;1
11;3;3300516.0;2020;1;14;3;3;2;6;0;0;1;0;0;0;1;1;0;0;1
11;9;9501939.0;2020;1;15;6;3;5;2;0;0;1;0;0;0;1;1;0;0;1
11;4;4300622.0;2020;1;17;4;3;0;3;2;1;0;0;1;0;0;1;0;0;1
11;7;7100205.0;2020;1;14;6;3;5;3;0;0;1;0;0;0;0;1;0;0;1
11;5;5100314.0;2020;1;7;3;3;5;3;1;0;1;0;0;0;0;0;0;0;1
11;5;5100211.0;2020;1;13;6;2;2;6;0;0;1;0;0;0;0;1;0;0;1
11;4;4300619.0;2020;1;14;6;3;2;6;0;0;1;0;0;0;0;0;0;0;1
11;9;9100407.0;2020;1;20;6;2;6;2;2;0;0;1;0;0;1;1;0;0;1
11;4;4300623.0;2020;1;19;6;2;6;2;2;0;1;1;0;0;0;1;0;0;1
11;6;6100206.0;2020;1;12;3;2;6;4;0;0;1;1;0;0;0;1;0;0;1
11;12;12200310.0;2020;1;20;6;2;5;3;2;0;1;0;0;0;1;1;0;0;1
11;7;7300515.0;2020;1;19;3;2;5;3;2;0;1;0;1;0;0;1;0;0;1
11;4;4200310.0;2020;1;5;4;3;5;3;2;0;1;0;0;0;0;1;0;0;1
11;2;2100106.0;2020;1;18;6;3;5;3;2;1;1;0;0;0;0;1;0;0;1
11;4;4400726.0;2020;1;18;6;3;5;3;2;1;1;0;0;0;0;1;0;0;1
11;5;5200527.0;2020;1;19;3;2;5;3;2;0;1;0;1;0;0;0;0;0;1
11;4;4501043.0;2020;1;14;4;3;2;6;0;0;1;0;0;0;0;1;0;0;1
11;8;8100209.0;2020;1;16;6;3;6;2;1;0;1;1;0;0;0;1;0;0;1
11;6;6200313.0;2020;1;17;6;3;2;2;2;0;1;0;0;0;0;1;0;0;1
11;4;4200308.0;2020;1;17;6;3;6;2;2;0;1;1;0;0;0;1;0;0;1
11;2;2300316.0;2020;1;17;6;2;6;2;2;0;1;1;0;0;0;1;0;0;1
11;5;5100208.0;2020;1;17;6;3;6;4;2;0;1;1;0;0;0;1;0;0;1
11;11;11400927.0;2020;1;16;6;3;2;2;2;1;1;0;0;0;0;1;0;0;1
11;1;1100308.0;2020;1;18;3;3;0;1;2;1;0;0;0;0;0;1;0;0;1
11;1;1100312.0;2020;1;7;4;3;5;3;1;1;1;0;0;0;0;1;0;0;1
11;11;11200411.0;2020;1;23;6;3;5;2;2;0;1;0;0;0;0;1;0;0;1
11;8;8100208.0;2020;1;22;6;3;6;4;2;1;0;1;0;0;0;1;0;0;1
11;12;12200310.0;2020;1;22;6;2;6;4;2;0;1;1;0;0;0;1;0;0;1
11;8;8200623.0;2020;1;21;6;3;0;2;2;0;1;1;0;0;0;1;0;0;1
11;6;6300631.0;2020;1;20;6;2;5;3;2;1;1;0;0;0;0;1;0;0;1
11;1;1300732.0;2020;1;20;6;2;5;3;2;1;1;0;0;0;0;1;0;0;1
11;7;7300618.0;2020;1;17;3;3;5;3;2;1;1;0;0;0;0;1;0;0;1
11;2;2500833.0;2020;1;21;3;3;6;4;2;0;1;1;0;0;0;1;0;0;1
11;4;4501148.0;2020;1;13;6;3;5;2;0;0;1;0;0;0;0;0;0;0;1
11;3;3601450.0;2020;1;13;6;3;5;3;0;0;1;0;0;0;0;0;0;0;1
11;1;1300730.0;2020;1;15;2;3;5;2;0;0;1;0;0;0;0;1;0;0;1
11;5;5200420.0;2020;1;12;6;3;2;6;0;0;1;0;0;0;0;1;0;0;1
11;12;12200309.0;2020;1;18;4;3;5;7;2;0;1;0;1;0;0;1;0;0;1
11;3;3601346.0;2020;1;12;6;3;2;1;0;0;1;0;1;0;0;0;0;0;1
11;9;9501737.0;2020;1;11;6;3;5;2;0;1;1;0;0;0;0;1;0;0;1
11;3;3400721.0;2020;1;10;6;3;5;3;0;1;1;0;0;0;0;1;0;0;1
11;7;7400823.0;2020;1;8;3;3;6;2;0;0;1;1;0;0;0;1;0;0;1
11;7;7300517.0;2020;1;1;6;3;0;1;2;1;0;0;0;0;0;0;0;0;1
11;6;6400843.0;2020;1;15;5;3;6;4;1;0;1;1;0;0;0;0;0;0;1
11;3;3601140.0;2020;1;18;2;3;0;1;2;0;0;0;1;0;0;1;0;0;1
11;8;8100206.0;2020;1;3;5;2;5;3;2;0;1;0;0;0;0;2;0;0;1
11;2;2200210.0;2020;1;17;3;3;5;3;2;1;1;0;0;0;0;1;0;0;1
11;6;6200421.0;2020;1;16;4;3;2;6;2;0;1;0;0;0;0;1;0;0;1
11;4;4300619.0;2020;1;14;5;2;3;6;0;0;1;0;1;1;0;0;0;0;1
11;10;10400941.0;2020;1;16;3;3;5;3;1;1;1;0;0;0;0;1;0;0;1
11;1;1300730.0;2020;1;13;5;3;5;2;0;0;1;0;0;0;0;0;0;0;1
11;9;9301228.0;2020;1;13;5;3;2;6;0;1;1;0;0;0;0;0;0;0;1
11;4;4400833.0;2020;1;12;5;3;6;2;0;0;1;1;0;0;0;0;0;0;1
11;3;3200310.0;2020;1;12;5;3;0;7;0;1;1;0;0;0;0;0;0;0;1
11;2;2500726.0;2020;1;11;5;3;3;2;0;1;1;0;0;0;0;0;0;0;1
11;4;4500936.0;2020;1;11;5;3;5;2;0;0;1;0;0;0;0;0;0;0;1
11;12;12200307.0;2020;1;8;5;3;0;7;0;0;1;0;0;0;0;0;0;0;1
11;7;7601546.0;2020;1;8;5;3;5;3;0;0;1;0;0;0;0;0;0;0;1
11;3;3701554.0;2020;1;21;2;3;8;1;2;0;0;0;1;0;0;0;0;0;1
11;7;7400720.0;2020;1;6;5;3;5;3;2;0;1;0;0;0;0;2;0;0;1
11;5;5100314.0;2020;1;7;4;3;2;6;0;0;1;0;0;0;0;1;0;0;1
11;8;8200623.0;2020;1;3;5;3;5;3;2;0;1;0;0;0;0;1;0;0;1
11;7;7400824.0;2020;1;22;5;2;0;1;2;0;1;0;0;0;0;1;0;0;1
11;7;7601443.0;2020;1;19;5;2;1;5;2;0;1;0;0;0;0;0;0;0;1
11;2;1100311.0;2020;1;18;5;2;6;4;2;0;1;1;0;0;0;0;0;0;1
11;11;11400929.0;2020;1;18;5;3;5;3;2;0;1;0;0;0;1;0;0;0;1
11;6;6200317.0;2020;1;15;3;3;5;3;1;1;1;0;0;0;0;1;0;0;1
11;6;6100102.0;2020;1;17;5;2;0;6;2;0;1;0;0;0;1;0;0;0;1
11;3;3400724.0;2020;1;11;4;3;5;3;0;0;1;0;0;0;0;1;0;0;1
11;1;1100102.0;2020;1;17;5;3;5;2;2;1;1;0;0;0;0;0;0;0;1
11;1;1300733.0;2020;1;15;5;3;5;3;1;1;1;0;0;0;0;0;0;0;1
11;1;1200517.0;2020;1;15;5;3;2;2;0;0;1;0;0;0;0;0;0;0;1
11;2;2300314.0;2020;1;7;5;1;6;4;1;0;0;1;0;0;1;0;0;0;1
11;3;3701660.0;2020;1;13;4;3;6;4;0;0;1;1;0;0;0;0;0;0;1
11;3;3400619.0;2020;1;11;3;2;5;3;0;1;1;0;0;0;0;1;0;0;1
11;11;11300722.0;2020;1;18;4;2;5;2;2;0;1;0;1;0;0;0;0;0;1
11;6;6400840.0;2020;1;21;4;3;5;2;2;1;1;0;0;0;0;0;0;0;1
11;2;2100106.0;2020;1;13;4;1;5;2;0;1;0;0;0;1;0;1;0;0;1
11;8;8100206.0;2020;1;11;4;2;5;3;0;0;1;0;0;0;0;0;0;0;1
11;1;1400938.0;2020;1;3;4;3;5;2;2;0;1;0;0;0;0;1;0;0;1
11;8;8100206.0;2020;1;3;4;3;5;3;2;0;1;0;0;0;0;0;0;0;1
11;8;8200623.0;2020;1;2;4;3;5;3;2;0;1;0;0;0;0;0;0;0;1
11;4;4501043.0;2020;1;15;3;3;6;4;1;1;0;1;0;0;0;1;0;0;1
11;3;3601346.0;2020;1;1;4;2;0;1;2;1;0;0;0;0;0;0;0;0;1
11;4;4501042.0;2020;1;7;3;3;1;5;0;1;1;0;0;0;0;1;0;0;1
11;1;1100309.0;2020;1;20;2;3;6;2;2;0;1;1;0;0;0;0;0;0;1
11;8;8100312.0;2020;1;19;2;3;1;5;2;1;1;0;0;0;0;0;0;0;1
11;6;6300526.0;2020;1;19;4;3;5;2;2;1;1;0;0;0;0;1;0;0;1
11;6;6200315.0;2020;1;18;2;2;6;4;2;0;1;1;0;0;0;1;0;0;1
11;2;2200208.0;2020;1;6;4;3;5;2;2;1;1;0;0;0;0;1;0;0;1
11;7;7400822.0;2020;1;15;4;3;6;4;0;0;1;1;0;0;0;0;0;0;1
11;5;5100316.0;2020;1;8;4;3;0;5;0;0;0;0;0;0;1;1;0;0;1
11;1;1100416.0;2020;1;8;3;3;1;5;1;1;0;0;0;0;1;1;0;0;1
11;10;10100314.0;2020;1;21;5;2;9;1;2;0;0;0;0;0;1;1;0;0;1
11;6;6300633.0;2020;1;9;3;2;5;2;0;0;1;0;0;0;0;1;0;0;1
11;8;8401242.0;2020;1;18;2;2;5;2;2;0;1;0;1;0;0;1;0;0;1
11;8;8401243.0;2020;1;15;3;3;3;6;1;0;1;0;0;0;1;1;0;0;1
11;1;1100101.0;2020;1;17;4;3;1;5;2;1;1;0;0;0;0;1;0;0;1
11;12;12100101.0;2020;1;15;3;3;5;2;0;0;1;0;0;0;0;0;0;0;1
11;4;4100101.0;2020;1;7;3;3;6;2;2;0;1;1;0;0;0;1;0;0;1
11;1;1401047.0;2020;1;18;7;3;6;2;2;0;1;1;0;0;0;0;0;0;1
11;12;12100101.0;2020;1;16;2;3;2;3;2;0;1;0;0;0;0;0;0;0;1
11;9;9100409.0;2020;1;12;6;3;1;5;0;0;1;0;0;0;0;1;0;0;1
11;6;6300632.0;2020;1;15;7;3;5;3;0;0;1;0;0;0;0;0;0;0;1
11;11;11300617.0;2020;1;10;6;3;5;2;0;1;1;0;0;0;0;0;0;0;1
11;8;8100102.0;2020;1;7;5;3;5;2;2;1;1;0;0;0;0;0;0;0;1
11;9;9200614.0;2020;1;7;2;3;5;3;2;1;1;0;0;0;0;0;0;0;1
11;2;2500833.0;2020;1;10;6;3;5;3;0;0;1;0;0;1;0;1;0;0;1
11;2;2300417.0;2020;1;18;3;3;1;5;2;1;1;0;0;0;0;0;0;0;1
11;6;6200422.0;2020;1;10;6;3;5;3;0;0;1;0;0;1;0;1;0;0;1
11;4;4501148.0;2020;1;18;7;3;8;1;2;0;1;0;0;0;0;0;0;0;1
11;2;2300314.0;2020;1;13;2;3;5;3;0;1;1;0;0;0;0;1;0;0;1
11;4;4501146.0;2020;1;10;6;2;0;1;0;1;0;0;0;0;0;1;0;0;1
11;5;5100316.0;2020;1;10;5;3;6;4;0;0;1;1;0;0;0;0;0;0;1
11;4;4501152.0;2020;1;18;4;3;6;4;2;1;0;1;0;0;0;0;0;0;1
11;6;6300634.0;2020;1;14;1;3;5;2;0;0;1;0;1;0;0;0;0;0;1
11;3;3601142.0;2020;1;9;4;3;5;2;0;1;1;0;0;0;0;0;0;0;1
11;1;1100206.0;2020;1;15;2;2;5;2;0;0;1;0;1;0;0;0;0;0;1
11;5;5200423.0;2020;1;7;3;3;5;2;2;0;1;0;0;0;0;0;0;0;1
11;9;9200717.0;2020;1;9;6;2;5;3;0;1;1;0;0;0;0;1;0;0;1
11;9;9401431.0;2020;1;8;6;3;3;6;1;1;0;0;0;0;1;0;0;0;1
11;8;8100314.0;2020;1;9;2;3;2;2;0;0;1;0;0;0;1;0;0;0;1
11;6;6100101.0;2020;1;8;6;2;5;2;0;1;1;0;0;0;0;1;0;0;1
11;3;3601142.0;2020;1;18;5;3;1;5;2;1;1;0;0;0;0;0;0;0;1
11;4;4400835.0;2020;1;16;4;3;5;2;2;0;1;0;1;0;0;0;0;0;1
11;9;9100408.0;2020;1;12;1;1;5;2;0;1;0;0;0;0;1;0;0;0;1
11;8;8100311.0;2020;1;12;2;3;5;3;0;1;1;0;0;0;0;1;0;0;1
11;2;2100101.0;2020;1;8;6;3;0;1;1;0;0;0;0;0;1;1;0;0;1
11;4;4501042.0;2020;1;5;7;3;0;1;2;0;0;0;0;0;1;1;0;0;1
11;10;10100314.0;2020;1;14;6;3;0;7;0;0;1;0;0;0;1;0;0;0;1
11;4;4501043.0;2020;1;15;1;3;2;6;0;0;1;0;0;0;1;0;0;0;1
11;1;1100206.0;2020;1;8;6;3;5;3;0;0;1;0;0;0;0;0;0;0;1
11;3;3300412.0;2020;1;10;3;3;4;7;0;0;1;0;0;0;0;0;0;0;1
11;4;4300622.0;2020;1;8;6;2;5;2;0;1;1;0;0;0;0;1;0;0;1
11;8;8200730.0;2020;1;7;6;2;6;2;1;0;1;1;0;0;0;2;0;0;1
11;9;9100306.0;2020;1;7;2;3;6;2;2;0;1;1;0;0;0;0;0;0;1
11;6;6400838.0;2020;1;7;6;2;6;2;0;0;1;1;0;0;0;1;0;0;1
11;1;1200626.0;2020;1;18;5;3;6;4;1;1;0;1;0;0;0;0;0;0;1
11;7;7200308.0;2020;1;13;4;3;5;5;0;1;1;0;0;0;0;0;0;0;1
11;4;4501045.0;2020;1;18;7;3;5;3;2;1;1;0;0;0;0;0;0;0;1
11;3;3400829.0;2020;1;17;2;3;5;3;2;1;1;0;0;0;0;0;0;0;1
11;9;9100407.0;2020;1;7;6;3;5;3;2;1;1;0;0;0;0;1;0;0;1
11;1;1300733.0;2020;1;3;7;3;5;2;2;0;1;0;0;0;0;1;0;0;1
11;1;1300836.0;2020;1;13;6;3;2;6;0;0;1;0;0;0;1;0;0;0;1
11;9;9200510.0;2020;1;10;5;3;2;6;0;0;1;0;0;0;0;0;0;0;1
11;9;9100409.0;2020;1;9;2;3;5;3;0;1;1;0;0;0;0;0;0;0;1
11;8;8100312.0;2020;1;20;6;3;5;3;2;1;1;0;0;0;0;1;0;0;1
11;5;5100314.0;2020;1;17;5;3;6;4;2;0;1;1;0;0;0;0;0;0;1
11;12;12200310.0;2020;1;11;2;2;0;2;0;0;1;0;0;0;1;0;0;0;1
11;11;11200411.0;2020;1;7;4;2;5;3;2;1;1;0;0;0;0;0;0;0;1
11;6;6100206.0;2020;1;13;7;3;5;3;0;1;1;0;0;0;0;0;0;0;1
11;7;7100205.0;2020;1;16;2;2;3;6;0;0;1;0;0;0;0;0;0;0;1
11;2;2300315.0;2020;1;19;6;3;5;3;1;1;1;0;0;0;0;1;0;0;1
11;6;6200422.0;2020;1;1;7;2;1;1;2;0;1;0;0;0;0;1;0;0;1
11;4;4100102.0;2020;1;11;6;3;0;2;0;1;1;0;0;0;0;0;0;0;1
11;9;9501736.0;2020;1;7;5;3;5;3;1;1;1;0;0;0;0;0;0;0;1
11;9;9401329.0;2020;1;17;2;3;1;5;2;0;1;0;0;0;0;0;0;0;1
11;2;2400623.0;2020;1;19;6;3;3;6;2;1;1;0;0;0;0;1;0;0;1
11;9;9200510.0;2020;1;17;3;3;2;2;2;0;1;0;0;0;0;0;0;0;1
11;6;6200313.0;2020;1;19;6;2;6;2;2;0;1;1;0;0;0;0;0;0;1
11;1;1100310.0;2020;1;18;7;3;2;2;2;0;1;0;0;0;0;0;0;0;1
11;12;12200307.0;2020;1;11;2;3;5;3;0;0;1;0;0;0;0;0;0;0;1
11;4;4400727.0;2020;1;18;6;3;6;4;2;0;1;1;0;0;0;1;0;0;1
11;3;11300617.0;2020;1;20;3;3;2;6;2;0;1;0;0;0;0;0;0;0;1
11;6;6200311.0;2020;1;17;6;3;5;3;2;0;1;0;0;0;0;1;0;0;1
11;6;6200421.0;2020;1;10;7;3;5;2;0;1;1;0;0;0;0;1;0;0;1
11;3;3400723.0;2020;1;15;2;3;5;7;0;0;1;0;1;0;0;1;0;0;1
11;1;1401045.0;2020;1;17;6;3;2;2;2;0;1;0;0;0;0;1;0;0;1
11;3;3601140.0;2020;1;8;5;3;2;7;0;0;1;0;0;0;0;0;0;0;1
11;2;2500726.0;2020;1;8;4;3;5;3;0;0;1;0;0;0;0;0;0;0;1
11;2;2500835.0;2020;1;19;1;3;6;2;2;0;1;1;0;0;0;0;0;0;1
11;2;2200210.0;2020;1;16;3;3;5;2;0;1;1;0;0;0;0;0;0;0;1
11;1;1100313.0;2020;1;17;6;3;5;2;2;0;0;0;1;0;1;1;0;0;1
11;2;2400521.0;2020;1;7;6;3;1;5;0;1;1;0;0;0;0;0;0;0;1
11;3;3200309.0;2020;1;8;2;3;5;2;0;1;1;0;0;0;0;0;0;0;1
11;3;3601348.0;2020;1;16;6;3;0;1;2;0;0;0;1;0;0;1;0;0;1
11;2;2100104.0;2020;1;16;5;2;6;4;2;0;1;1;0;0;0;0;0;0;1
11;9;9200819.0;2020;1;16;4;3;5;2;0;1;1;0;0;0;0;0;0;0;1
11;9;9100203.0;2020;1;10;7;3;6;4;0;0;1;1;0;0;0;0;0;0;1
11;4;4200310.0;2020;1;21;5;2;8;1;2;0;1;0;0;0;0;0;0;0;1
11;6;6200312.0;2020;1;17;4;2;5;3;2;0;1;0;1;0;0;0;0;0;1
11;8;8100314.0;2020;1;5;1;3;0;7;2;0;1;0;0;0;0;0;0;0;1
11;2;2200209.0;2020;1;8;3;3;0;2;0;1;0;0;0;1;0;1;0;0;1
11;7;7100101.0;2020;1;15;6;2;0;3;1;1;0;0;0;0;1;1;0;0;1
11;6;6100209.0;2020;1;18;6;3;6;2;1;0;1;1;0;0;0;0;0;0;1
11;1;1300836.0;2020;1;0;2;3;1;1;2;0;1;0;0;0;0;1;0;0;1
11;4;4400830.0;2020;1;15;6;3;6;2;1;0;1;1;0;0;0;1;0;0;1
11;6;6200314.0;2020;1;17;5;3;5;2;2;0;1;0;1;0;0;0;0;0;1
11;5;5100317.0;2020;1;13;4;2;2;6;0;0;1;0;0;0;0;0;0;0;1
11;3;3601450.0;2020;1;16;2;3;5;2;2;0;1;0;0;0;0;1;0;0;1
11;7;7400826.0;2020;1;15;6;3;6;7;0;1;0;1;0;0;0;0;0;0;1
11;2;2100106.0;2020;1;17;6;3;6;7;2;1;0;1;0;0;0;0;0;0;1
11;5;5300736.0;2020;1;23;2;3;0;3;2;1;1;0;0;0;0;0;0;0;1
11;7;7100204.0;2020;1;14;6;3;5;7;0;0;1;0;1;0;0;1;0;0;1
11;4;4501043.0;2020;1;12;6;3;1;5;0;0;1;0;1;0;0;1;0;0;1
11;7;7601238.0;2020;1;14;6;3;2;2;0;0;1;0;0;0;0;0;0;0;1
11;9;9501941.0;2020;1;13;1;2;4;1;0;0;1;0;0;0;0;0;0;0;1
11;12;12200515.0;2020;1;17;5;3;6;4;2;0;1;1;0;0;0;0;0;0;1
11;5;5100104.0;2020;1;8;2;3;5;3;0;0;1;0;0;1;0;0;0;0;1
11;6;6200315.0;2020;1;9;1;2;6;2;0;0;1;1;0;0;0;0;0;0;1
11;10;10100315.0;2020;1;5;4;3;6;2;2;0;1;1;0;0;0;0;0;0;1
11;2;2200208.0;2020;1;23;7;3;5;2;2;1;1;0;0;0;0;1;0;0;1
11;7;7601546.0;2020;1;15;2;3;6;5;0;0;1;1;0;0;0;0;0;0;1
11;7;7400721.0;2020;1;5;6;3;6;2;2;0;1;1;0;0;0;0;0;0;1
11;7;7501030.0;2020;1;14;6;3;0;3;0;0;1;0;0;0;1;0;0;0;1
11;4;4200308.0;2020;1;10;6;2;5;2;0;1;1;0;0;0;0;0;0;0;1
11;12;12200412.0;2020;1;9;1;3;5;2;0;0;1;0;0;0;0;1;0;0;1
11;8;8100416.0;2020;1;11;4;3;6;4;0;0;1;1;0;0;0;0;0;0;1
11;12;12200414.0;2020;1;15;2;3;2;6;1;0;1;0;0;0;0;1;0;0;1
11;11;11400927.0;2020;1;12;6;3;0;1;0;0;0;0;1;0;0;1;0;0;1
11;3;3300516.0;2020;1;14;7;3;5;3;0;0;1;0;0;0;0;0;0;0;1
11;12;12100205.0;2020;1;8;5;2;1;7;0;0;1;0;0;1;0;0;0;0;1
11;7;7501030.0;2020;1;7;2;3;5;5;1;1;1;0;0;0;0;0;0;0;1
11;8;8300934.0;2020;1;4;6;3;6;2;2;0;0;1;0;1;0;1;0;0;1
11;11;11300723.0;2020;1;19;3;3;2;6;2;0;1;0;0;0;0;1;0;0;1
11;12;12601235.0;2020;1;7;6;3;6;2;2;0;1;1;0;0;0;1;0;0;1
11;1;1401047.0;2020;1;10;7;3;2;6;0;0;1;0;0;0;0;0;0;0;1
11;1;1400937.0;2020;1;14;2;3;2;6;0;0;1;0;0;1;0;1;0;0;1
11;10;10100311.0;2020;1;7;6;3;4;6;2;0;1;0;0;0;1;1;0;0;1
11;2;2200211.0;2020;1;12;5;3;5;3;0;1;1;0;0;0;0;0;0;0;1
11;9;9200715.0;2020;1;14;7;3;2;6;0;0;1;0;0;0;0;0;0;0;1
11;5;5300736.0;2020;1;18;4;2;2;6;2;0;1;0;0;0;0;0;0;0;1
11;4;4200205.0;2020;1;17;1;2;5;5;0;0;1;0;1;0;0;0;0;0;1
11;7;7400721.0;2020;1;11;3;3;0;6;0;0;0;1;0;0;1;0;0;0;1
11;5;5100208.0;2020;1;7;6;2;6;2;2;0;1;1;0;0;0;1;0;0;1
11;7;7601545.0;2020;1;7;6;3;0;1;0;1;0;0;0;0;0;1;0;0;1
11;5;5100211.0;2020;1;7;3;3;2;6;1;0;1;0;0;0;0;0;0;0;1
11;9;9501940.0;2020;1;6;6;3;6;2;2;0;1;1;0;0;0;1;0;0;1
11;3;3400721.0;2020;1;18;7;3;0;2;2;0;1;0;0;0;1;0;0;0;1
11;6;6300528.0;2020;1;9;2;3;6;2;0;0;0;1;0;0;1;0;0;0;1