LAND;BEZ;LOR_ab_2021;UJAHR;UMONAT;USTUNDE;UWOCHENTAG;UKATEGORIE;UART;UTYP1;ULICHTVERH;IstRad;IstPKW;IstFuss;IstKrad;IstGkfz;IstSonstige;USTRZUSTAND;LOCKDOWN;COVID;FERIEN
11;5;5300737.0;2020;1;6;6;3;6;2;2;0;1;1;0;0;0;1;0;0;1
11;10;10200423.0;2020;1;16;5;2;6;4;1;0;1;1;0;0;0;0;0;0;1
11;7;7400927.0;2020;1;15;7;3;5;2;0;0;1;0;0;0;0;0;0;0;1
11;1;1100415.0;2020;1;18;4;3;1;5;2;0;1;0;0;0;0;0;0;0;1
11;1;1100416.0;2020;1;1;1;3;0;1;2;1;0;0;0;0;0;1;0;0;1
11;1;1100102.0;2020;1;9;2;3;3;6;0;0;1;0;0;0;0;0;0;0;1
11;7;7601341.0;2020;1;7;5;3;5;2;1;1;1;0;0;0;0;1;0;0;1
11;11;11401137.0;2020;1;13;6;3;5;2;0;1;1;0;0;0;0;0;0;0;1
11;7;7100206.0;2020;1;15;6;3;0;7;0;1;0;0;0;0;0;0;0;0;1
11;7;7501031.0;2020;1;16;1;3;5;3;2;0;1;0;0;0;1;0;0;0;1
11;7;7400928.0;2020;1;14;5;3;4;6;0;1;1;0;0;0;0;0;0;0;1
11;5;5100313.0;2020;1;13;5;3;2;6;0;0;0;0;1;0;1;0;0;0;1
11;5;5100208.0;2020;1;12;2;3;5;2;0;0;1;0;0;0;0;0;0;0;1
11;11;11300620.0;2020;1;7;2;3;2;6;0;0;1;0;0;0;0;0;0;0;1
11;3;3300516.0;2020;1;17;5;3;0;1;2;0;1;0;1;0;0;1;0;0;1
11;4;4300518.0;2020;1;16;5;3;2;6;0;0;1;0;0;0;0;0;0;0;1
11;1;1401043.0;2020;1;15;4;3;5;3;0;1;1;0;0;0;0;0;0;0;1
11;3;3701556.0;2020;1;18;7;3;3;2;2;1;1;0;0;0;0;0;0;0;1
11;12;12200515.0;2020;1;18;2;3;1;1;2;1;1;0;0;0;0;0;0;0;1
11;1;1400938.0;2020;1;21;5;3;6;4;2;0;1;1;0;0;0;1;0;0;1
11;1;1100102.0;2020;1;13;6;3;5;3;0;0;1;0;0;0;0;1;0;0;1
11;3;3601142.0;2020;1;14;6;3;2;7;0;1;1;0;0;0;0;0;0;0;1
11;7;7501029.0;2020;1;15;7;3;5;3;0;1;1;0;0;0;0;0;0;0;1
11;5;5200629.0;2020;1;11;5;2;2;6;0;0;1;0;0;0;1;0;0;0;1
11;12;12200515.0;2020;1;9;2;3;0;6;0;1;0;0;0;0;1;0;0;0;1
11;6;6400737.0;2020;1;15;7;3;5;2;0;1;1;0;0;0;0;0;0;0;1
11;3;3601244.0;2020;1;11;3;3;5;3;0;1;1;0;0;0;0;0;0;0;1
11;3;3601243.0;2020;1;23;7;3;5;2;2;0;1;0;0;0;1;0;0;0;1
11;1;1100205.0;2020;1;8;4;3;5;3;0;1;1;0;0;0;0;0;0;0;1
11;12;12200307.0;2020;1;17;7;2;6;2;2;0;1;1;0;0;0;0;0;0;1
11;11;11300620.0;2020;1;16;2;3;5;3;2;0;1;0;0;0;0;1;0;0;1
11;1;1400938.0;2020;1;20;5;2;6;2;2;0;1;1;0;0;0;1;0;0;1
11;12;12200412.0;2020;1;13;6;3;2;6;0;0;1;0;0;0;1;0;0;0;1
11;3;3100101.0;2020;1;10;6;2;5;3;0;1;1;0;0;0;0;0;0;0;1
11;11;11501238.0;2020;1;7;5;3;5;2;2;1;1;0;0;0;0;0;0;0;1
11;11;11400928.0;2020;1;5;2;3;5;3;2;0;1;0;0;0;0;0;0;0;1
11;7;7400927.0;2020;1;20;5;3;6;4;2;0;1;1;0;0;0;1;0;0;1
11;2;2200210.0;2020;1;18;3;3;5;2;2;1;1;0;0;0;0;0;0;0;1
11;8;8100208.0;2020;1;19;5;2;6;4;2;0;1;1;0;0;0;1;0;0;1
11;4;4300416.0;2020;1;5;7;3;5;3;2;0;1;0;0;0;0;0;0;0;1
11;6;6100101.0;2020;1;12;2;3;2;6;0;0;1;0;0;0;1;0;0;0;1
11;1;1100312.0;2020;1;19;5;3;5;3;2;0;1;0;0;0;0;1;0;0;1
11;9;9501939.0;2020;1;22;5;3;5;2;2;0;1;0;0;0;0;0;0;0;1
11;8;8100104.0;2020;1;12;7;3;2;2;0;0;1;0;0;0;0;0;0;0;1
11;1;1300732.0;2020;1;15;2;3;6;4;1;0;1;1;0;0;0;1;0;0;1
11;12;12601031.0;2020;1;9;5;3;5;3;0;0;1;0;0;0;0;1;0;0;1
11;5;5200631.0;2020;1;18;6;3;6;2;2;0;1;1;0;0;0;0;0;0;1
11;3;3400829.0;2020;1;8;4;3;5;3;0;1;1;0;0;0;0;0;0;0;1
11;8;8100314.0;2020;1;12;1;3;6;7;0;1;0;1;0;0;0;0;0;0;1
11;12;12100205.0;2020;1;16;3;3;5;2;2;1;1;0;0;0;0;0;0;0;1
11;7;7400928.0;2020;1;10;5;3;2;7;0;1;1;0;0;0;0;0;0;0;1
11;1;1300836.0;2020;1;10;6;3;6;7;0;0;1;1;0;0;0;0;0;0;1
11;1;1100309.0;2020;1;8;2;3;5;3;0;0;1;0;0;0;1;0;0;0;1
11;5;5100316.0;2020;1;9;5;3;6;2;0;0;0;1;0;0;1;1;0;0;1
11;4;4200311.0;2020;1;16;5;3;5;2;0;1;1;0;0;0;0;0;0;0;1
11;11;11400927.0;2020;1;16;4;3;1;5;1;0;1;0;0;0;0;0;0;0;1
11;2;2200211.0;2020;1;13;7;3;1;5;0;1;0;0;0;0;1;0;0;0;1
11;3;3300411.0;2020;1;16;2;3;3;6;1;1;0;0;1;0;0;0;0;0;1
11;12;12200411.0;2020;1;7;5;3;5;2;1;0;1;0;0;1;0;1;0;0;1
11;2;2400521.0;2020;1;18;4;3;5;2;2;1;1;0;0;0;0;0;0;0;1
11;4;4200311.0;2020;1;10;1;3;2;6;0;0;1;0;0;0;0;1;0;0;1
11;9;9100408.0;2020;1;10;3;3;2;6;0;0;1;0;0;0;0;0;0;0;1
11;12;12400618.0;2020;1;7;5;3;6;4;1;0;1;1;0;0;0;1;0;0;1
11;3;3601452.0;2020;1;6;6;3;5;3;1;0;1;0;0;0;0;0;0;0;1
11;7;7200409.0;2020;1;3;2;3;5;3;2;0;1;0;0;0;1;0;0;0;1
11;3;3100103.0;2020;1;7;5;2;6;4;2;0;1;1;0;0;0;1;0;0;1
11;10;10300734.0;2020;1;15;5;3;2;6;0;0;1;0;0;0;0;0;0;0;1
11;12;12100205.0;2020;1;11;7;2;0;6;0;0;1;0;0;0;1;1;0;0;1
11;9;9100306.0;2020;1;13;4;3;2;6;0;0;1;0;0;0;0;0;0;0;1
11;5;5200528.0;2020;1;16;2;3;5;2;2;0;1;0;0;0;0;0;0;0;1
11;1;1100313.0;2020;1;6;5;3;5;3;2;1;1;0;0;0;0;1;0;0;1
11;12;12500825.0;2020;1;12;6;2;6;4;0;0;1;1;0;0;0;0;0;0;1
11;8;8200832.0;2020;1;12;6;3;6;2;0;0;1;1;0;0;0;0;0;0;1
11;4;4300518.0;2020;1;12;6;3;2;6;0;0;1;0;0;0;1;0;0;0;1
11;8;8100105.0;2020;1;14;6;3;2;6;0;0;1;0;1;0;0;0;0;0;1
11;6;6200311.0;2020;1;14;1;3;5;2;0;1;1;0;0;0;0;0;0;0;1
11;8;8100415.0;2020;1;17;5;3;2;6;2;0;1;0;0;0;0;0;0;0;1
11;10;10100311.0;2020;1;10;2;3;5;3;0;0;1;0;0;0;0;0;0;0;1
11;11;11300723.0;2020;1;5;4;2;5;3;2;0;1;0;1;0;0;0;0;0;1
11;10;10200420.0;2020;1;13;7;3;5;3;0;0;1;0;0;0;0;0;0;0;1
11;8;8100419.0;2020;1;16;2;3;6;7;0;0;1;1;0;0;0;0;0;0;1
11;4;4200308.0;2020;1;19;5;3;5;2;2;1;1;0;0;0;0;1;0;0;1
11;4;4400833.0;2020;1;12;6;3;5;3;0;0;1;0;0;0;0;0;0;0;1
11;10;10300732.0;2020;1;10;6;3;5;3;0;1;1;0;0;0;0;0;0;0;1
11;7;7501029.0;2020;1;6;4;1;5;3;2;0;1;0;1;0;0;0;0;0;1
11;2;2100106.0;2020;1;16;2;3;2;6;0;0;1;0;0;0;0;0;0;0;1
11;2;2100101.0;2020;1;17;3;3;5;2;2;0;1;0;0;0;0;0;0;0;1
11;5;5100103.0;2020;1;19;5;2;6;4;2;0;1;1;0;0;0;1;0;0;1
11;1;1100206.0;2020;1;9;5;3;1;5;0;1;1;0;0;0;0;0;0;0;1
11;6;6200421.0;2020;1;7;2;3;5;2;0;1;1;0;0;0;0;0;0;0;1
11;6;6100206.0;2020;1;18;5;3;1;5;2;1;1;0;0;0;0;1;0;0;1
11;1;1100102.0;2020;1;19;3;2;0;6;2;0;1;0;1;0;0;1;0;0;1
11;1;1100313.0;2020;1;18;5;3;5;3;2;1;0;0;0;0;1;1;0;0;1
11;6;6400735.0;2020;1;10;7;2;0;1;0;1;0;0;0;0;0;2;0;0;1
11;12;12200515.0;2020;1;15;2;3;5;2;1;0;1;0;0;0;0;0;0;0;1
11;4;4400726.0;2020;1;17;5;3;2;6;2;0;1;0;0;0;0;1;0;0;1
11;3;3400620.0;2020;1;14;5;3;6;2;0;0;1;1;0;0;0;0;0;0;1
11;3;3601346.0;2020;1;20;4;3;1;5;2;1;1;0;0;0;0;0;0;0;1
11;10;10100313.0;2020;1;22;1;3;2;6;2;0;1;0;0;0;0;0;0;0;1
11;5;5100207.0;2020;1;13;3;2;5;2;0;0;1;0;0;0;0;0;0;0;1
11;6;6300634.0;2020;1;17;5;3;6;4;2;0;1;1;0;0;0;1;0;0;1
11;9;9200715.0;2020;1;8;6;3;5;3;0;1;1;0;0;0;0;0;0;0;1
11;6;6200313.0;2020;1;8;2;3;5;2;0;1;1;0;0;0;0;0;0;0;1
11;11;11300826.0;2020;1;17;5;3;2;6;2;0;1;0;0;0;0;1;0;0;1
11;1;1100206.0;2020;1;16;5;3;6;4;1;0;1;1;0;0;0;0;0;0;1
11;5;5100105.0;2020;1;3;7;3;1;1;2;0;1;0;0;0;0;1;0;0;1
11;1;1100206.0;2020;1;10;2;3;5;2;0;1;1;0;0;0;0;0;0;0;1
11;2;2300314.0;2020;1;16;5;3;2;7;2;1;0;0;0;0;1;1;0;0;1
11;8;8100310.0;2020;1;19;5;3;5;3;2;1;1;0;0;0;0;0;0;0;1
11;7;7501134.0;2020;1;17;4;3;5;2;2;0;1;0;0;0;1;0;0;0;1
11;1;1300732.0;2020;1;2;1;3;5;3;2;0;1;0;0;0;0;0;0;0;1
11;9;9100408.0;2020;1;10;3;3;5;3;0;1;1;0;0;0;0;0;0;0;1
11;3;3200310.0;2020;1;16;5;3;1;5;2;0;1;0;0;0;0;1;0;0;1
11;2;2200209.0;2020;1;17;6;2;5;3;1;0;1;1;0;0;0;0;0;0;1
11;8;8100105.0;2020;1;18;1;3;1;5;2;1;1;0;0;0;0;0;0;0;1
11;10;10100102.0;2020;1;14;5;3;2;6;0;0;1;0;0;0;0;1;0;0;1
11;2;2400623.0;2020;1;14;5;3;1;5;0;1;1;0;0;0;0;0;0;0;1
11;1;1200518.0;2020;1;12;4;2;5;2;0;0;1;0;0;0;0;0;0;0;1
11;8;8200832.0;2020;1;15;4;3;2;6;0;0;1;0;0;0;0;0;0;0;1
11;6;6400735.0;2020;1;10;7;3;0;1;0;1;0;0;0;0;0;2;0;0;1
11;8;8100520.0;2020;1;23;2;3;9;1;2;0;1;0;0;0;1;0;0;0;1
11;5;5300736.0;2020;1;13;5;3;2;6;0;0;1;0;0;0;0;1;0;0;1
11;2;2100102.0;2020;1;12;6;3;3;6;0;0;1;0;0;1;0;1;0;0;1
11;9;9200510.0;2020;1;14;6;2;2;6;0;0;1;0;1;0;0;0;0;0;1
11;3;3100101.0;2020;1;10;1;3;5;3;0;0;1;0;0;0;0;0;0;0;1
11;5;5300841.0;2020;1;21;7;3;2;6;2;0;1;0;0;0;0;0;0;0;1
11;3;3400619.0;2020;1;12;5;3;6;2;0;0;1;1;0;0;0;0;0;0;1
11;1;1300836.0;2020;1;9;2;3;2;2;0;1;0;0;0;0;1;0;0;0;1
11;2;2500726.0;2020;1;17;7;3;5;3;2;1;0;0;0;0;1;0;0;0;1
11;12;12100204.0;2020;1;11;3;3;6;7;0;1;0;1;0;0;0;0;0;0;1
11;6;6300634.0;2020;1;13;7;3;5;2;0;1;1;0;0;0;0;0;0;0;1
11;7;7200307.0;2020;1;15;2;2;5;3;0;0;1;0;0;0;0;1;0;0;1
11;10;10200421.0;2020;1;14;5;3;1;5;0;0;1;0;0;0;1;1;0;0;1
11;5;5100315.0;2020;1;8;6;2;5;2;1;0;1;0;0;0;0;0;0;0;1
11;2;2100104.0;2020;1;15;3;3;5;2;1;1;1;0;0;0;0;1;0;0;1
11;10;10100210.0;2020;1;15;3;3;2;6;0;0;1;0;0;0;0;1;0;0;1
11;6;6300633.0;2020;1;16;5;3;6;7;0;1;0;1;0;0;0;0;0;0;1
11;8;8200833.0;2020;1;14;3;2;3;6;0;0;1;0;0;1;0;1;0;0;1
11;1;1300836.0;2020;1;19;3;3;1;5;2;0;1;0;0;0;0;1;0;0;1
11;5;5100316.0;2020;1;22;5;3;2;6;2;0;1;0;0;0;0;0;0;0;1
11;11;11400927.0;2020;1;19;3;3;5;2;2;1;1;0;0;0;0;1;0;0;1
11;4;4501042.0;2020;1;18;4;2;0;3;2;0;1;0;1;0;0;1;0;0;1
11;4;4500936.0;2020;1;15;5;3;5;2;0;1;1;0;0;0;0;0;0;0;1
11;2;2100101.0;2020;1;19;3;3;5;2;2;1;1;0;0;0;0;1;0;0;1
11;8;8100311.0;2020;1;17;5;1;6;4;2;0;1;1;0;0;0;0;0;0;1
11;5;5100211.0;2020;1;7;3;3;6;2;0;0;1;1;0;0;0;1;0;0;1
11;9;9200512.0;2020;1;15;3;2;6;4;0;0;0;1;0;0;1;1;0;0;1
11;2;2300316.0;2020;1;21;4;3;0;1;2;1;0;0;0;0;0;1;0;0;1
11;9;9501737.0;2020;1;7;3;3;6;2;1;0;1;1;0;0;0;1;0;0;1
11;1;1300733.0;2020;1;8;5;2;6;4;0;0;1;1;0;0;0;1;0;0;1
11;7;7200307.0;2020;1;7;3;3;1;5;0;1;1;0;0;0;0;1;0;0;1
11;9;9200715.0;2020;1;7;3;3;5;2;1;1;0;0;0;0;1;1;0;0;1
11;4;4400727.0;2020;1;17;4;3;5;2;2;0;1;0;0;0;0;1;0;0;1
11;11;11400930.0;2020;1;7;3;2;6;4;2;0;1;1;0;0;0;1;0;0;1
11;1;1100206.0;2020;1;19;4;3;5;2;2;1;1;0;0;0;0;0;0;0;1
11;4;4300416.0;2020;1;19;3;3;6;2;2;0;1;1;0;0;0;1;0;0;1
11;4;4501040.0;2020;1;7;6;3;6;4;0;1;0;1;0;0;0;1;0;0;1
11;6;6100205.0;2020;1;14;3;2;6;7;0;1;0;1;0;0;0;1;0;0;1
11;3;3200308.0;2020;1;17;4;3;6;4;2;0;0;1;0;0;1;0;0;0;1
11;6;6200421.0;2020;1;18;3;2;5;2;2;0;1;0;0;0;0;1;0;0;1
11;10;10200628.0;2020;1;6;5;3;5;3;2;0;1;0;0;0;0;1;0;0;1
11;7;7100101.0;2020;1;18;3;3;5;3;2;1;1;0;0;0;0;1;0;0;1
11;12;12100102.0;2020;1;7;3;2;6;2;2;0;1;1;0;0;0;1;0;0;1
11;4;4501045.0;2020;1;18;4;3;5;3;2;1;1;0;0;0;0;1;0;0;1
11;9;9200715.0;2020;1;11;3;3;5;2;0;1;1;0;0;0;0;1;0;0;1
11;1;1200624.0;2020;1;7;3;3;5;2;1;1;1;0;0;0;0;1;0;0;1
11;9;9200510.0;2020;1;17;5;3;5;2;2;1;1;0;0;0;0;0;0;0;1
11;10;10300734.0;2020;1;6;3;2;6;2;2;0;1;1;0;0;0;1;0;0;1
11;1;1100309.0;2020;1;17;4;3;1;5;2;1;1;0;0;0;0;0;0;0;1
11;2;2300419.0;2020;1;18;3;3;2;6;2;0;1;0;1;0;0;1;0;0;1
11;4;4501149.0;2020;1;16;4;3;2;6;2;0;1;0;0;0;0;1;0;0;1
11;10;10200628.0;2020;1;5;3;3;9;1;2;0;1;0;0;0;0;1;0;0;1
11;12;12200412.0;2020;1;12;6;1;5;2;0;1;0;0;0;1;0;0;0;0;1
11;9;9300920.0;2020;1;17;3;3;5;2;2;1;1;0;0;0;0;1;0;0;1
11;4;4300624.0;2020;1;16;4;3;6;7;1;0;1;1;0;0;0;1;0;0;1
11;4;4500939.0;2020;1;17;3;3;6;2;2;0;1;1;0;0;0;1;0;0;1
11;3;3200207.0;2020;1;14;4;3;2;7;0;0;1;0;0;0;1;0;0;0;1
11;11;11300722.0;2020;1;16;3;2;6;4;2;0;1;1;0;0;0;1;0;0;1
11;5;5100313.0;2020;1;14;3;3;2;6;0;0;1;0;0;0;0;0;0;0;1
11;5;5100316.0;2020;1;15;4;3;0;6;0;0;1;0;1;0;0;1;0;0;1
11;4;4400834.0;2020;1;10;3;3;2;2;0;0;1;0;0;0;1;0;0;0;1
11;3;3601243.0;2020;1;16;3;3;3;6;2;0;1;0;0;0;0;1;0;0;1
11;10;10300731.0;2020;1;22;5;3;1;5;2;0;1;0;0;0;0;0;0;0;1
11;1;1100309.0;2020;1;17;3;2;6;4;2;0;1;1;0;0;0;1;0;0;1
11;11;11400929.0;2020;1;6;4;3;1;5;1;0;1;0;0;0;0;0;0;0;1
11;4;4100102.0;2020;1;15;4;3;0;2;0;0;0;0;1;0;1;0;0;0;1
11;1;1300836.0;2020;1;14;3;3;5;2;0;1;1;0;0;0;0;0;0;0;1
11;11;11300617.0;2020;1;11;4;2;6;7;0;0;0;1;0;1;0;0;0;0;1
11;7;7601545.0;2020;1;16;3;3;1;5;2;0;1;0;0;0;1;1;0;0;1
11;4;4300623.0;2020;1;16;3;3;5;7;2;1;1;0;0;0;0;1;0;0;1
11;9;9200715.0;2020;1;10;3;1;5;3;0;0;1;0;1;0;0;1;0;0;1
11;7;7601341.0;2020;1;14;4;3;5;3;0;1;1;0;0;0;0;0;0;0;1
11;1;1100416.0;2020;1;10;3;3;4;6;0;1;0;0;1;0;0;1;0;0;1
11;2;2100102.0;2020;1;18;2;3;0;4;2;0;0;1;0;0;1;0;0;0;1
11;3;3300411.0;2020;1;6;5;2;5;3;2;1;0;0;0;0;0;1;0;0;1
11;3;3601244.0;2020;1;14;2;3;5;3;0;1;1;0;0;0;0;0;0;0;1
11;6;6400843.0;2020;1;18;4;2;0;3;2;0;1;0;1;0;0;1;0;0;1
11;4;4200308.0;2020;1;13;4;3;2;6;0;0;1;0;0;0;0;0;0;0;1
11;2;2300314.0;2020;1;13;2;3;5;3;0;0;1;0;0;0;0;0;0;0;1
11;7;7400826.0;2020;1;12;4;3;2;6;0;0;1;0;0;0;0;1;0;0;1
11;9;9401635.0;2020;1;13;2;2;9;1;0;0;1;0;0;0;0;1;0;0;1
11;4;4500938.0;2020;1;12;2;3;6;3;0;0;1;1;0;0;0;0;0;0;1
11;8;8100206.0;2020;1;22;4;3;0;3;2;1;0;0;0;0;1;0;0;0;1
11;7;7601341.0;2020;1;12;2;3;0;1;0;1;0;0;0;0;0;0;0;0;1
11;12;12100103.0;2020;1;7;4;3;0;2;0;1;1;0;0;0;0;0;0;0;1
11;4;4501042.0;2020;1;12;2;3;2;6;0;1;1;0;0;0;0;0;0;0;1
11;6;6200313.0;2020;1;11;2;3;2;6;0;0;1;0;0;0;0;0;0;0;1
11;1;1100206.0;2020;1;18;4;3;1;5;2;1;1;0;0;0;0;1;0;0;1
11;11;11400927.0;2020;1;11;2;3;0;2;0;1;1;0;0;0;0;0;0;0;1
11;11;11300725.0;2020;1;9;5;3;5;3;0;0;1;0;0;0;0;1;0;0;1
11;9;9501737.0;2020;1;11;2;3;5;2;0;1;1;0;0;0;0;0;0;0;1
11;8;8100209.0;2020;1;16;4;3;6;4;1;0;0;1;0;0;1;0;0;0;1
11;4;4300622.0;2020;1;11;2;3;5;2;0;0;1;0;0;0;0;0;0;0;1
11;6;6300526.0;2020;1;20;4;3;1;5;2;1;1;0;0;0;0;0;0;0;1
11;1;1401045.0;2020;1;11;2;3;0;6;0;0;1;0;1;0;0;0;0;0;1
11;7;7400928.0;2020;1;23;6;3;5;2;2;1;1;0;0;0;0;0;0;0;1
11;4;4501153.0;2020;1;10;2;3;2;2;0;0;1;0;0;0;0;1;0;0;1
11;9;9200715.0;2020;1;8;4;3;5;3;0;1;0;0;0;0;0;0;0;0;1
11;9;9100408.0;2020;1;8;2;3;5;2;0;1;1;0;0;0;0;0;0;0;1
11;11;11400929.0;2020;1;10;5;2;6;4;0;0;0;1;0;0;1;1;0;0;1
11;1;1400942.0;2020;1;8;2;3;2;6;0;0;1;0;0;0;0;0;0;0;1
11;1;1100310.0;2020;1;8;2;3;5;2;0;1;0;0;0;1;0;1;0;0;1
11;9;9401329.0;2020;1;7;5;2;6;4;2;0;1;1;0;0;0;1;0;0;1
11;6;6100102.0;2020;1;8;2;3;6;4;0;0;1;1;0;0;0;0;0;0;1
11;3;3300517.0;2020;1;7;2;3;0;6;1;0;1;0;0;0;1;1;0;0;1
11;2;2500832.0;2020;1;16;4;3;3;6;1;1;1;0;0;0;0;0;0;0;1
11;3;3500934.0;2020;1;19;2;3;5;3;2;1;1;0;0;0;0;1;0;0;1
11;2;2200210.0;2020;1;18;5;3;6;4;2;1;0;1;0;0;0;0;0;0;1
11;12;12200515.0;2020;1;18;2;3;5;3;2;1;1;0;0;0;0;0;0;0;1
11;10;10100313.0;2020;1;9;4;3;5;3;0;0;1;0;0;0;0;1;0;0;1
11;1;1100414.0;2020;1;18;2;3;0;6;2;0;1;0;1;0;0;0;0;0;1
11;1;1200626.0;2020;1;13;4;3;1;5;0;1;0;0;0;0;1;0;0;0;1
11;1;1100206.0;2020;1;18;2;3;6;7;2;0;0;1;1;0;0;0;0;0;1
11;8;8100314.0;2020;1;16;2;3;2;6;1;0;1;0;0;0;0;0;0;0;1
11;1;1400938.0;2020;1;9;4;3;6;4;0;0;1;1;0;0;0;1;0;0;1
11;11;11300617.0;2020;1;9;3;3;2;6;0;0;1;0;0;0;0;0;0;0;1
11;7;7501133.0;2020;1;16;2;3;2;6;1;0;1;0;0;0;0;0;0;0;1
11;1;1100416.0;2020;1;9;4;3;1;5;0;1;1;0;0;0;0;1;0;0;1
11;3;3200308.0;2020;1;8;3;3;5;2;0;1;1;0;0;0;0;1;0;0;1
11;9;9200715.0;2020;1;15;2;3;5;3;0;0;1;0;0;0;0;0;0;0;1
11;9;9501737.0;2020;1;15;5;2;0;3;0;1;0;0;1;0;0;1;0;0;1
11;4;4200203.0;2020;1;15;2;3;1;5;0;0;1;0;0;0;0;0;0;0;1
11;3;3300411.0;2020;1;14;2;3;6;4;0;0;1;1;0;0;0;0;0;0;1
11;6;6100101.0;2020;1;22;4;3;6;2;2;0;1;1;0;0;0;0;0;0;1
11;11;11300721.0;2020;1;14;4;3;2;6;0;0;1;0;0;0;0;0;0;0;1
11;9;9200715.0;2020;1;7;2;3;2;6;1;0;1;0;0;0;0;1;0;0;1
11;8;8100417.0;2020;1;7;2;3;5;3;1;1;0;0;0;0;1;0;0;0;1
11;3;3400721.0;2020;1;7;2;3;5;2;1;1;1;0;0;0;0;1;0;0;1
11;12;12200309.0;2020;1;7;4;3;5;2;1;0;1;0;0;0;0;1;0;0;1
11;4;4100101.0;2020;1;8;3;3;2;6;0;0;1;0;0;0;0;1;0;0;1
11;3;3500934.0;2020;1;7;2;3;5;3;1;1;1;0;0;0;0;1;0;0;1
11;2;2300315.0;2020;1;13;5;3;1;5;0;1;1;0;0;0;0;0;0;0;1
11;2;2200208.0;2020;1;15;4;3;5;7;0;0;1;0;0;0;1;0;0;0;1
11;8;8401139.0;2020;1;6;2;3;5;2;2;0;1;0;0;0;0;1;0;0;1
11;8;8200624.0;2020;1;17;4;2;5;3;2;0;1;0;0;0;0;1;0;0;1
11;5;5300737.0;2020;1;6;2;3;5;2;2;1;1;0;0;0;0;0;0;0;1
11;1;1300733.0;2020;1;21;5;3;5;7;2;0;1;0;0;0;0;0;0;0;1
11;11;11100204.0;2020;1;18;4;3;6;4;2;0;1;1;0;0;0;0;0;0;1
11;1;1100205.0;2020;1;6;2;3;5;3;2;0;1;0;1;0;0;0;0;0;1
11;2;2200213.0;2020;1;18;4;3;2;7;2;1;1;0;0;0;0;1;0;0;1
11;6;6200312.0;2020;1;1;4;1;8;7;2;0;0;0;1;0;0;0;0;0;1
11;8;8100313.0;2020;1;4;2;2;5;3;2;0;1;0;1;0;0;0;0;0;1
11;6;6100207.0;2020;1;8;3;3;5;2;0;1;1;0;0;0;0;0;0;0;1
11;11;11100204.0;2020;1;4;2;3;5;2;2;1;1;0;0;0;0;0;0;0;1
11;1;1200627.0;2020;1;4;2;3;8;1;2;0;1;0;0;0;0;1;0;0;1
11;1;1100206.0;2020;1;8;3;3;5;2;0;1;1;0;0;0;0;0;0;0;1
11;4;4200311.0;2020;1;2;1;3;8;1;2;0;1;0;0;0;0;1;0;0;1
11;8;8100415.0;2020;1;8;5;3;5;3;0;1;1;0;0;0;0;1;0;0;1
11;11;11100204.0;2020;1;6;4;3;2;6;2;0;1;0;0;1;0;1;0;0;1
11;4;4300624.0;2020;1;19;1;3;6;7;2;0;1;1;0;0;0;0;0;0;1
11;2;2500835.0;2020;1;3;1;3;9;1;2;0;1;1;0;0;0;1;0;0;1
11;8;8200726.0;2020;1;11;3;3;6;4;0;0;1;1;0;0;0;0;0;0;1
11;2;2300419.0;2020;1;0;1;3;6;4;2;0;1;1;0;0;0;0;0;0;1
11;5;5100104.0;2020;1;22;1;3;2;6;2;0;1;0;0;0;0;1;0;0;1
11;10;10400940.0;2020;1;15;3;3;6;4;0;0;1;1;0;0;0;0;0;0;1
11;8;8200623.0;2020;1;20;1;3;5;5;2;0;1;0;0;0;0;0;0;0;1
11;11;11200513.0;2020;1;20;1;3;6;7;2;0;1;1;0;0;0;0;0;0;1
11;2;2300418.0;2020;1;14;3;3;1;5;0;1;1;0;0;0;0;0;0;0;1
11;4;4100101.0;2020;1;19;1;3;2;6;2;0;1;0;0;0;0;0;0;0;1
11;3;3200310.0;2020;1;6;5;2;6;4;2;0;1;1;0;0;0;1;0;0;1
11;1;1100309.0;2020;1;15;3;3;6;2;0;0;0;1;0;0;1;0;0;0;1
11;3;3601243.0;2020;1;19;1;3;5;3;2;0;1;0;0;0;1;0;0;0;1
11;1;1401045.0;2020;1;18;1;3;1;5;2;0;1;0;0;0;0;0;0;0;1
11;9;9200819.0;2020;1;14;3;3;6;7;0;1;0;1;0;0;0;0;0;0;1
11;4;4400727.0;2020;1;8;3;3;5;3;0;0;1;0;0;0;0;1;0;0;1
11;8;8100418.0;2020;1;17;1;3;1;5;1;1;1;0;0;0;0;0;0;0;1
11;4;4501045.0;2020;1;17;5;3;6;4;2;0;1;1;0;0;0;0;0;0;1
11;4;4200311.0;2020;1;12;1;3;5;2;0;0;1;0;0;0;0;0;0;0;1
11;5;5400942.0;2020;1;14;3;3;5;3;0;1;1;0;0;0;0;0;0;0;1
11;12;12601134.0;2020;1;21;7;3;5;3;2;0;1;0;0;0;0;1;0;0;1
11;4;4300416.0;2020;1;8;4;3;3;6;0;0;1;0;0;0;0;0;0;0;1
11;12;12200309.0;2020;1;23;6;3;5;3;2;0;1;0;1;0;0;0;0;0;1
11;10;10200628.0;2020;1;19;7;3;2;6;2;0;1;0;0;0;0;1;0;0;1
11;9;9300922.0;2020;1;12;3;3;5;3;0;1;1;0;0;0;0;0;0;0;1