LAND;BEZ;LOR_ab_2021;UJAHR;UMONAT;USTUNDE;UWOCHENTAG;UKATEGORIE;UART;UTYP1;ULICHTVERH;IstRad;IstPKW;IstFuss;IstKrad;IstGkfz;IstSonstige;USTRZUSTAND;LOCKDOWN;COVID;FERIEN
11;3;3200204.0;2020;2;12;2;2;5;2;0;0;1;0;0;0;0;1;0;0;1
11;6;6100101.0;2020;2;8;2;3;6;4;0;0;1;1;0;0;0;1;0;0;1
11;2;2100106.0;2020;2;1;2;3;5;2;2;0;1;0;0;0;0;1;0;0;1
11;12;12100101.0;2020;2;14;6;3;5;3;0;0;1;0;1;0;0;0;0;0;1
11;1;1300835.0;2020;2;10;1;2;6;7;0;0;1;1;0;0;0;0;0;0;1
11;3;3400725.0;2020;2;7;2;2;6;4;1;0;1;1;0;0;0;1;0;0;1
11;3;3400620.0;2020;2;12;7;2;5;2;0;0;1;0;0;0;0;1;0;0;1
11;4;4501150.0;2020;2;15;4;3;5;3;0;1;1;0;0;0;0;0;0;0;1
11;10;10100207.0;2020;1;5;6;3;6;2;2;0;1;1;0;0;0;1;0;0;1
11;11;11200513.0;2020;2;14;6;3;5;2;0;1;1;0;0;0;0;0;0;0;1
11;6;6200421.0;2020;2;18;2;3;6;2;2;0;1;1;0;0;0;1;0;0;1
11;5;5200631.0;2020;2;12;6;3;0;5;0;0;1;0;0;0;1;0;0;0;1
11;9;9100305.0;2020;2;8;3;2;6;4;0;0;0;1;0;0;1;0;0;0;1
11;2;2500832.0;2020;2;23;1;3;5;2;2;0;1;0;1;0;0;1;0;0;1
11;4;4100101.0;2020;2;13;6;3;5;2;0;0;1;0;0;0;0;0;0;0;1
11;12;12500824.0;2020;1;23;6;3;1;5;2;1;1;0;0;0;0;0;0;0;1
11;10;10100312.0;2020;2;15;2;2;5;3;0;1;1;0;0;0;0;1;0;0;1
11;4;4300416.0;2020;2;12;6;3;0;3;0;0;1;0;1;0;0;0;0;0;1
11;7;7501029.0;2020;1;21;6;3;5;3;2;1;1;0;0;0;0;0;0;0;1
11;11;11300722.0;2020;2;7;4;3;5;2;0;1;0;0;0;0;1;1;0;0;1
11;4;4300517.0;2020;1;19;6;3;5;2;0;0;1;0;0;0;0;0;0;0;1
11;11;11200410.0;2020;2;17;2;3;5;3;2;1;1;0;0;0;0;1;0;0;1
11;9;9200511.0;2020;2;12;6;3;5;7;0;0;1;0;0;0;1;0;0;0;1
11;1;1300733.0;2020;2;15;3;3;5;3;0;0;1;0;0;0;0;1;0;0;1
11;4;4501153.0;2020;1;18;6;3;5;7;2;0;1;0;0;0;0;0;0;0;1
11;7;7501029.0;2020;2;12;6;3;5;3;0;0;1;0;0;0;0;0;0;0;1
11;2;2200208.0;2020;2;19;5;3;5;2;2;1;1;0;0;0;0;0;0;0;1
11;4;4501045.0;2020;1;17;6;3;5;3;2;1;1;0;0;0;0;0;0;0;1
11;1;1400938.0;2020;2;10;3;3;5;2;0;0;1;0;0;1;0;0;0;0;1
11;2;2100106.0;2020;2;10;2;3;0;7;0;0;0;0;0;1;0;1;0;0;1
11;9;9100407.0;2020;2;6;6;3;1;5;1;0;1;0;0;0;0;0;0;0;1
11;5;5100316.0;2020;2;15;3;2;0;6;0;0;1;0;0;0;1;0;0;0;1
11;11;11200514.0;2020;2;12;2;3;2;6;0;0;1;0;0;0;0;1;0;0;1
11;4;4300624.0;2020;2;15;6;1;3;1;0;1;1;0;0;0;0;0;0;0;1
11;7;7601544.0;2020;2;14;3;3;5;5;0;1;1;0;0;0;0;0;0;0;1
11;4;4400835.0;2020;1;15;6;3;6;4;0;0;1;1;0;0;0;0;0;0;1
11;4;4501148.0;2020;2;15;5;3;6;2;0;0;1;1;0;0;0;0;0;0;1
11;1;1400942.0;2020;2;14;4;3;2;2;0;0;1;0;0;0;0;0;0;0;1
11;12;12400619.0;2020;1;12;6;3;1;5;0;1;1;0;0;0;1;0;0;0;1
11;1;1100312.0;2020;2;14;2;3;2;6;0;0;1;0;0;0;0;1;0;0;1
11;1;1300730.0;2020;2;18;3;3;6;2;2;0;1;1;0;0;0;1;0;0;1
11;8;8100102.0;2020;2;7;2;3;5;3;0;1;1;0;0;0;0;1;0;0;1
11;9;9200819.0;2020;2;20;5;3;5;2;2;0;1;0;0;0;1;0;0;0;1
11;1;1100206.0;2020;2;9;1;3;2;6;0;1;1;0;0;0;0;0;0;0;1
11;12;12500824.0;2020;2;7;2;3;2;6;1;0;1;0;0;0;0;1;0;0;1
11;9;9301227.0;2020;1;12;6;3;5;3;0;1;1;0;0;0;0;1;0;0;1
11;4;4501041.0;2020;2;16;4;3;2;6;0;0;1;0;0;0;0;0;0;0;1
11;3;3601245.0;2020;2;4;1;2;9;1;2;0;0;0;1;0;0;0;0;0;1
11;5;5100206.0;2020;2;13;3;3;6;4;0;0;1;1;0;0;0;0;0;0;1
11;9;9200613.0;2020;1;14;6;3;0;1;0;1;0;0;0;0;0;0;0;0;1
11;4;4200311.0;2020;2;18;4;3;3;6;2;0;1;0;0;0;0;0;0;0;1
11;5;5200631.0;2020;1;12;6;3;0;1;0;1;0;0;0;0;0;0;0;0;1
11;8;8200832.0;2020;2;18;2;2;6;2;2;0;1;1;0;0;0;1;0;0;1
11;1;1200625.0;2020;2;17;3;3;6;4;2;0;1;1;0;0;0;1;0;0;1
11;2;2400623.0;2020;2;15;2;3;5;2;0;0;1;0;0;0;0;1;0;0;1
11;1;1100310.0;2020;2;19;5;3;5;2;2;1;1;0;0;0;0;0;0;0;1
11;4;4501040.0;2020;2;22;1;3;6;2;2;0;1;1;0;0;0;1;0;0;1
11;9;9200613.0;2020;1;14;6;3;0;1;0;1;0;0;0;0;0;0;0;0;1
11;1;1401046.0;2020;2;8;4;3;5;2;0;1;0;0;0;0;1;1;0;0;1
11;1;1200520.0;2020;1;11;6;3;3;6;0;1;1;0;0;0;0;0;0;0;1
11;4;4501153.0;2020;2;17;2;3;2;6;2;1;1;0;0;0;0;1;0;0;1
11;5;5300736.0;2020;2;18;5;3;2;6;2;0;1;0;1;0;0;0;0;0;1
11;5;5200631.0;2020;1;11;6;3;5;7;0;0;1;0;0;0;0;0;0;0;1
11;5;5100317.0;2020;2;18;5;3;4;2;2;0;1;0;0;0;0;0;0;0;1
11;1;1100308.0;2020;2;20;2;3;5;2;2;1;1;0;0;0;0;1;0;0;1
11;1;1100310.0;2020;2;17;5;3;4;2;2;1;0;0;0;0;0;0;0;0;1
11;12;12100205.0;2020;2;9;3;3;1;1;0;0;1;0;0;0;1;1;0;0;1
11;9;9200715.0;2020;2;8;2;2;5;3;0;1;0;0;0;0;1;1;0;0;1
11;2;2300419.0;2020;2;17;5;3;6;4;2;0;1;1;0;0;0;0;0;0;1
11;9;9401431.0;2020;1;11;6;2;1;5;0;1;1;0;0;0;0;0;0;0;1
11;3;3501038.0;2020;2;5;4;3;6;2;2;0;1;1;0;0;0;1;0;0;1
11;7;7501029.0;2020;2;16;2;3;2;6;1;0;1;0;0;0;0;1;0;0;1
11;1;1400940.0;2020;2;17;5;3;6;2;2;0;1;1;0;0;0;0;0;0;1
11;7;7601544.0;2020;2;16;3;3;5;2;0;0;1;0;0;0;0;1;0;0;1
11;8;8401243.0;2020;1;10;6;3;0;7;0;0;1;0;1;0;0;1;0;0;1
11;7;7200307.0;2020;2;17;5;3;0;1;2;1;0;0;0;0;0;0;0;0;1
11;9;9401329.0;2020;2;14;4;3;0;7;0;1;1;0;0;0;0;0;0;0;1
11;12;12200307.0;2020;2;6;3;3;6;2;2;0;1;1;0;0;0;1;0;0;1
11;1;1200623.0;2020;2;22;1;3;5;3;2;0;1;0;0;0;0;1;0;0;1
11;1;1100415.0;2020;2;16;5;3;5;2;1;1;0;0;1;0;0;0;0;0;1
11;4;4501042.0;2020;2;9;5;3;2;7;0;1;1;0;0;0;0;0;0;0;1
11;8;8100103.0;2020;1;9;6;3;5;3;0;1;1;0;0;0;0;0;0;0;1
11;5;5300736.0;2020;2;13;3;3;0;2;0;0;1;0;0;0;1;0;0;0;1
11;1;1300733.0;2020;2;11;2;3;2;6;0;0;1;0;0;0;0;1;0;0;1
11;7;7400823.0;2020;2;16;5;3;2;2;0;0;1;0;0;0;0;0;0;0;1
11;3;3500934.0;2020;2;18;3;3;2;2;2;0;1;0;0;0;0;1;0;0;1
11;10;10200421.0;2020;1;9;6;3;0;1;0;0;0;0;1;0;0;0;0;0;1
11;5;5100314.0;2020;2;12;5;3;5;3;0;1;1;0;0;0;0;0;0;0;1
11;2;2500830.0;2020;2;14;4;2;5;3;0;0;1;0;0;0;1;0;0;0;1
11;2;2400521.0;2020;1;9;6;3;5;3;0;1;1;0;0;0;0;1;0;0;1
11;7;7200307.0;2020;2;17;3;3;3;6;2;0;1;0;0;0;0;0;0;0;1
11;10;10300734.0;2020;1;9;6;3;6;4;0;0;1;1;0;0;0;0;0;0;1
11;1;1100206.0;2020;2;8;3;3;5;2;0;1;0;0;0;0;1;0;0;0;1
11;3;3200309.0;2020;2;9;2;3;0;5;0;1;1;0;0;0;0;1;0;0;1
11;9;9501940.0;2020;2;9;5;2;0;1;0;1;0;0;0;0;0;0;0;0;1
11;3;3601244.0;2020;2;18;1;3;0;1;2;0;1;0;0;0;0;0;0;0;1
11;8;8200623.0;2020;2;12;3;3;2;6;0;0;1;0;0;0;0;0;0;0;1
11;12;12200414.0;2020;1;8;6;3;2;6;0;0;1;0;0;0;0;0;0;0;1
11;7;7400927.0;2020;2;14;2;3;5;3;0;0;1;0;0;0;1;1;0;0;1
11;11;11300722.0;2020;2;16;4;3;5;2;1;1;1;0;0;0;0;0;0;0;1
11;11;11200410.0;2020;1;8;6;3;6;4;0;0;1;1;0;0;0;0;0;0;1
11;6;6400843.0;2020;2;13;2;3;6;4;0;0;1;1;0;0;0;1;0;0;1
11;5;5400942.0;2020;2;20;2;3;4;6;2;0;1;0;0;0;0;1;0;0;1
11;1;1200520.0;2020;2;18;3;3;6;2;2;0;1;1;0;0;0;0;0;0;1
11;12;12200412.0;2020;2;14;2;3;5;3;0;0;1;0;0;0;0;1;0;0;1
11;9;9100306.0;2020;2;9;5;3;5;3;0;0;1;0;0;0;0;0;0;0;1
11;8;8401244.0;2020;1;8;6;3;3;6;0;0;0;0;0;0;1;0;0;0;1
11;2;2200210.0;2020;2;8;4;3;5;2;0;1;1;0;0;0;0;1;0;0;1
11;1;1300732.0;2020;2;16;6;2;1;5;1;0;1;0;1;0;0;1;0;0;1
11;6;6200421.0;2020;2;13;4;3;0;3;0;0;1;0;1;0;0;1;0;0;1
11;6;6200312.0;2020;2;9;7;3;2;6;0;0;1;0;0;0;0;0;0;0;1
11;11;11100204.0;2020;2;18;7;3;6;4;2;0;1;1;0;0;0;0;0;0;1
11;4;4300517.0;2020;2;9;3;3;2;2;0;0;1;0;0;0;0;1;0;0;1
11;1;1100207.0;2020;2;20;2;3;5;5;2;1;0;0;0;0;1;0;0;0;1
11;1;1100206.0;2020;2;13;5;3;2;7;0;0;1;0;1;0;0;1;0;0;1
11;12;12200414.0;2020;2;16;6;3;2;6;0;0;1;0;0;0;0;0;0;0;1
11;9;9200819.0;2020;2;14;6;3;0;7;0;0;0;1;0;0;1;0;0;0;1
11;11;11300721.0;2020;2;18;4;3;2;6;2;0;0;0;1;0;1;1;0;0;1
11;8;8100104.0;2020;2;18;3;3;5;2;1;1;1;0;0;0;0;1;0;0;1
11;4;4501153.0;2020;2;14;6;3;5;2;0;1;1;0;0;0;0;1;0;0;1
11;12;12500928.0;2020;2;9;3;2;2;6;0;0;1;0;1;0;0;1;0;0;1
11;1;1100308.0;2020;2;6;6;1;0;7;2;0;0;0;0;0;1;0;0;0;1
11;9;9100101.0;2020;2;7;2;3;2;7;0;0;1;0;0;1;0;1;0;0;1
11;9;9200715.0;2020;2;14;2;3;3;6;0;0;1;0;0;0;1;0;0;0;1
11;5;5100104.0;2020;2;7;5;3;6;4;0;0;1;1;0;0;0;0;0;0;1
11;2;2500834.0;2020;2;10;2;3;5;2;0;0;1;0;0;0;0;0;0;0;1
11;2;2100104.0;2020;2;16;2;3;5;2;0;1;1;0;0;0;0;0;0;0;1
11;5;5100316.0;2020;2;11;5;3;6;7;0;0;1;1;0;0;0;0;0;0;1
11;4;4501150.0;2020;2;13;6;3;5;7;0;0;1;0;0;0;0;1;0;0;1
11;6;6200312.0;2020;2;17;4;3;5;2;1;0;1;0;0;0;0;1;0;0;1
11;10;10100206.0;2020;2;15;3;3;6;4;0;0;1;1;0;0;0;1;0;0;1
11;7;7601341.0;2020;2;13;6;3;5;2;0;1;0;0;0;0;1;1;0;0;1
11;11;11300722.0;2020;2;17;3;3;2;2;2;1;1;0;0;0;0;1;0;0;1
11;1;1200520.0;2020;2;23;6;3;0;1;2;0;0;0;0;0;1;1;0;0;1
11;4;4501042.0;2020;2;20;2;3;6;4;2;0;1;1;0;0;0;1;0;0;1
11;7;7501031.0;2020;2;19;5;2;5;5;2;0;1;0;1;0;0;1;0;0;1
11;5;5300839.0;2020;2;18;4;3;6;2;2;0;1;1;0;0;0;1;0;0;1
11;6;6200317.0;2020;2;18;6;2;5;2;2;1;1;0;0;0;0;1;0;0;1
11;3;3400829.0;2020;2;14;4;3;5;3;0;1;1;0;0;0;0;0;0;0;1
11;5;5100104.0;2020;2;9;7;3;2;6;0;0;1;0;0;0;0;0;0;0;1
11;2;2300315.0;2020;2;14;1;3;5;3;0;1;1;0;0;0;0;1;0;0;1
11;6;6100210.0;2020;2;13;3;3;5;2;0;0;1;0;1;0;0;1;0;0;1
11;3;3200309.0;2020;2;17;6;3;5;3;2;0;1;0;0;0;0;1;0;0;1
11;3;3701555.0;2020;2;14;4;3;5;2;0;1;0;0;0;0;1;0;0;0;1
11;4;4300622.0;2020;2;6;6;3;5;3;2;0;1;0;0;0;0;1;0;0;1
11;9;9501737.0;2020;2;8;4;3;5;3;0;1;0;0;0;0;0;0;0;0;1
11;4;4300414.0;2020;2;20;1;3;6;4;2;0;1;1;0;0;0;1;0;0;1
11;12;12500926.0;2020;2;15;3;3;3;6;0;0;0;0;0;0;1;0;0;0;1
11;5;5300736.0;2020;2;5;6;3;2;6;2;0;1;0;1;0;0;1;0;0;1
11;2;2200212.0;2020;2;12;3;3;1;5;0;1;0;0;0;1;0;1;0;0;1
11;11;11200411.0;2020;2;14;6;3;5;2;0;1;1;0;0;0;0;0;0;0;1
11;1;1100308.0;2020;2;18;2;3;0;1;2;0;1;0;1;0;0;1;0;0;1
11;7;7300517.0;2020;2;20;4;1;6;4;2;0;0;1;0;0;1;1;0;0;1
11;3;3601245.0;2020;2;9;4;3;0;1;0;1;0;0;0;0;0;1;0;0;1
11;1;1401043.0;2020;2;5;6;3;5;3;2;0;1;0;0;0;0;1;0;0;1
11;1;1200517.0;2020;2;14;4;3;0;1;0;0;0;0;1;0;0;0;0;0;1
11;2;2300314.0;2020;2;1;7;3;2;6;2;0;1;0;0;0;0;0;0;0;1
11;4;4300622.0;2020;2;20;7;3;6;2;2;0;1;1;0;0;0;1;0;0;1
11;1;1100308.0;2020;2;9;3;2;6;4;0;0;0;1;0;0;1;0;0;0;1
11;11;11100204.0;2020;2;7;2;3;2;2;0;1;1;0;0;0;0;0;0;0;1
11;5;5200526.0;2020;2;7;6;3;6;4;0;1;0;1;0;0;0;0;0;0;1
11;10;10100312.0;2020;2;5;5;2;0;7;2;0;1;0;0;0;0;0;0;0;1
11;1;1401045.0;2020;2;12;2;2;6;7;0;0;1;1;0;0;0;0;0;0;1
11;5;5200526.0;2020;2;8;6;2;6;4;0;0;1;1;0;0;0;1;0;0;1
11;7;7601442.0;2020;2;11;2;2;5;2;0;0;1;0;0;0;0;0;0;0;1
11;2;2400522.0;2020;2;21;4;3;3;6;2;1;1;0;0;0;0;1;0;0;1
11;7;7300516.0;2020;2;8;4;2;5;3;0;1;1;0;0;0;0;1;0;0;1
11;1;1401049.0;2020;2;22;5;3;5;3;2;1;1;0;0;0;0;1;0;0;1
11;6;6200312.0;2020;2;13;4;3;5;7;0;1;1;0;0;0;0;1;0;0;1
11;10;10400837.0;2020;2;13;7;3;5;3;0;0;1;0;0;0;0;0;0;0;1
11;11;11300722.0;2020;2;18;7;3;5;2;2;1;1;0;0;0;0;0;0;0;1
11;9;9200613.0;2020;2;6;2;3;2;7;2;0;1;0;0;0;0;1;0;0;1
11;4;4501041.0;2020;2;19;2;3;2;6;2;0;1;0;0;0;0;0;0;0;1
11;8;8200832.0;2020;2;14;5;3;5;2;0;0;1;0;0;0;1;1;0;0;1
11;7;7601544.0;2020;2;22;5;3;5;3;2;0;1;0;0;0;0;1;0;0;1
11;7;7300618.0;2020;2;21;5;3;5;3;2;1;1;0;0;0;0;1;0;0;1
11;4;4400834.0;2020;2;18;4;3;5;2;2;1;1;0;0;0;0;1;0;0;1
11;1;1100310.0;2020;2;17;3;3;5;2;0;1;1;0;0;0;0;0;0;0;1
11;6;6200314.0;2020;2;19;5;2;6;4;2;0;0;1;0;0;1;1;0;0;1
11;1;1100312.0;2020;2;6;3;3;5;3;1;1;1;0;0;0;0;1;0;0;1
11;6;6300528.0;2020;2;19;5;3;2;6;2;0;1;0;0;0;0;1;0;0;1
11;12;12500930.0;2020;2;19;4;3;5;2;2;0;1;0;0;0;0;1;0;0;1
11;1;1100101.0;2020;2;11;3;3;0;6;0;0;1;0;1;0;0;1;0;0;1
11;9;9200614.0;2020;2;19;5;2;6;4;2;0;1;1;0;0;0;1;0;0;1
11;7;7400823.0;2020;2;19;3;3;5;3;2;1;1;0;0;0;0;0;0;0;1
11;3;3400620.0;2020;2;11;7;3;1;5;0;0;1;0;0;0;0;0;0;0;1
11;6;6400844.0;2020;2;9;2;3;5;2;0;1;1;0;0;0;0;1;0;0;1
11;4;4501044.0;2020;2;15;2;3;5;3;0;0;1;0;0;0;0;0;0;0;1
11;2;2100106.0;2020;2;11;5;3;2;6;0;0;1;0;0;0;0;0;0;0;1
11;3;3400721.0;2020;2;18;5;3;2;6;1;0;1;0;0;0;0;1;0;0;1
11;7;7501029.0;2020;2;16;4;3;2;6;0;0;1;0;0;0;0;1;0;0;1
11;10;10200418.0;2020;2;16;3;3;0;3;0;0;1;0;0;0;1;0;0;0;1
11;5;5200420.0;2020;2;18;5;3;0;3;2;0;1;0;1;0;0;1;0;0;1
11;11;11300723.0;2020;2;14;3;2;5;3;0;1;1;0;0;0;0;0;0;0;1
11;10;10100209.0;2020;2;17;6;2;6;4;2;0;1;1;0;0;0;0;0;0;1
11;7;7501029.0;2020;2;19;2;3;2;2;2;0;1;0;0;0;0;1;0;0;1
11;4;4501153.0;2020;2;8;6;2;2;6;0;0;1;0;0;0;0;1;0;0;1
11;7;7100102.0;2020;2;21;2;3;2;6;2;0;1;0;0;0;0;1;0;0;1
11;9;9200819.0;2020;2;15;1;3;5;2;0;1;1;0;0;0;0;1;0;0;1
11;10;10200418.0;2020;2;7;5;3;6;4;0;0;1;1;0;0;0;0;0;0;1
11;3;3300516.0;2020;2;13;4;3;0;1;0;1;0;0;0;0;0;1;0;0;1
11;8;8200622.0;2020;2;18;5;3;2;6;2;0;1;0;0;0;0;1;0;0;1
11;3;3400725.0;2020;2;15;4;3;1;5;0;1;0;0;0;0;1;1;0;0;1
11;4;4501042.0;2020;2;17;1;3;5;2;2;0;1;0;0;0;0;1;0;0;1
11;1;1100309.0;2020;2;14;3;3;2;7;0;1;1;0;0;0;0;1;0;0;1
11;2;2200213.0;2020;2;16;5;3;6;4;1;0;1;1;0;0;0;0;0;0;1
11;2;2200210.0;2020;2;11;3;3;5;2;0;0;1;0;0;0;0;0;0;0;1
11;12;12400722.0;2020;2;13;6;3;5;3;0;0;1;0;0;0;0;0;0;0;1
11;3;3601141.0;2020;2;14;2;3;0;6;0;1;1;0;0;0;0;0;0;0;1
11;7;7400823.0;2020;2;22;4;3;6;2;2;0;1;1;0;0;0;1;0;0;1
11;3;3601449.0;2020;2;8;4;3;5;2;0;0;1;0;0;0;0;1;0;0;1
11;8;;2020;2;16;5;3;5;3;1;1;1;0;0;0;0;0;0;0;1
11;11;11200410.0;2020;2;14;4;3;5;2;0;1;1;0;0;0;0;1;0;0;1
11;10;10100311.0;2020;2;22;6;1;6;4;2;0;0;1;0;0;1;1;0;0;1
11;6;6100210.0;2020;2;16;5;3;5;3;0;0;1;0;1;0;0;1;0;0;1
11;1;1300733.0;2020;2;11;4;3;5;3;0;1;0;0;0;0;0;1;0;0;1
11;4;4300623.0;2020;2;9;5;3;3;6;0;1;0;0;0;0;0;0;0;0;1
11;8;8200726.0;2020;2;7;4;3;6;4;0;0;1;1;0;0;0;1;0;0;1
11;4;4400728.0;2020;2;14;6;3;2;6;0;0;1;0;0;0;0;1;0;0;1
11;9;9501939.0;2020;2;9;1;2;6;4;0;0;1;1;0;0;0;1;0;0;1
11;5;5100209.0;2020;2;12;3;3;2;6;0;0;1;0;0;0;0;0;0;0;1
11;12;12500930.0;2020;2;11;2;3;2;6;0;0;1;0;0;0;1;0;0;0;1
11;5;5100206.0;2020;2;9;6;3;5;5;0;0;1;0;1;0;0;1;0;0;1
11;9;9100306.0;2020;2;22;1;3;2;6;2;0;1;0;0;0;0;0;0;0;1
11;1;1100310.0;2020;2;16;7;3;5;3;1;1;1;0;0;0;0;0;0;0;1
11;10;10100102.0;2020;2;19;4;3;5;2;2;0;1;0;0;0;0;1;0;0;1
11;1;1100102.0;2020;2;7;4;3;8;1;0;0;1;0;0;0;0;1;0;0;1
11;1;1100205.0;2020;2;15;5;3;5;3;0;1;1;0;0;0;0;0;0;0;1
11;2;2100103.0;2020;2;8;4;3;2;2;0;0;1;0;1;0;0;1;0;0;1
11;2;2200210.0;2020;2;23;6;3;6;4;2;0;1;1;0;0;0;1;0;0;1
11;1;1200628.0;2020;2;15;7;3;1;5;0;1;1;0;0;0;0;0;0;0;1
11;4;4300619.0;2020;2;21;2;3;5;3;2;0;1;0;0;0;0;1;0;0;1
11;9;9200819.0;2020;2;15;7;3;2;6;0;0;1;0;0;0;0;0;0;0;1
11;11;11300721.0;2020;2;16;2;3;0;2;0;0;1;0;0;0;1;0;0;0;1
11;4;4100101.0;2020;2;13;5;2;2;7;0;0;1;0;0;0;0;1;0;0;1
11;1;1100309.0;2020;2;19;7;3;0;5;2;1;1;0;0;0;0;1;0;0;1
11;2;2200212.0;2020;2;9;3;3;5;3;0;1;1;0;0;0;0;1;0;0;1
11;2;2500830.0;2020;2;20;7;3;1;5;2;1;1;0;0;0;0;0;0;0;1
11;12;12200308.0;2020;2;5;2;3;2;6;2;0;1;0;0;0;0;0;0;0;1
11;9;9200511.0;2020;2;16;5;3;0;5;0;1;1;0;0;0;0;0;0;0;1
11;11;11400930.0;2020;2;15;5;3;6;6;0;1;0;1;0;0;0;0;0;0;1
11;5;5100316.0;2020;2;14;5;3;5;2;0;0;1;0;0;0;0;0;0;0;1
11;1;1100102.0;2020;2;18;4;3;5;3;2;0;1;0;1;0;0;1;0;0;1
11;9;9200819.0;2020;2;7;3;3;2;6;0;0;1;0;0;0;0;1;0;0;1
11;12;12400721.0;2020;2;12;5;3;5;3;0;1;1;0;0;0;0;0;0;0;1
11;1;3601140.0;2020;2;11;3;2;6;6;0;1;0;1;0;0;0;0;0;0;1
11;4;4501045.0;2020;2;3;7;3;9;1;2;0;1;0;0;0;0;0;0;0;1
11;4;4501043.0;2020;2;9;2;2;6;4;0;0;1;1;0;0;0;0;0;0;1
11;9;9401534.0;2020;2;18;7;3;2;7;2;1;1;0;0;0;0;0;0;0;1
11;6;6400838.0;2020;2;15;2;3;5;3;0;0;1;0;1;0;0;0;0;0;1
11;6;6200317.0;2020;2;8;5;3;5;2;0;1;1;0;0;0;0;0;0;0;1
11;1;2400521.0;2020;2;14;4;3;1;5;0;1;0;0;0;0;1;1;0;0;1
11;2;2400521.0;2020;2;12;5;3;5;2;0;1;1;0;0;0;0;0;0;0;1
11;12;12200414.0;2020;2;15;4;3;2;6;1;0;1;0;0;0;0;1;0;0;1
11;2;2500834.0;2020;2;9;5;3;5;2;0;1;0;0;0;1;0;0;0;0;1
11;1;1100415.0;2020;2;18;4;3;5;2;2;1;1;0;0;0;0;1;0;0;1
11;4;4300622.0;2020;2;17;3;3;2;6;0;0;1;0;0;0;0;0;0;0;1
11;1;1400940.0;2020;2;9;5;2;5;3;0;1;1;0;0;0;0;0;0;0;1
11;4;4501041.0;2020;2;17;3;3;5;2;2;0;0;0;0;1;1;1;0;0;1
11;4;4501148.0;2020;2;23;6;3;5;2;2;0;1;0;0;0;0;0;0;0;1
11;1;1100313.0;2020;2;20;2;3;1;5;2;1;1;0;0;0;0;1;0;0;1
11;4;4500938.0;2020;2;16;7;3;5;3;0;0;1;0;1;0;0;0;0;0;1
11;3;3300516.0;2020;2;2;1;3;1;1;2;0;1;0;0;0;0;0;0;0;1
11;4;4300624.0;2020;2;7;5;3;6;4;0;1;0;1;0;0;0;0;0;0;1
11;1;1100308.0;2020;2;22;4;3;5;2;2;0;1;0;1;0;0;1;0;0;1
11;10;10300731.0;2020;2;9;5;3;5;3;0;0;1;0;0;0;0;0;0;0;1
11;1;1401048.0;2020;2;14;4;2;5;2;0;1;0;0;0;0;1;0;0;0;1
11;1;1300732.0;2020;2;23;6;2;6;4;2;0;1;1;0;0;0;0;0;0;1
11;3;3500933.0;2020;2;15;1;3;1;5;0;0;1;0;0;0;0;1;0;0;1
11;10;10400938.0;2020;2;13;3;3;5;3;0;0;1;0;0;0;0;1;0;0;1
11;3;3400619.0;2020;2;8;5;3;5;3;0;1;1;0;0;0;0;0;0;0;1
11;5;5100317.0;2020;2;14;2;3;2;6;0;0;1;0;0;0;0;0;0;0;1
11;9;9100203.0;2020;2;7;6;3;0;7;0;1;1;0;1;1;0;1;0;0;1
11;9;9100304.0;2020;2;14;2;3;6;7;0;1;0;1;0;0;0;0;0;0;1
11;1;1100205.0;2020;2;20;1;3;1;5;2;0;1;0;0;0;0;1;0;0;1
11;2;2400521.0;2020;2;16;3;2;6;4;0;0;1;1;0;0;0;0;0;0;1
11;6;6300527.0;2020;2;8;5;3;5;2;0;1;1;0;0;0;0;0;0;0;1
11;3;3400725.0;2020;2;12;3;3;5;3;0;1;1;0;0;0;0;1;0;0;1
11;2;2200212.0;2020;2;15;6;3;2;6;0;0;1;0;0;0;0;0;0;0;1
11;8;8100415.0;2020;2;18;2;3;5;3;2;0;1;0;0;0;0;1;0;0;1
11;1;1100313.0;2020;2;14;5;3;0;2;0;1;1;0;0;0;0;1;0;0;1
11;5;5100317.0;2020;2;11;4;2;8;1;0;0;0;0;1;0;0;1;0;0;1
11;12;12100204.0;2020;2;7;5;3;1;1;0;0;1;0;0;0;1;0;0;0;1
11;4;4501043.0;2020;2;5;4;3;5;3;2;1;1;0;0;0;0;0;0;0;1
11;3;3500934.0;2020;2;21;6;3;0;3;2;0;1;0;1;0;0;1;0;0;1
11;6;6200421.0;2020;2;9;1;3;2;6;0;0;1;0;0;0;0;1;0;0;1
11;2;2500833.0;2020;2;11;3;3;6;2;0;0;0;1;0;0;1;1;0;0;1
11;9;9200819.0;2020;2;15;7;3;2;7;0;1;1;0;0;0;0;0;0;0;1
11;6;6300526.0;2020;2;9;2;3;5;3;0;1;1;0;0;0;0;0;0;0;1
11;1;1100310.0;2020;2;7;6;3;1;7;0;1;1;0;0;0;0;1;0;0;1
11;1;1100206.0;2020;2;13;7;3;5;3;0;0;1;0;0;0;1;0;0;0;1
11;12;12601235.0;2020;2;19;4;2;6;2;2;0;1;1;0;0;0;1;0;0;1
11;12;12500824.0;2020;2;21;4;2;6;4;2;1;0;1;0;0;0;1;0;0;1
11;11;11200514.0;2020;2;8;4;3;5;2;0;1;1;0;0;0;0;1;0;0;1
11;11;11100309.0;2020;2;15;5;3;6;7;0;1;0;1;0;0;0;0;0;0;1