LAND;BEZ;LOR_ab_2021;UJAHR;UMONAT;USTUNDE;UWOCHENTAG;UKATEGORIE;UART;UTYP1;ULICHTVERH;IstRad;IstPKW;IstFuss;IstKrad;IstGkfz;IstSonstige;USTRZUSTAND;LOCKDOWN;COVID;FERIEN
11;4;4400727.0;2020;4;13;1;2;2;7;0;0;1;0;1;0;0;0;1;2;1
11;3;3601243.0;2020;4;17;4;3;6;2;0;0;1;1;0;0;0;0;1;2;1
11;11;11300722.0;2020;4;21;6;3;5;2;2;0;1;0;0;0;0;0;1;2;1
11;5;5300736.0;2020;4;15;3;3;5;3;0;1;1;0;0;0;0;0;1;2;1
11;7;7300515.0;2020;4;11;7;3;5;2;0;1;1;0;0;0;0;0;1;2;1
11;1;1300732.0;2020;4;10;5;3;2;6;0;0;1;0;0;1;0;0;1;2;1
11;2;2200210.0;2020;4;14;5;3;5;3;0;1;0;0;0;0;1;0;1;2;1
11;1;1401046.0;2020;4;10;2;3;6;2;0;0;0;1;0;0;1;0;1;2;1
11;3;3400724.0;2020;4;18;4;3;0;1;0;1;0;0;0;0;0;0;1;2;1
11;5;5200527.0;2020;4;15;2;3;0;5;0;0;1;0;0;0;0;0;1;2;1
11;1;1401047.0;2020;4;17;4;3;2;7;0;1;1;0;0;0;0;0;1;2;1
11;4;4200206.0;2020;4;17;1;2;5;2;0;0;0;0;1;0;0;0;1;2;1
11;1;1100309.0;2020;4;16;7;2;0;1;0;1;0;0;0;0;0;0;1;2;1
11;2;2200208.0;2020;4;16;4;3;5;3;0;0;1;0;0;0;0;0;1;2;1
11;3;3501037.0;2020;4;11;6;3;5;2;0;1;1;0;0;0;0;0;1;2;1
11;3;3400618.0;2020;4;21;2;3;5;3;2;0;1;0;0;0;0;0;1;2;1
11;6;6200421.0;2020;4;17;5;2;6;4;0;0;1;1;0;0;0;0;1;2;1
11;7;7601340.0;2020;4;13;3;3;1;5;0;0;1;0;0;0;0;0;1;2;1
11;1;1400942.0;2020;4;0;5;3;5;3;2;0;1;0;0;0;1;0;1;2;1
11;4;4200310.0;2020;4;12;5;3;5;2;0;1;1;0;0;0;0;0;1;2;1
11;3;3601453.0;2020;4;13;2;3;5;2;0;1;1;0;0;0;0;0;1;2;1
11;2;2300315.0;2020;4;17;4;3;5;3;0;1;1;0;0;0;0;1;1;2;1
11;9;9200511.0;2020;4;7;2;3;4;6;0;0;1;0;0;0;0;0;1;2;1
11;2;2100102.0;2020;4;16;4;3;5;3;0;1;1;0;0;0;0;0;1;2;1
11;2;2500832.0;2020;4;16;7;3;2;6;0;1;1;0;0;0;0;0;1;2;1
11;7;7501030.0;2020;4;6;4;2;1;5;0;1;1;0;0;0;0;1;1;2;1
11;2;2200208.0;2020;4;10;7;3;5;2;0;1;1;0;0;0;0;0;1;2;1
11;1;1300835.0;2020;4;17;4;3;5;3;0;1;1;0;0;0;0;0;1;2;1
11;4;4200308.0;2020;4;19;6;3;5;3;1;1;1;0;0;0;0;0;1;2;1
11;8;8401245.0;2020;4;18;2;3;5;3;0;0;1;0;0;0;0;0;1;2;1
11;7;7200307.0;2020;4;16;5;3;5;7;0;0;1;0;0;0;0;0;1;2;1
11;4;4500936.0;2020;4;12;2;3;5;3;0;1;1;0;0;0;0;0;1;2;1
11;10;10400939.0;2020;4;14;4;3;5;3;0;0;1;0;0;0;0;0;1;2;1
11;2;2500832.0;2020;4;18;1;3;3;6;0;0;1;0;1;0;0;0;1;2;1
11;5;5200629.0;2020;4;16;4;3;5;2;0;1;1;0;0;0;0;0;1;2;1
11;5;5200527.0;2020;4;12;7;2;5;3;0;0;1;0;0;0;0;0;1;2;1
11;6;6200313.0;2020;4;14;5;3;2;6;0;0;1;0;0;0;0;0;1;2;1
11;5;5200527.0;2020;4;8;2;3;5;3;0;1;1;0;0;0;0;0;1;2;1
11;4;4100101.0;2020;4;15;4;3;5;2;0;0;1;0;0;0;1;0;1;2;1
11;10;10100205.0;2020;4;19;2;2;5;3;0;0;1;0;1;0;0;0;1;2;1
11;7;7200308.0;2020;4;15;4;3;5;2;0;1;1;0;0;0;0;0;1;2;1
11;1;1100416.0;2020;4;14;7;3;5;7;0;1;1;0;0;0;0;0;1;2;1
11;11;11400929.0;2020;4;11;5;3;5;3;0;0;1;0;0;0;0;0;1;2;1
11;1;1300836.0;2020;4;11;3;3;6;4;0;1;0;1;0;0;0;0;1;2;1
11;6;6100209.0;2020;4;16;6;3;5;2;0;1;1;0;0;0;0;0;1;2;1
11;1;1300836.0;2020;4;17;6;3;1;5;0;1;1;0;0;0;0;0;1;2;1
11;1;1200628.0;2020;4;16;2;1;6;4;0;0;1;1;0;0;0;0;1;2;1
11;2;2200210.0;2020;4;19;4;3;0;3;0;0;1;0;1;0;0;1;1;2;1
11;6;6300525.0;2020;4;16;5;2;5;2;0;1;1;0;0;0;0;0;1;2;1
11;6;6200317.0;2020;4;8;3;3;5;3;0;0;1;0;0;0;0;0;1;2;1
11;5;5100315.0;2020;4;11;1;3;5;3;0;1;1;0;0;0;0;0;1;2;1
11;7;7601443.0;2020;4;17;1;3;5;3;0;1;1;0;0;0;0;0;1;2;1
11;12;12200310.0;2020;4;16;4;3;5;3;0;0;1;0;0;0;0;0;1;2;1
11;10;10200422.0;2020;4;7;7;2;5;2;0;0;1;0;0;0;0;0;1;2;1
11;6;6200422.0;2020;4;10;5;2;1;5;0;0;1;0;1;0;0;0;1;2;1
11;3;3300516.0;2020;4;16;3;3;6;4;0;1;0;1;0;0;0;0;1;2;1
11;5;5200524.0;2020;4;13;6;2;5;2;0;0;1;0;1;0;0;0;1;2;1
11;1;1200625.0;2020;4;13;5;2;5;3;0;1;1;0;0;0;0;1;1;2;1
11;6;6200421.0;2020;4;16;5;3;3;6;0;0;1;0;0;0;0;0;1;2;1
11;6;6100208.0;2020;4;14;5;3;1;1;0;0;1;0;0;0;0;0;1;2;1
11;6;6300629.0;2020;4;10;2;3;5;3;0;0;1;0;1;0;0;0;1;2;1
11;9;9200511.0;2020;4;20;3;3;0;1;2;1;0;0;0;0;0;1;1;2;1
11;11;10100205.0;2020;4;13;6;3;5;3;0;0;1;0;0;0;0;0;1;2;1
11;11;11300617.0;2020;4;16;5;3;0;4;0;1;0;1;0;0;0;0;1;2;1
11;8;8100206.0;2020;4;18;6;3;2;6;0;0;1;0;0;0;0;0;1;2;1
11;2;2300314.0;2020;4;15;2;2;5;3;0;0;1;0;0;0;0;0;1;2;1
11;8;8100310.0;2020;4;15;4;2;1;5;0;0;1;0;0;0;0;0;1;2;1
11;6;6300633.0;2020;4;17;4;3;2;2;0;0;1;0;1;0;0;1;1;2;1
11;10;10400939.0;2020;4;13;2;3;0;7;0;1;0;0;0;0;0;0;1;2;1
11;2;2200208.0;2020;4;15;4;3;5;3;0;1;1;0;0;0;0;0;1;2;1
11;1;1100207.0;2020;4;18;1;2;5;2;0;0;1;0;1;0;0;0;1;2;1
11;11;11501238.0;2020;4;18;7;3;2;6;0;0;1;0;1;0;0;0;1;2;1
11;11;11401137.0;2020;4;14;4;3;2;6;0;0;1;0;0;0;0;0;1;2;1
11;4;4500937.0;2020;4;14;6;2;1;5;0;1;1;0;0;0;0;0;1;2;1
11;1;1400940.0;2020;4;14;3;3;2;6;0;1;0;0;0;0;0;0;1;2;1
11;2;2200209.0;2020;4;8;5;2;5;2;0;1;0;0;0;0;1;0;1;2;1
11;1;1300835.0;2020;4;19;5;3;6;4;0;0;1;1;0;0;0;0;1;2;1
11;7;7400823.0;2020;4;13;5;3;5;2;0;0;1;0;1;0;0;0;1;2;1
11;1;1401046.0;2020;4;10;2;3;5;3;0;0;1;0;0;0;0;0;1;2;1
11;9;9100407.0;2020;4;22;4;2;9;1;2;0;1;0;0;0;0;1;1;2;1
11;6;6300526.0;2020;4;8;2;3;3;6;0;1;0;0;0;0;1;0;1;2;1
11;8;8100206.0;2020;4;14;4;3;1;5;0;1;1;0;0;0;0;0;1;2;1
11;8;8100310.0;2020;4;15;7;3;1;5;0;1;1;0;0;0;0;0;1;2;1
11;3;3400723.0;2020;4;18;4;3;0;5;0;1;1;0;0;0;0;0;1;2;1
11;1;1401047.0;2020;4;16;2;3;1;5;0;1;1;0;0;0;0;0;1;2;1
11;11;11300617.0;2020;4;13;4;2;8;1;0;0;0;0;1;0;0;0;1;2;1
11;7;7400720.0;2020;4;1;1;3;0;1;2;0;0;0;1;0;0;0;1;2;1
11;3;3400619.0;2020;4;17;7;3;5;2;0;1;1;0;0;0;0;0;1;2;1
11;8;8100521.0;2020;4;13;4;3;0;3;0;0;1;0;1;0;0;0;1;2;1
11;11;11300722.0;2020;4;12;6;3;5;2;0;1;1;0;0;0;0;0;1;2;1
11;1;1100102.0;2020;4;12;2;3;5;2;0;1;1;0;0;0;0;0;1;2;1
11;2;2400625.0;2020;4;20;5;3;1;5;1;0;0;0;0;0;1;0;1;2;1
11;2;2500835.0;2020;4;18;5;3;5;2;0;1;1;0;0;0;0;0;1;2;1
11;1;1100311.0;2020;4;17;5;3;5;2;0;1;1;0;0;0;0;0;1;2;1
11;2;2100106.0;2020;4;8;2;2;3;6;0;1;1;0;0;0;0;0;1;2;1
11;1;1100308.0;2020;4;16;4;3;1;5;0;1;1;0;0;0;0;0;1;2;1
11;1;1200628.0;2020;4;14;2;2;2;2;0;0;1;0;0;0;0;0;1;2;1
11;3;3601141.0;2020;4;13;4;3;5;2;0;1;0;0;0;0;1;0;1;2;1
11;11;11100307.0;2020;4;15;7;3;5;3;0;0;1;0;0;0;0;0;1;2;1
11;9;9100304.0;2020;4;10;5;3;5;3;0;1;1;0;0;0;0;0;1;2;1
11;9;9401432.0;2020;4;21;3;3;5;3;2;0;1;0;0;0;0;0;1;2;1
11;11;10100205.0;2020;4;13;6;3;5;3;0;1;1;0;0;0;0;0;1;2;1
11;4;4200308.0;2020;4;11;4;3;2;6;0;0;1;0;1;0;0;0;1;2;1
11;11;11501340.0;2020;4;18;6;3;0;1;0;1;1;0;0;0;0;0;1;2;1
11;8;8200832.0;2020;4;18;2;3;5;3;0;1;1;0;0;0;0;0;1;2;1
11;10;10100311.0;2020;4;17;5;2;5;3;0;1;0;0;0;0;1;0;1;2;1
11;1;1401046.0;2020;4;9;4;3;2;6;0;0;1;0;0;0;1;0;1;2;1
11;12;12200309.0;2020;4;14;7;3;3;6;0;1;1;0;0;0;0;0;1;2;1
11;4;4200311.0;2020;4;11;4;3;3;6;0;0;1;0;1;0;0;0;1;2;1
11;8;8100206.0;2020;4;10;6;3;5;7;0;0;1;0;1;0;0;0;1;2;1
11;6;6200316.0;2020;4;19;2;3;5;3;0;1;1;0;0;0;0;0;1;2;1
11;5;5300839.0;2020;4;17;5;3;5;3;0;0;1;0;1;0;0;0;1;2;1
11;4;4501041.0;2020;4;22;2;3;0;1;2;1;0;0;0;0;0;0;1;2;1
11;10;10400940.0;2020;4;15;4;2;5;3;0;1;1;0;0;0;0;0;1;2;1
11;6;6300634.0;2020;4;18;2;2;5;2;0;0;1;0;0;0;0;0;1;2;1
11;5;5100208.0;2020;4;11;4;3;2;6;0;0;1;0;0;0;0;0;1;2;1
11;3;3300411.0;2020;4;13;7;3;5;2;0;1;1;0;0;0;0;0;1;2;1
11;4;4300619.0;2020;4;10;5;3;5;2;0;1;1;0;0;0;0;0;1;2;1
11;4;4300414.0;2020;4;10;3;3;5;3;0;1;0;0;1;0;0;0;1;2;1
11;3;3400721.0;2020;4;12;6;3;2;6;0;0;1;0;0;0;0;0;1;2;1
11;3;3400723.0;2020;4;16;5;3;1;5;0;1;1;0;0;0;0;0;1;2;1
11;4;4300414.0;2020;4;15;6;3;2;1;0;1;1;0;0;0;0;0;1;2;1
11;3;3601450.0;2020;4;15;2;2;5;3;0;0;1;0;1;0;0;0;1;2;1
11;10;10100205.0;2020;4;17;4;2;0;1;0;0;0;0;1;0;0;1;1;2;1
11;12;12200307.0;2020;4;18;5;3;2;7;0;0;1;0;1;0;0;0;1;2;1
11;9;9200715.0;2020;4;6;3;3;2;2;0;0;1;0;0;0;1;0;1;2;1
11;1;1401044.0;2020;4;13;1;3;0;7;0;1;1;0;0;0;0;0;1;2;1
11;3;3200205.0;2020;4;13;1;3;5;3;0;0;1;0;0;0;0;0;1;2;1
11;2;2400623.0;2020;4;10;3;3;0;1;0;1;0;0;0;0;0;0;1;2;1
11;4;4300416.0;2020;4;12;2;3;2;6;0;0;1;0;0;1;0;0;1;2;1
11;1;1100308.0;2020;4;12;4;3;0;3;0;0;1;0;0;0;1;0;1;2;1
11;1;1401045.0;2020;4;16;1;3;2;6;0;0;1;0;0;0;0;0;1;2;1
11;9;9301126.0;2020;4;10;4;2;0;1;0;1;0;0;0;0;0;0;1;2;1
11;1;1100103.0;2020;4;18;7;3;5;3;0;1;1;0;0;0;0;0;1;2;1
11;1;1100311.0;2020;4;9;5;3;5;2;0;1;1;0;0;0;0;0;1;2;1
11;2;2400624.0;2020;4;19;3;3;6;4;0;1;0;1;0;0;0;0;1;2;1
11;1;1100308.0;2020;4;12;6;3;3;6;0;1;1;0;0;0;0;0;1;2;1
11;12;12200309.0;2020;4;16;5;3;5;2;0;1;0;0;0;0;1;0;1;2;1
11;4;4200308.0;2020;4;14;2;3;5;2;0;1;0;0;0;0;0;0;1;2;1
11;11;10100205.0;2020;4;9;4;3;5;3;0;1;1;0;0;0;0;0;1;2;1
11;4;4500939.0;2020;4;5;4;3;2;2;0;0;1;0;1;0;0;1;1;2;1
11;6;6200313.0;2020;4;18;2;3;1;3;0;1;1;0;0;0;0;0;1;2;1
11;1;1100205.0;2020;4;7;4;3;5;2;0;1;1;0;0;0;0;0;1;2;1
11;1;1100311.0;2020;4;13;1;3;5;2;0;0;1;0;0;0;0;0;1;2;1
11;7;7400927.0;2020;4;3;7;3;0;1;2;1;0;0;0;0;0;0;1;2;1
11;2;2400623.0;2020;4;7;4;3;5;2;0;0;1;0;1;0;0;0;1;2;1
11;7;7501029.0;2020;4;13;6;3;6;2;0;0;1;1;0;0;0;0;1;2;1
11;4;4400728.0;2020;4;14;3;3;2;7;0;0;1;1;0;0;0;0;1;2;1
11;2;2200211.0;2020;4;7;5;3;0;7;0;0;0;0;1;1;0;1;1;2;1
11;12;12500926.0;2020;4;18;5;3;5;2;0;1;1;0;0;0;0;0;1;2;1
11;8;8200624.0;2020;4;12;5;3;0;1;0;1;0;0;0;0;0;0;1;2;1
11;3;3100102.0;2020;4;14;3;3;0;6;0;1;0;0;0;0;1;0;1;2;1
11;6;6100206.0;2020;4;12;6;3;2;3;0;1;0;0;0;0;0;0;1;2;1
11;1;1300733.0;2020;4;16;3;3;5;3;0;1;1;0;0;0;0;0;1;2;1
11;4;4300413.0;2020;4;12;6;3;5;2;0;1;1;0;0;0;0;0;1;2;1
11;5;5400942.0;2020;4;12;5;3;5;2;0;1;1;0;0;0;0;1;1;2;1
11;1;1100102.0;2020;4;13;5;2;9;1;0;0;0;0;1;0;0;0;1;2;1
11;12;12200412.0;2020;4;14;2;3;5;3;0;0;1;0;1;0;0;0;1;2;1
11;7;7400721.0;2020;4;18;4;3;5;2;0;1;0;0;0;0;1;1;1;2;1
11;6;6400843.0;2020;4;15;2;3;5;2;0;1;1;0;0;0;0;0;1;2;1
11;3;3400725.0;2020;4;19;3;3;1;5;0;1;1;0;0;0;0;0;1;2;1
11;4;4400728.0;2020;4;17;1;3;2;6;0;0;1;0;0;0;0;0;1;2;1
11;5;5200631.0;2020;4;17;7;3;1;5;0;1;1;0;0;0;0;0;1;2;1
11;6;6200422.0;2020;4;18;3;2;5;3;0;1;1;0;0;0;0;0;1;2;1
11;10;10100205.0;2020;4;11;6;3;5;7;0;0;1;0;0;0;0;0;1;2;1
11;9;9401534.0;2020;4;21;2;2;0;1;2;0;0;0;1;0;0;0;1;2;1
11;1;1100205.0;2020;4;17;5;3;5;3;0;1;1;0;0;0;0;0;1;2;1
11;5;5100317.0;2020;4;8;2;3;5;2;0;1;0;0;0;1;0;0;1;2;1
11;4;4300517.0;2020;4;16;4;3;5;2;0;0;1;0;0;0;0;0;1;2;1
11;11;11300721.0;2020;4;20;2;2;3;6;1;0;1;0;1;0;0;0;1;2;1
11;11;11100203.0;2020;4;18;3;3;2;2;0;0;1;0;1;0;0;0;1;2;1
11;8;8200730.0;2020;4;9;2;3;5;2;0;1;1;0;0;0;0;0;1;2;1
11;6;6100205.0;2020;4;21;4;3;5;3;2;0;1;0;0;0;0;0;1;2;1
11;12;12601031.0;2020;4;15;2;3;2;2;0;0;1;0;0;0;0;0;1;2;1
11;6;6200420.0;2020;4;18;3;3;5;7;0;0;1;0;0;0;1;0;1;2;1
11;7;7601544.0;2020;4;21;7;2;5;2;2;0;1;0;0;0;0;0;1;2;1
11;7;7200308.0;2020;4;7;4;3;1;5;0;1;1;0;0;0;0;1;1;2;1
11;9;9200715.0;2020;4;10;6;3;5;7;0;0;1;0;1;0;0;0;1;2;1
11;7;6100210.0;2020;4;17;3;2;5;3;0;1;1;0;0;0;0;0;1;2;1
11;1;1400939.0;2020;4;19;6;3;5;2;0;1;1;0;0;0;0;0;1;2;1
11;3;3601140.0;2020;4;18;2;3;5;2;0;1;1;0;0;0;0;0;1;2;1
11;10;10100102.0;2020;4;16;5;3;5;3;0;1;1;0;0;0;0;1;1;2;1
11;5;5100315.0;2020;4;17;5;2;1;5;0;0;1;0;0;0;0;0;1;2;1
11;12;12200309.0;2020;4;12;2;3;1;5;0;0;1;0;1;0;0;0;1;2;1
11;6;6300526.0;2020;4;14;4;3;1;5;0;1;1;0;0;0;0;0;1;2;1
11;6;6300634.0;2020;4;21;1;2;5;2;2;0;1;0;0;0;0;0;1;2;1
11;4;4400726.0;2020;4;17;3;3;2;6;0;0;1;0;0;0;0;0;1;2;1
11;4;4501045.0;2020;4;12;7;3;1;5;0;1;1;0;0;0;0;0;1;2;1
11;10;10400837.0;2020;4;7;5;3;4;6;0;1;1;0;0;0;0;0;1;2;1
11;2;2500834.0;2020;4;22;3;3;6;2;2;0;0;1;0;0;1;0;1;2;1
11;2;2200212.0;2020;4;9;6;3;3;6;0;1;0;0;0;0;0;0;1;2;1
11;1;1200518.0;2020;4;17;6;3;2;6;0;0;1;0;0;0;0;0;1;2;1
11;9;9501941.0;2020;4;14;7;3;5;2;0;1;1;0;0;0;0;0;1;2;1
11;7;7601340.0;2020;4;7;5;3;5;2;0;1;1;0;0;0;0;0;1;2;1
11;7;7300619.0;2020;4;12;3;2;2;6;0;0;1;0;1;0;0;0;1;2;1
11;3;3601245.0;2020;4;8;6;2;6;4;0;0;1;1;0;0;0;0;1;2;1
11;1;1100101.0;2020;4;17;6;3;5;3;0;1;1;0;0;0;0;0;1;2;1
11;12;12100101.0;2020;4;17;2;3;5;3;0;1;1;0;0;0;0;0;1;2;1
11;11;11300620.0;2020;4;10;4;3;0;2;0;1;0;0;0;0;1;0;1;2;1
11;1;1100415.0;2020;4;8;3;3;0;7;0;0;1;0;0;0;1;0;1;2;1
11;9;9100203.0;2020;4;22;1;3;1;5;2;0;1;0;0;0;0;0;1;2;1
11;6;6300634.0;2020;4;11;4;3;5;2;0;0;1;0;0;0;1;0;1;2;1
11;11;11400931.0;2020;4;18;1;3;5;3;0;0;1;0;1;0;0;0;1;2;1
11;12;12500930.0;2020;4;16;3;3;5;2;0;0;1;0;1;0;0;0;1;2;1
11;3;3400831.0;2020;4;9;7;3;5;2;0;0;1;0;0;0;0;0;1;2;1
11;2;2100106.0;2020;4;14;4;3;0;7;0;1;0;0;0;0;0;0;1;2;1
11;11;11300826.0;2020;4;17;3;3;5;2;0;1;1;0;0;0;0;0;1;2;1
11;11;11300721.0;2020;4;8;6;3;5;3;0;1;1;0;0;0;0;0;1;2;1
11;1;1100308.0;2020;4;14;5;3;5;3;0;0;1;0;0;0;1;0;1;2;1
11;4;4300619.0;2020;4;17;5;3;5;2;0;0;1;0;1;0;0;0;1;2;1
11;8;8100310.0;2020;4;11;2;3;5;2;0;1;1;0;0;0;0;0;1;2;1
11;5;5100313.0;2020;4;18;4;3;2;6;1;0;1;0;0;0;0;1;1;2;1
11;8;8100520.0;2020;4;17;2;3;6;4;0;0;1;1;0;0;0;0;1;2;1
11;12;12100206.0;2020;4;16;3;3;3;6;0;0;1;0;1;0;0;0;1;2;1
11;7;7200410.0;2020;4;1;1;3;9;1;2;0;1;0;0;0;0;0;1;2;1
11;4;4200310.0;2020;4;15;2;3;6;4;0;0;1;1;0;0;0;0;1;2;1
11;11;11401033.0;2020;4;16;3;3;1;5;0;0;1;0;0;0;1;0;1;2;1
11;3;3400618.0;2020;4;17;4;3;5;2;0;0;1;0;1;0;0;1;1;2;1
11;3;3200310.0;2020;4;6;3;3;9;1;0;0;1;0;0;0;0;0;1;2;1
11;10;10300731.0;2020;4;16;3;2;0;3;0;0;0;0;1;0;1;0;1;2;1
11;8;8100521.0;2020;4;19;1;2;6;7;0;0;0;1;1;0;0;0;1;2;1
11;1;1100310.0;2020;4;2;1;3;0;1;2;1;0;0;0;0;0;0;1;2;1
11;8;8200730.0;2020;4;16;3;3;5;2;0;1;1;0;0;1;0;0;1;2;1
11;8;8200622.0;2020;4;7;6;3;5;3;0;1;1;0;0;0;0;0;1;2;1
11;1;1300834.0;2020;4;15;3;3;2;6;0;0;1;0;0;0;0;0;1;2;1
11;3;3500936.0;2020;4;8;6;3;0;1;0;1;0;0;0;0;0;0;1;2;1
11;11;11200513.0;2020;4;9;5;3;0;1;0;1;0;0;0;0;0;0;1;2;1
11;1;1100309.0;2020;4;13;5;3;3;6;0;1;1;0;0;0;0;0;1;2;1
11;2;2200210.0;2020;4;14;2;3;3;5;0;0;1;0;1;0;0;0;1;2;1
11;1;1100103.0;2020;4;14;4;3;2;3;0;0;1;0;1;0;0;0;1;2;1
11;1;1100311.0;2020;4;10;2;3;5;2;0;0;1;0;0;0;0;0;1;2;1
11;2;2200210.0;2020;4;15;3;2;5;3;0;1;0;0;1;0;0;0;1;2;1
11;4;4501153.0;2020;4;15;1;2;5;3;0;0;1;0;1;0;0;0;1;2;1
11;5;5300737.0;2020;4;14;7;3;2;6;0;0;1;0;1;0;1;0;1;2;1
11;7;7100206.0;2020;4;15;3;3;5;2;0;1;1;0;0;0;0;0;1;2;1
11;2;2300316.0;2020;4;10;6;3;5;2;0;1;0;0;0;0;1;0;1;2;1
11;1;1400938.0;2020;4;16;7;3;1;5;0;1;1;0;0;0;0;0;1;2;1
11;8;8401243.0;2020;4;15;3;3;5;2;0;0;1;0;0;0;1;0;1;2;1
11;12;12200310.0;2020;4;13;6;3;5;2;0;1;0;0;0;1;0;0;1;2;1
11;9;9100101.0;2020;4;19;3;3;1;5;0;1;0;0;0;0;1;0;1;2;1
11;8;8100312.0;2020;4;20;5;3;3;6;1;1;0;0;0;0;0;1;1;2;1
11;6;6300527.0;2020;4;11;5;3;5;3;0;1;0;0;0;0;1;0;1;2;1
11;7;7601341.0;2020;4;14;2;3;5;3;0;0;1;0;0;0;0;0;1;2;1
11;4;4400835.0;2020;4;7;4;3;6;2;0;0;1;1;0;0;0;0;1;2;1
11;9;9100305.0;2020;4;20;2;3;5;2;1;0;1;0;0;0;0;0;1;2;1
11;8;8100415.0;2020;4;15;3;3;1;5;0;0;1;0;0;0;0;0;1;2;1
11;6;6400735.0;2020;4;16;7;3;0;1;0;0;0;0;1;0;0;0;1;2;1
11;4;4300518.0;2020;4;8;3;3;3;6;0;0;1;0;0;0;0;0;1;2;1
11;4;4501042.0;2020;4;8;6;3;5;3;0;1;1;0;0;0;0;0;1;2;1
11;12;12200310.0;2020;4;14;3;3;5;2;0;1;0;0;0;0;1;0;1;2;1
11;4;4300412.0;2020;4;18;6;3;1;5;0;0;1;0;1;0;0;0;1;2;1
11;8;8100102.0;2020;4;17;2;3;2;7;0;0;1;0;1;0;0;0;1;2;1
11;2;2500728.0;2020;4;16;5;3;5;3;0;1;1;0;0;0;0;0;1;2;1
11;11;11400929.0;2020;4;11;3;3;2;2;0;0;1;0;0;0;0;0;1;2;1
11;8;8100521.0;2020;4;12;2;3;5;2;0;0;1;0;0;0;0;0;1;2;1
11;7;7300516.0;2020;4;13;4;3;2;6;0;1;1;0;0;0;0;0;1;2;1
11;1;1100206.0;2020;4;19;2;3;2;2;0;1;1;0;0;0;0;0;1;2;1
11;7;7400822.0;2020;4;17;5;2;8;1;0;1;0;0;0;0;0;0;1;2;1
11;4;4300414.0;2020;4;8;2;3;0;2;0;1;1;0;0;0;0;0;1;2;1
11;3;3601245.0;2020;4;15;4;3;5;3;0;0;1;0;1;0;0;0;1;2;1
11;8;8200727.0;2020;4;18;2;3;1;5;0;0;1;0;0;0;0;0;1;2;1
11;2;2300417.0;2020;4;12;3;3;1;5;0;1;1;0;0;0;0;0;1;2;1
11;12;12500926.0;2020;4;13;7;3;0;2;0;0;1;0;0;0;1;0;1;2;1
11;8;8200624.0;2020;4;12;4;3;0;2;0;1;1;0;0;0;0;0;1;2;1
11;9;9401534.0;2020;4;10;3;3;2;6;0;0;1;0;0;0;0;0;1;2;1
11;4;4500939.0;2020;4;8;6;3;5;2;0;0;1;0;0;0;0;0;1;2;1
11;1;1200626.0;2020;4;15;5;3;4;6;0;1;0;0;0;0;0;0;1;2;1
11;6;6200423.0;2020;4;8;6;3;2;6;0;0;1;0;0;0;0;0;1;2;1
11;1;1100206.0;2020;4;16;2;3;5;2;0;1;1;0;0;0;0;0;1;2;1
11;6;6400737.0;2020;4;17;4;3;0;1;0;1;0;0;0;0;0;1;1;2;1
11;9;9200819.0;2020;4;15;5;3;5;2;0;1;1;0;0;0;0;0;1;2;1
11;9;9100101.0;2020;4;19;3;3;2;2;0;1;1;0;0;0;0;0;1;2;1
11;7;7501032.0;2020;4;10;1;3;0;1;0;1;0;0;0;0;0;0;1;2;1
11;2;2200211.0;2020;4;18;1;3;0;1;0;1;0;0;0;0;0;0;1;2;1
11;12;12601032.0;2020;4;12;3;3;1;5;0;0;1;0;0;0;0;0;1;2;1
11;8;8100415.0;2020;4;21;6;3;5;2;2;1;1;0;0;0;0;0;1;2;1
11;6;6100210.0;2020;4;7;6;3;5;7;0;0;1;0;0;0;0;0;1;2;1
11;11;11200410.0;2020;4;16;3;3;5;7;0;1;0;0;0;0;1;0;1;2;1
11;1;1100313.0;2020;5;16;1;3;6;4;0;1;0;1;0;0;0;0;1;1;0
11;7;7400825.0;2020;5;19;7;2;5;3;0;0;1;0;0;0;0;0;1;1;0
11;5;5200528.0;2020;5;12;6;3;2;6;0;0;1;0;0;0;0;0;1;1;0
11;2;2500833.0;2020;5;17;2;3;5;3;0;0;1;0;0;0;0;1;1;1;0
11;9;9501939.0;2020;5;9;2;3;5;3;0;1;1;0;0;0;0;1;1;1;0
11;12;12100205.0;2020;5;8;6;3;0;1;0;0;1;0;0;0;0;0;1;1;0
11;1;1401047.0;2020;5;13;6;3;5;3;0;0;0;0;1;0;1;0;1;1;0
11;1;1100206.0;2020;5;2;6;3;5;3;2;0;1;0;0;0;1;0;1;1;0
11;1;1100309.0;2020;5;20;5;3;0;1;1;1;0;0;0;0;0;0;1;1;0
11;7;7400928.0;2020;5;13;1;3;0;2;0;1;1;0;0;0;0;0;1;1;0
11;11;11200513.0;2020;5;16;4;3;0;1;0;1;0;0;0;0;0;0;1;1;0
11;10;10200422.0;2020;5;15;1;3;0;7;0;0;0;1;1;0;0;0;1;1;0
11;8;8100417.0;2020;5;8;5;2;5;3;0;0;1;0;1;0;0;0;1;1;0
11;9;9501838.0;2020;5;15;3;3;7;7;0;0;1;0;0;0;0;0;1;1;0
11;7;7100204.0;2020;5;20;1;3;5;3;0;0;1;0;0;0;0;1;1;1;0
11;7;7501029.0;2020;5;17;6;2;0;7;0;1;0;0;0;0;0;0;1;1;0