LAND;BEZ;LOR_ab_2021;UJAHR;UMONAT;USTUNDE;UWOCHENTAG;UKATEGORIE;UART;UTYP1;ULICHTVERH;IstRad;IstPKW;IstFuss;IstKrad;IstGkfz;IstSonstige;USTRZUSTAND;LOCKDOWN;COVID;FERIEN
11;3;3701556.0;2020;5;14;4;3;1;5;0;1;1;0;0;0;0;0;1;1;0
11;5;5100208.0;2020;5;14;7;3;5;2;0;1;1;0;0;0;0;0;1;1;0
11;5;5200631.0;2020;5;11;4;3;5;2;0;0;1;0;0;0;0;0;1;1;0
11;1;1200628.0;2020;5;8;4;3;0;6;0;1;0;0;0;1;0;0;1;1;0
11;8;8100311.0;2020;5;20;6;3;1;5;0;1;1;0;0;0;0;0;1;1;0
11;1;1300733.0;2020;5;12;6;3;5;2;0;1;0;0;0;1;0;0;1;1;0
11;8;8200725.0;2020;5;9;6;3;2;2;0;0;1;0;1;1;0;0;1;1;0
11;6;6400735.0;2020;5;17;6;3;2;5;0;1;1;0;0;0;1;0;1;1;0
11;9;9300920.0;2020;5;13;3;2;5;3;0;0;1;0;1;0;0;0;1;1;0
11;8;8200623.0;2020;5;17;2;3;1;5;0;1;1;0;0;0;0;0;1;1;0
11;10;10400835.0;2020;5;16;5;3;0;5;0;0;1;0;0;0;1;0;1;1;0
11;8;8401139.0;2020;5;16;3;3;2;6;0;0;1;0;1;0;0;0;1;1;0
11;2;2100102.0;2020;5;10;4;3;5;3;0;1;1;0;0;0;0;0;1;1;0
11;3;3200309.0;2020;5;12;2;2;5;2;0;1;1;0;0;0;0;1;1;1;0
11;1;1300835.0;2020;5;16;4;3;5;2;0;1;0;0;0;0;1;0;1;1;0
11;8;8100520.0;2020;5;14;4;3;2;6;0;0;1;0;0;1;0;0;1;1;0
11;12;12200309.0;2020;5;17;7;3;8;1;0;0;1;0;0;0;0;0;1;1;0
11;2;2100102.0;2020;5;17;2;2;5;3;0;1;1;0;0;0;0;0;1;1;0
11;1;1100309.0;2020;5;13;7;3;1;5;0;0;1;0;1;0;0;0;1;1;0
11;6;6400842.0;2020;5;19;3;3;5;3;0;0;1;0;0;0;0;0;1;1;0
11;12;12200515.0;2020;5;16;2;3;6;7;0;1;0;1;0;0;0;0;1;1;0
11;1;1401046.0;2020;5;15;6;2;5;2;0;0;1;0;0;0;0;0;1;1;0
11;3;3701554.0;2020;5;18;5;3;1;5;0;1;1;0;0;0;0;0;1;1;0
11;1;1100313.0;2020;5;15;2;3;2;6;0;0;0;0;1;0;1;0;1;1;0
11;3;3400826.0;2020;5;16;2;3;4;6;0;1;0;0;0;0;1;0;1;1;0
11;10;10100311.0;2020;5;13;5;3;5;2;0;0;1;0;1;0;0;0;1;1;0
11;1;1200628.0;2020;5;19;4;3;6;4;0;0;1;1;0;0;0;0;1;1;0
11;6;6200316.0;2020;5;0;1;3;0;1;2;1;0;0;0;0;0;0;1;1;0
11;10;10100312.0;2020;5;6;4;3;5;2;0;1;1;0;0;0;0;0;1;1;0
11;7;7100102.0;2020;5;18;3;3;2;2;0;1;1;0;0;0;0;0;1;1;0
11;6;6200421.0;2020;5;15;2;3;5;2;0;1;1;0;0;0;0;0;1;1;0
11;6;6300634.0;2020;5;7;3;3;5;2;0;0;1;0;0;0;1;0;1;1;0
11;11;11300724.0;2020;5;14;5;3;5;2;0;1;1;0;0;0;0;0;1;1;0
11;3;3300514.0;2020;5;9;4;2;5;3;0;1;1;0;0;0;0;0;1;1;0
11;1;1100104.0;2020;5;8;2;3;0;2;0;0;1;0;0;0;1;1;1;1;0
11;1;1401048.0;2020;5;10;4;3;2;3;0;0;0;0;1;0;1;0;1;1;0
11;2;2300316.0;2020;5;16;7;3;5;2;0;1;1;0;0;0;0;0;1;1;0
11;5;5100314.0;2020;5;14;7;3;3;6;0;0;1;0;1;0;0;0;1;1;0
11;2;2200210.0;2020;5;16;3;2;0;7;0;1;0;0;0;0;0;0;1;1;0
11;2;2500833.0;2020;5;15;2;3;2;6;0;1;0;0;1;0;0;0;1;1;0
11;5;5100317.0;2020;5;14;6;2;5;3;0;1;1;0;0;0;0;0;1;1;0
11;9;9501736.0;2020;5;14;5;3;0;3;0;1;0;0;0;0;1;0;1;1;0
11;3;3200206.0;2020;5;11;7;2;0;7;0;0;0;0;1;0;0;0;1;1;0
11;7;7501030.0;2020;5;13;2;2;2;6;0;0;1;0;0;0;0;0;1;1;0
11;7;7601442.0;2020;5;17;2;3;2;6;1;0;1;0;0;0;0;0;1;1;0
11;9;9100101.0;2020;5;12;5;3;5;2;0;1;0;0;0;1;0;0;1;1;0
11;3;3601142.0;2020;5;15;4;3;5;2;0;1;1;0;0;0;0;0;1;1;0
11;12;12100102.0;2020;5;7;1;3;1;5;0;1;1;0;0;0;0;0;1;1;0
11;6;6100208.0;2020;5;16;4;3;0;3;0;1;1;0;0;0;0;0;1;1;0
11;12;12601032.0;2020;5;15;6;3;5;3;0;0;1;0;1;0;0;0;1;1;0
11;12;12601236.0;2020;5;18;6;3;5;3;0;0;1;0;0;0;0;0;1;1;0
11;1;1100310.0;2020;5;10;3;3;2;6;0;0;1;0;1;0;0;0;1;1;0
11;10;10400836.0;2020;5;13;2;2;0;1;0;1;0;0;0;0;0;0;1;1;0
11;1;1100313.0;2020;5;21;5;3;5;2;1;1;0;0;1;0;0;0;1;1;0
11;3;3500933.0;2020;5;10;7;3;5;2;0;0;1;0;0;0;0;0;1;1;0
11;12;12100204.0;2020;5;12;6;3;5;2;0;0;1;0;0;0;1;0;1;1;0
11;11;11400929.0;2020;5;13;3;3;2;6;0;0;1;0;1;0;0;0;1;1;0
11;6;6200423.0;2020;5;13;2;3;5;3;0;0;1;0;0;0;0;0;1;1;0
11;4;4300622.0;2020;5;10;5;3;3;6;0;0;1;0;1;0;0;0;1;1;0
11;1;1100309.0;2020;5;10;5;3;4;7;0;0;1;0;0;0;0;0;1;1;0
11;2;2300419.0;2020;5;20;7;3;0;4;0;1;0;1;0;0;0;0;1;1;0
11;3;3601245.0;2020;5;13;2;3;5;2;0;1;1;0;0;0;0;0;1;1;0
11;8;8200624.0;2020;5;7;2;3;5;3;0;1;1;0;0;0;0;1;1;1;0
11;5;5100104.0;2020;5;14;5;3;5;3;0;0;1;0;0;0;0;0;1;1;0
11;12;12200309.0;2020;5;16;4;3;2;6;0;0;1;0;0;0;0;0;1;1;0
11;12;12500929.0;2020;5;8;7;3;0;1;0;0;0;0;1;0;0;1;1;1;0
11;1;1200517.0;2020;5;13;4;3;0;6;0;0;1;0;1;0;0;0;1;1;0
11;3;3400721.0;2020;5;18;3;3;6;7;0;0;1;1;0;0;0;0;1;1;0
11;12;12100102.0;2020;5;11;6;3;1;5;0;0;1;0;0;0;0;0;1;1;0
11;4;4501042.0;2020;5;20;6;3;5;2;0;1;1;0;0;0;0;0;1;1;0
11;6;6400844.0;2020;5;9;3;2;5;2;0;1;1;0;0;0;0;0;1;1;0
11;11;11200410.0;2020;5;13;2;2;6;7;0;0;1;1;0;0;0;0;1;1;0
11;8;8401243.0;2020;5;18;5;3;5;3;0;1;1;0;0;0;0;0;1;1;0
11;1;1100309.0;2020;5;16;3;3;0;1;0;1;0;0;0;0;0;0;1;1;0
11;1;1200522.0;2020;5;11;4;3;1;7;0;0;1;0;0;0;0;0;1;1;0
11;8;8200624.0;2020;5;13;2;2;5;3;0;0;1;0;1;0;0;1;1;1;0
11;12;12100101.0;2020;5;17;4;3;6;4;0;0;1;1;0;0;0;0;1;1;0
11;6;6400842.0;2020;5;14;4;3;5;2;0;1;1;0;0;0;0;0;1;1;0
11;10;10400836.0;2020;5;15;3;3;5;3;0;0;1;0;0;0;0;0;1;1;0
11;7;7100102.0;2020;5;7;4;3;5;2;0;1;0;0;0;0;1;0;1;1;0
11;2;2400522.0;2020;5;14;2;3;6;4;0;1;0;1;0;0;0;0;1;1;0
11;3;3200309.0;2020;5;18;4;2;3;2;0;1;1;0;0;0;0;0;1;1;0
11;3;3601243.0;2020;5;16;4;3;1;5;0;1;1;0;0;0;0;0;1;1;0
11;8;8401245.0;2020;5;18;7;3;5;3;0;1;1;0;0;0;0;0;1;1;0
11;10;10400940.0;2020;5;11;4;3;2;6;0;0;1;0;0;0;0;0;1;1;0
11;10;10300731.0;2020;5;4;6;3;5;3;1;1;1;0;0;0;0;0;1;1;0
11;3;3601243.0;2020;5;14;6;3;2;6;0;0;1;0;0;0;0;0;1;1;0
11;9;9200818.0;2020;5;8;3;3;2;6;0;0;1;0;0;0;0;0;1;1;0
11;4;4300414.0;2020;5;13;2;3;5;3;0;1;1;0;0;0;0;0;1;1;0
11;1;1100312.0;2020;5;15;5;3;1;5;0;0;1;0;0;0;0;0;1;1;0
11;1;1200522.0;2020;5;15;3;3;5;2;0;1;1;0;0;0;0;0;1;1;0
11;5;5400943.0;2020;5;10;4;3;1;5;0;0;1;0;1;0;0;0;1;1;0
11;10;10200421.0;2020;5;11;2;3;0;2;0;0;0;1;0;0;1;1;1;1;0
11;5;5100208.0;2020;5;18;4;3;5;2;0;0;1;0;0;0;0;0;1;1;0
11;8;8100417.0;2020;5;17;7;3;5;2;0;1;1;0;0;0;0;0;1;1;0
11;7;7601443.0;2020;5;10;7;3;1;5;0;1;1;0;0;0;0;0;1;1;0
11;8;8100416.0;2020;5;17;3;3;6;4;0;0;1;1;0;0;0;0;1;1;0
11;8;8401246.0;2020;5;12;2;2;9;1;0;0;1;0;0;0;0;0;1;1;0
11;5;5100101.0;2020;5;14;6;3;1;5;0;1;1;0;0;0;0;0;1;1;0
11;1;1100205.0;2020;5;19;7;3;2;2;0;0;1;0;0;0;1;0;1;1;0
11;1;1300732.0;2020;5;10;2;3;6;7;0;0;0;1;0;0;1;0;1;1;0
11;5;5100211.0;2020;5;13;7;3;2;6;0;0;1;0;0;0;0;0;1;1;0
11;1;1400938.0;2020;5;20;3;3;5;2;1;1;1;0;0;0;0;0;1;1;0
11;9;9501941.0;2020;5;16;1;3;0;6;0;1;0;0;0;0;0;0;1;1;0
11;4;4500936.0;2020;5;18;6;2;0;1;0;0;0;0;1;0;0;0;1;1;0
11;6;6100207.0;2020;5;23;5;3;1;5;2;1;1;0;0;0;0;0;1;1;0
11;6;6100209.0;2020;5;16;1;3;2;6;0;1;1;0;0;0;0;0;1;1;0
11;2;2500728.0;2020;5;7;3;3;5;2;0;1;1;0;0;0;0;0;1;1;0
11;4;4501148.0;2020;5;13;5;3;5;2;0;1;1;0;0;0;0;0;1;1;0
11;9;9200512.0;2020;5;8;4;3;1;5;0;1;1;0;0;0;0;0;1;1;0
11;12;12200307.0;2020;5;8;2;3;1;7;0;1;1;0;0;0;0;1;1;1;0
11;3;3100102.0;2020;5;8;4;2;6;4;0;0;0;1;1;0;0;0;1;1;0
11;3;3400723.0;2020;5;14;7;2;5;2;0;1;1;0;0;0;0;0;1;1;0
11;8;8100417.0;2020;5;9;6;3;2;2;0;0;1;0;0;0;0;0;1;1;0
11;2;2100102.0;2020;5;15;3;3;5;2;0;0;1;0;1;0;0;0;1;1;0
11;10;10200630.0;2020;5;14;1;3;0;7;0;1;1;0;0;0;0;0;1;1;0
11;3;3500935.0;2020;5;12;6;2;0;5;0;0;0;0;0;0;1;0;1;1;0
11;9;9100409.0;2020;5;12;5;2;5;7;0;0;1;0;1;0;0;0;1;1;0
11;6;6300526.0;2020;5;6;7;2;8;1;0;0;1;0;0;0;0;0;1;1;0
11;1;1100309.0;2020;5;21;1;3;0;1;2;1;0;0;0;0;0;0;1;1;0
11;4;4501041.0;2020;5;16;2;3;2;2;0;0;1;0;0;0;0;1;1;1;0
11;3;3701555.0;2020;5;9;5;3;0;3;0;0;1;0;1;0;0;0;1;1;0
11;12;12400723.0;2020;5;15;4;3;6;4;0;0;1;1;0;0;0;0;1;1;0
11;1;1100415.0;2020;5;16;5;3;5;3;0;0;1;0;0;0;1;0;1;1;0
11;11;11200515.0;2020;5;19;7;3;1;5;0;1;0;0;0;0;1;0;1;1;0
11;2;2400624.0;2020;5;20;1;3;5;3;1;1;1;0;0;0;0;0;1;1;0
11;8;8100104.0;2020;5;17;2;3;2;6;0;0;1;0;1;0;0;1;1;1;0
11;6;6100207.0;2020;5;12;5;3;6;4;0;0;1;1;0;0;0;0;1;1;0
11;1;1200626.0;2020;5;19;4;3;5;3;0;1;0;0;1;0;0;0;1;1;0
11;8;8401243.0;2020;5;14;1;3;5;3;0;0;1;0;0;0;0;1;1;1;0
11;11;11501238.0;2020;5;4;4;3;5;3;1;0;1;0;0;0;0;0;1;1;0
11;3;3300516.0;2020;5;12;6;3;2;6;0;0;1;0;0;0;0;0;1;1;0
11;12;12400722.0;2020;5;11;6;3;2;6;0;0;1;0;0;0;0;0;1;1;0
11;4;4200308.0;2020;5;13;3;3;2;6;0;0;1;0;0;1;0;0;1;1;0
11;7;7300517.0;2020;5;20;1;3;5;2;1;1;1;0;0;0;0;0;1;1;0
11;11;11100309.0;2020;5;16;5;3;3;2;0;0;1;0;0;0;0;0;1;1;0
11;4;4400728.0;2020;5;8;5;3;1;5;0;1;1;0;0;0;0;0;1;1;0
11;7;7400928.0;2020;5;20;1;2;2;6;0;0;1;0;0;0;0;0;1;1;0
11;5;5300840.0;2020;5;6;2;3;0;6;0;0;1;0;1;0;0;1;1;1;0
11;8;8100314.0;2020;5;16;4;3;6;7;0;0;0;1;0;0;1;0;1;1;0
11;5;5300736.0;2020;5;16;4;3;2;6;0;0;1;0;0;0;1;0;1;1;0
11;5;5200420.0;2020;5;20;7;3;9;2;1;0;1;0;0;0;0;0;1;1;0
11;7;7501029.0;2020;5;12;4;3;5;3;0;0;1;0;1;0;0;0;1;1;0
11;6;6400838.0;2020;5;10;6;2;2;7;0;0;1;0;1;0;0;0;1;1;0
11;1;1400942.0;2020;5;17;6;3;5;3;0;1;1;0;0;0;0;0;1;1;0
11;8;8300934.0;2020;5;13;3;3;5;3;0;1;1;0;0;0;0;0;1;1;0
11;9;9200511.0;2020;5;16;1;2;6;4;0;0;1;1;0;0;0;0;1;1;0
11;5;5100316.0;2020;5;15;4;3;5;3;0;1;1;0;0;0;0;0;1;1;0
11;1;1100416.0;2020;5;11;6;3;3;6;0;1;0;0;0;0;1;0;1;1;0
11;6;6400844.0;2020;5;17;6;3;5;3;0;1;1;0;1;0;0;0;1;1;0
11;9;9100203.0;2020;5;10;3;3;5;3;0;1;1;0;0;0;0;0;1;1;0
11;2;2400521.0;2020;5;17;1;3;5;2;0;1;1;0;0;0;0;0;1;1;0
11;12;12500825.0;2020;5;7;5;3;5;3;0;0;1;0;0;0;0;0;1;1;0
11;11;11501339.0;2020;5;15;3;3;5;3;0;0;1;0;1;0;0;0;1;1;0
11;7;7501029.0;2020;5;22;4;3;5;7;2;0;1;0;1;0;0;0;1;1;0
11;11;11100102.0;2020;5;13;2;3;5;2;0;1;1;0;0;0;0;1;1;1;0
11;1;1200628.0;2020;5;18;4;3;2;6;0;0;1;0;0;0;0;0;1;1;0
11;5;5200423.0;2020;5;16;3;2;5;2;0;0;1;0;1;0;0;0;1;1;0
11;2;2300418.0;2020;5;14;4;3;0;1;0;1;0;0;0;0;0;0;1;1;0
11;8;8100102.0;2020;5;14;7;3;2;7;0;1;1;0;0;0;0;0;1;1;0
11;4;4200308.0;2020;5;11;4;3;2;6;0;0;1;0;0;0;0;0;1;1;0
11;2;2500726.0;2020;5;13;3;3;2;3;0;0;1;0;0;0;1;0;1;1;0
11;6;6300630.0;2020;5;22;6;3;8;1;2;0;0;0;1;0;0;0;1;1;0
11;7;7200414.0;2020;5;12;6;3;1;5;0;1;1;0;0;0;0;0;1;1;0
11;4;4300416.0;2020;5;17;1;3;1;5;0;1;1;0;0;0;0;0;1;1;0
11;3;3400620.0;2020;5;15;5;2;5;2;0;1;1;0;0;0;0;0;1;1;0
11;10;10300731.0;2020;5;9;4;3;3;6;0;0;0;0;0;0;1;0;1;1;0
11;1;1400938.0;2020;6;19;2;3;5;3;0;1;1;0;0;0;0;0;0;1;1
11;7;7400823.0;2020;6;22;2;3;0;2;1;0;1;0;1;0;0;0;0;1;1
11;5;5300737.0;2020;6;10;7;3;6;7;0;1;0;1;0;0;0;0;0;1;1
11;7;7601341.0;2020;6;14;6;2;5;2;0;1;1;0;0;0;0;0;0;1;1
11;12;12400618.0;2020;6;13;4;3;2;6;0;1;1;0;0;0;0;0;0;1;1
11;7;7501032.0;2020;6;20;7;3;8;1;0;0;1;0;0;0;0;0;0;1;1
11;8;8200726.0;2020;6;14;6;3;2;2;0;0;1;0;1;0;0;0;0;1;1
11;2;2400521.0;2020;6;11;6;3;5;2;0;1;1;0;0;0;0;0;0;1;1
11;11;11501238.0;2020;6;16;3;3;3;6;0;1;1;0;0;0;0;0;0;1;1
11;6;6400844.0;2020;6;15;2;2;5;2;0;0;1;0;0;0;0;0;0;1;1
11;11;11300721.0;2020;6;11;6;3;5;2;0;1;0;0;0;1;0;0;0;1;1
11;10;10100312.0;2020;6;11;2;2;3;6;0;0;1;0;0;1;0;0;0;1;1
11;1;1100416.0;2020;6;15;2;3;1;5;0;1;1;0;0;0;0;0;0;1;1
11;4;4501152.0;2020;6;23;6;3;0;1;2;0;0;0;0;0;1;1;0;1;1
11;12;12601236.0;2020;6;17;5;3;0;7;0;0;1;0;0;0;0;1;0;1;1
11;10;10200422.0;2020;6;16;1;3;0;7;0;0;0;0;0;0;1;0;0;1;1
11;12;12400618.0;2020;6;14;2;3;0;7;0;1;0;0;0;0;0;0;0;1;1
11;9;9301126.0;2020;6;14;6;3;2;7;0;1;1;0;0;0;0;1;0;1;1
11;7;7400823.0;2020;6;22;6;3;5;2;2;0;1;0;0;0;0;1;0;1;1
11;3;3601141.0;2020;6;6;4;3;5;3;0;1;0;0;0;0;1;0;0;1;1
11;1;1200628.0;2020;6;21;6;3;5;3;2;1;1;0;0;0;0;0;0;1;1
11;3;3300413.0;2020;6;10;3;3;5;3;0;0;1;0;0;0;0;0;0;1;1
11;9;9200715.0;2020;6;21;6;3;5;3;1;0;1;0;0;0;1;0;0;1;1
11;5;5100209.0;2020;6;13;6;2;5;2;0;0;1;0;0;0;0;0;0;1;1
11;2;2200212.0;2020;6;8;3;3;5;3;0;1;0;0;0;0;0;0;0;1;1
11;7;7400824.0;2020;6;11;6;3;2;6;0;0;1;0;0;0;0;0;0;1;1
11;8;8300934.0;2020;6;15;2;3;0;7;0;1;1;0;0;0;1;0;0;1;1
11;12;12400619.0;2020;6;12;2;3;3;6;0;1;0;0;0;0;0;0;0;1;1
11;5;5100209.0;2020;6;10;6;3;1;7;0;0;1;0;0;0;0;0;0;1;1
11;6;6300634.0;2020;6;17;4;3;5;3;0;1;1;0;0;0;0;0;0;1;1
11;3;3500936.0;2020;6;16;5;3;1;5;0;1;1;0;0;0;0;0;0;1;1
11;11;11501341.0;2020;6;17;1;3;5;3;0;0;1;0;0;0;0;0;0;1;1
11;3;3501037.0;2020;6;13;2;3;5;3;0;1;1;0;0;0;0;0;0;1;1
11;3;3701660.0;2020;6;20;6;3;1;5;1;0;1;0;1;0;0;0;0;1;1
11;8;8100312.0;2020;6;13;6;3;1;5;0;1;1;0;0;0;0;0;0;1;1
11;5;5300737.0;2020;6;10;4;3;2;6;0;0;1;0;0;0;0;0;0;1;1
11;8;8100418.0;2020;6;9;6;3;1;5;0;1;1;0;0;0;0;1;0;1;1
11;10;10400938.0;2020;6;8;3;3;5;3;0;1;0;0;0;0;1;0;0;1;1
11;4;4300623.0;2020;6;20;6;3;0;2;0;1;1;0;0;0;0;0;0;1;1
11;8;8401242.0;2020;6;9;2;3;5;3;0;0;1;0;0;0;0;0;0;1;1
11;11;11200411.0;2020;6;13;2;3;5;3;0;0;0;0;1;0;1;0;0;1;1
11;7;7501031.0;2020;6;10;7;3;6;2;0;0;1;1;0;0;0;0;0;1;1
11;5;4200308.0;2020;6;12;6;3;2;6;0;0;1;0;0;0;0;0;0;1;1
11;8;8200624.0;2020;6;15;4;3;0;3;0;1;1;0;0;0;0;0;0;1;1
11;2;2100106.0;2020;6;22;7;3;6;4;2;0;0;1;0;0;1;0;0;1;1
11;5;5100101.0;2020;6;12;2;3;2;6;0;1;1;0;0;0;0;0;0;1;1
11;1;1400942.0;2020;6;18;6;3;2;6;0;0;1;0;0;0;0;0;0;1;1
11;8;8100209.0;2020;6;10;2;3;5;2;0;0;1;0;0;0;0;0;0;1;1
11;10;10400835.0;2020;6;12;2;3;5;3;0;1;1;0;0;0;0;0;0;1;1
11;5;5200629.0;2020;6;19;6;3;5;3;0;1;1;0;0;0;0;0;0;1;1
11;8;8401241.0;2020;6;16;4;3;6;4;0;0;1;1;0;0;0;0;0;1;1
11;11;11100204.0;2020;6;12;5;3;6;4;0;0;1;1;0;0;0;0;0;1;1
11;3;3601449.0;2020;6;17;1;3;3;6;0;0;1;0;1;0;0;0;0;1;1
11;1;1300733.0;2020;6;11;2;3;2;6;0;0;1;0;0;0;0;0;0;1;1
11;2;2100102.0;2020;6;12;6;3;5;3;0;1;1;0;0;0;0;0;0;1;1
11;3;3701555.0;2020;6;8;6;3;0;1;0;0;0;0;1;0;0;1;0;1;1
11;4;4501148.0;2020;6;8;4;3;5;2;0;0;1;0;0;0;1;0;0;1;1
11;9;9401329.0;2020;6;8;6;2;5;3;0;0;1;0;0;0;0;0;0;1;1
11;7;7100205.0;2020;6;15;3;2;4;6;0;0;0;0;0;0;1;0;0;1;1
11;6;6100205.0;2020;6;7;6;2;1;5;0;1;1;0;0;0;0;1;0;1;1
11;9;9200613.0;2020;6;20;2;3;5;2;0;1;0;0;0;0;1;0;0;1;1
11;9;9401330.0;2020;6;10;2;3;0;1;0;1;0;0;0;0;0;0;0;1;1
11;12;12500929.0;2020;6;9;7;2;5;3;0;1;1;0;0;0;0;0;0;1;1
11;9;9501737.0;2020;6;7;6;3;0;1;0;1;0;0;0;0;0;1;0;1;1
11;6;6400737.0;2020;6;14;4;3;5;3;0;0;1;0;0;0;0;0;0;1;1
11;4;4501041.0;2020;6;23;7;3;5;7;2;0;1;0;0;0;0;0;0;1;1
11;1;1100205.0;2020;6;7;6;3;5;3;0;1;1;0;0;0;0;1;0;1;1
11;2;2300419.0;2020;6;18;6;3;2;6;0;1;1;0;0;0;0;1;0;1;1
11;4;4501042.0;2020;6;18;3;3;5;2;0;1;1;0;0;0;0;0;0;1;1
11;9;9401329.0;2020;6;10;2;3;0;2;0;1;1;0;0;0;0;0;0;1;1
11;3;3300516.0;2020;6;16;6;3;2;2;0;0;1;0;0;0;1;0;0;1;1
11;7;7200414.0;2020;6;23;2;3;0;1;2;1;0;0;0;0;0;0;0;1;1
11;3;3500935.0;2020;6;7;6;3;0;1;0;0;0;0;1;0;0;1;0;1;1
11;9;9501737.0;2020;6;19;3;2;3;6;0;1;0;0;0;0;0;0;0;1;1
11;6;6300527.0;2020;6;7;5;3;0;3;0;1;0;0;0;0;0;0;0;1;1
11;3;3601243.0;2020;6;13;3;3;5;3;0;0;1;0;0;0;1;0;0;1;1
11;10;10200526.0;2020;6;17;5;3;0;1;0;0;1;0;0;0;0;0;0;1;1
11;12;12100205.0;2020;6;17;2;3;5;3;0;0;1;0;0;0;0;0;0;1;1
11;4;4300622.0;2020;6;10;2;3;5;7;0;0;1;0;1;0;0;0;0;1;1
11;3;3500934.0;2020;6;15;7;3;5;2;0;0;0;0;1;0;1;0;0;1;1
11;4;4501042.0;2020;6;14;5;3;1;5;0;0;1;0;0;0;1;0;0;1;1
11;12;12100101.0;2020;6;13;4;3;2;6;0;0;1;0;0;0;1;0;0;1;1
11;7;7100205.0;2020;6;18;7;3;5;2;0;1;1;0;0;0;0;1;0;1;1
11;4;4500937.0;2020;6;16;5;3;0;5;0;0;1;0;0;0;0;0;0;1;1
11;7;7501029.0;2020;6;15;3;3;2;6;0;0;1;0;1;0;0;0;0;1;1
11;1;1401043.0;2020;6;21;2;3;5;3;1;1;1;0;0;0;0;0;0;1;1
11;4;4300621.0;2020;6;8;5;3;2;6;0;0;1;0;0;0;1;0;0;1;1
11;3;3300515.0;2020;6;15;2;3;5;2;0;0;1;0;1;0;0;0;0;1;1
11;1;1401045.0;2020;6;5;2;2;0;1;0;0;0;0;1;0;0;0;0;1;1
11;2;2400624.0;2020;6;16;5;3;5;3;0;1;1;0;0;0;0;1;0;1;1
11;1;1100416.0;2020;6;17;5;3;5;3;0;1;1;0;0;0;0;1;0;1;1
11;1;1100103.0;2020;6;13;1;3;5;3;0;1;1;0;0;0;0;0;0;1;1
11;4;4100101.0;2020;6;20;2;3;3;6;0;1;1;0;0;0;0;0;0;1;1
11;2;2300314.0;2020;6;23;5;3;1;5;2;0;0;0;1;0;0;1;0;1;1
11;1;1100102.0;2020;6;19;2;2;5;3;0;0;1;0;0;0;1;0;0;1;1
11;9;9501939.0;2020;6;16;5;2;5;2;0;1;1;0;0;0;0;1;0;1;1
11;9;9100101.0;2020;6;3;5;3;0;7;2;1;0;0;0;0;0;0;0;1;1
11;3;3500932.0;2020;6;16;2;3;2;7;0;0;1;0;1;0;0;0;0;1;1
11;2;2500833.0;2020;6;20;2;3;6;4;0;0;1;1;0;0;0;0;0;1;1
11;1;1100311.0;2020;6;7;5;3;5;2;0;1;1;0;0;0;0;0;0;1;1
11;2;2400623.0;2020;6;14;5;3;2;6;0;0;1;0;0;0;0;0;0;1;1
11;5;5200528.0;2020;6;18;4;3;2;6;0;0;1;0;0;0;1;0;0;1;1
11;5;5200629.0;2020;6;16;7;3;3;6;0;0;1;0;0;0;1;0;0;1;1
11;8;8100415.0;2020;6;13;5;3;0;7;0;1;0;0;0;0;0;0;0;1;1
11;7;7601544.0;2020;6;13;3;3;2;7;0;0;1;0;1;0;0;0;0;1;1
11;5;5100209.0;2020;6;22;5;3;1;5;2;0;1;0;0;0;0;1;0;1;1
11;8;8100209.0;2020;6;14;2;3;5;2;0;1;1;0;0;0;0;0;0;1;1
11;2;2100101.0;2020;6;19;2;3;5;2;0;1;1;0;0;0;0;0;0;1;1
11;12;12400619.0;2020;6;11;5;3;0;1;0;1;0;0;0;0;0;0;0;1;1
11;7;7100102.0;2020;6;17;4;3;2;6;0;0;1;0;0;0;1;0;0;1;1
11;4;4501146.0;2020;6;14;5;3;5;3;0;1;1;0;0;0;0;0;0;1;1
11;9;9200510.0;2020;6;20;1;3;0;7;1;1;0;0;0;0;0;0;0;1;1
11;12;12601134.0;2020;6;19;2;3;2;6;0;0;1;0;0;0;0;0;0;1;1
11;9;9300920.0;2020;6;11;5;3;5;3;0;0;1;0;1;0;0;0;0;1;1
11;1;1100311.0;2020;6;11;5;2;5;2;0;1;1;0;0;0;0;0;0;1;1
11;9;9502043.0;2020;6;10;4;3;5;3;0;1;1;0;0;0;0;0;0;1;1
11;8;8100521.0;2020;6;19;5;2;5;3;0;0;1;0;0;0;0;1;0;1;1
11;9;9501939.0;2020;6;8;3;3;3;6;0;1;0;0;0;0;0;0;0;1;1
11;2;2200210.0;2020;6;18;5;3;5;3;0;1;1;0;0;0;0;1;0;1;1
11;8;8300935.0;2020;6;12;4;2;5;3;0;0;1;0;0;0;0;0;0;1;1
11;7;7100101.0;2020;6;19;5;3;6;4;0;1;0;1;0;0;0;1;0;1;1
11;11;11200512.0;2020;6;9;3;3;2;6;0;0;1;0;0;0;0;0;0;1;1
11;7;7400822.0;2020;6;17;5;2;1;1;0;0;1;0;0;0;0;1;0;1;1
11;6;6300524.0;2020;6;12;2;3;5;2;0;1;0;0;0;1;0;0;0;1;1
11;3;3601142.0;2020;6;17;2;3;5;3;0;1;0;0;0;0;0;0;0;1;1
11;4;4501042.0;2020;6;10;5;3;5;2;0;0;1;0;0;0;1;0;0;1;1
11;2;2500728.0;2020;6;16;4;3;1;5;0;1;1;0;0;0;0;0;0;1;1