LAND;BEZ;LOR_ab_2021;UJAHR;UMONAT;USTUNDE;UWOCHENTAG;UKATEGORIE;UART;UTYP1;ULICHTVERH;IstRad;IstPKW;IstFuss;IstKrad;IstGkfz;IstSonstige;USTRZUSTAND;LOCKDOWN;COVID;FERIEN
11;5;5100316.0;2020;9;12;5;3;0;1;0;0;0;0;1;0;0;0;0;1;0
11;11;11300721.0;2020;9;12;3;3;5;2;0;1;1;0;0;0;0;0;0;1;0
11;5;5100316.0;2020;9;18;5;3;3;6;1;0;1;0;1;0;0;0;0;1;0
11;1;1100309.0;2020;9;15;1;2;0;6;0;1;1;0;0;0;0;0;0;1;0
11;3;3701556.0;2020;9;9;5;3;5;3;0;0;1;0;1;0;0;0;0;1;0
11;1;1100310.0;2020;9;12;3;2;5;3;0;0;1;0;0;0;1;0;0;1;0
11;10;10100316.0;2020;9;8;7;2;6;4;0;0;0;1;0;0;1;0;0;1;0
11;6;6300524.0;2020;9;10;5;3;6;3;0;0;1;1;0;0;0;0;0;1;0
11;8;8100417.0;2020;9;9;3;3;2;2;0;0;1;0;1;0;0;0;0;1;0
11;8;8401241.0;2020;9;14;7;3;2;2;0;0;1;0;0;0;0;0;0;1;0
11;12;12400720.0;2020;9;12;3;3;1;5;0;1;0;0;0;0;1;0;0;1;0
11;5;5300737.0;2020;9;10;6;3;0;6;0;0;1;0;0;0;1;0;0;1;0
11;1;1100205.0;2020;9;12;3;3;2;6;0;1;0;0;0;0;0;0;0;1;0
11;3;3300517.0;2020;9;9;2;3;5;3;0;1;1;0;0;0;0;0;0;1;0
11;1;1200522.0;2020;9;10;5;3;5;2;0;0;1;0;0;0;0;0;0;1;0
11;7;7400822.0;2020;9;11;3;2;2;6;0;0;0;0;1;0;1;0;0;1;0
11;4;4200310.0;2020;9;13;1;3;6;4;0;0;1;1;0;0;0;0;0;1;0
11;7;7601544.0;2020;9;9;5;3;5;2;0;0;1;0;0;0;0;0;0;1;0
11;2;2100104.0;2020;9;19;3;3;1;5;0;1;1;0;0;0;0;0;0;1;0
11;9;9501737.0;2020;9;21;6;2;7;7;2;0;0;0;1;0;0;0;0;1;0
11;3;3701555.0;2020;9;17;2;2;5;2;0;1;1;0;0;0;0;0;0;1;0
11;4;4300517.0;2020;9;23;6;3;5;3;2;1;1;0;0;0;0;0;0;1;0
11;3;3400620.0;2020;9;11;3;3;3;2;0;1;1;0;0;0;0;0;0;1;0
11;5;5200420.0;2020;9;14;2;3;5;3;0;1;1;0;0;0;0;0;0;1;0
11;2;2100101.0;2020;9;20;2;2;1;5;2;1;1;0;0;0;0;0;0;1;0
11;1;1100309.0;2020;9;9;6;3;0;1;0;1;0;0;0;0;0;0;0;1;0
11;7;7200409.0;2020;9;10;3;3;2;7;0;1;1;0;0;0;0;0;0;1;0
11;4;4300517.0;2020;9;7;2;3;2;2;0;0;1;0;0;0;0;0;0;1;0
11;12;12500926.0;2020;9;10;3;3;5;2;0;0;1;0;0;0;0;0;0;1;0
11;5;5200629.0;2020;9;9;1;3;5;3;0;1;0;0;0;0;0;0;0;1;0
11;2;2400521.0;2020;9;9;5;3;5;2;0;1;1;0;0;0;0;0;0;1;0
11;7;7601544.0;2020;9;17;3;2;5;2;0;0;1;0;0;0;0;0;0;1;0
11;5;5400942.0;2020;9;18;6;3;0;2;0;1;1;0;0;0;0;0;0;1;0
11;5;5200633.0;2020;9;16;2;3;2;6;0;0;1;0;1;0;0;0;0;1;0
11;11;11300724.0;2020;9;8;5;3;5;3;0;1;1;0;0;0;0;0;0;1;0
11;5;5200420.0;2020;9;9;3;3;5;3;0;0;1;0;0;0;0;0;0;1;0
11;2;2400521.0;2020;9;17;5;3;5;2;0;1;1;0;0;0;0;0;0;1;0
11;4;4200310.0;2020;9;12;2;3;0;6;0;0;0;0;1;0;0;0;0;1;0
11;1;1401046.0;2020;9;9;3;3;0;6;0;0;1;0;1;0;0;0;0;1;0
11;4;4501042.0;2020;9;19;7;2;5;3;1;0;1;0;0;0;1;0;0;1;0
11;3;3200207.0;2020;9;10;2;3;5;3;0;0;1;0;0;0;0;0;0;1;0
11;3;3701554.0;2020;9;9;3;3;5;2;0;1;1;0;0;0;0;0;0;1;0
11;9;9200715.0;2020;9;15;7;2;4;6;0;1;0;0;0;0;0;0;0;1;0
11;9;9401432.0;2020;9;15;3;3;2;2;0;0;1;0;0;0;0;0;0;1;0
11;7;7100102.0;2020;9;17;6;3;5;2;0;0;1;0;0;0;0;0;0;1;0
11;12;12200515.0;2020;9;15;2;3;2;6;0;0;1;0;0;0;0;0;0;1;0
11;9;9401534.0;2020;9;15;5;3;5;3;0;1;1;0;0;0;0;0;0;1;0
11;6;6400840.0;2020;9;8;3;3;5;2;0;0;1;0;0;0;0;0;0;1;0
11;4;4300517.0;2020;9;17;5;3;5;2;0;0;1;0;0;0;0;0;0;1;0
11;6;6100103.0;2020;9;22;1;2;2;6;2;0;1;0;0;0;1;0;0;1;0
11;1;1200628.0;2020;9;9;5;3;6;4;0;1;0;1;0;0;0;0;0;1;0
11;1;1100206.0;2020;9;9;3;3;2;6;0;1;1;0;0;0;0;0;0;1;0
11;1;1100311.0;2020;9;15;7;3;2;1;0;1;0;0;0;0;0;0;0;1;0
11;4;4501042.0;2020;9;8;5;3;5;7;0;1;1;0;0;0;0;0;0;1;0
11;1;1100312.0;2020;9;10;6;2;3;6;0;1;1;0;0;0;0;0;0;1;0
11;1;1400937.0;2020;9;10;2;3;2;2;0;0;1;0;0;0;1;0;0;1;0
11;10;10300731.0;2020;9;12;5;3;3;6;0;0;1;0;0;0;1;0;0;1;0
11;10;10200423.0;2020;9;15;6;3;2;2;0;0;1;0;0;0;0;0;0;1;0
11;10;10100206.0;2020;9;14;2;3;6;4;0;0;1;1;0;0;0;0;0;1;0
11;2;2500726.0;2020;9;13;5;3;6;2;0;0;1;1;0;0;0;0;0;1;0
11;5;5200528.0;2020;9;8;3;3;5;3;0;0;1;0;0;0;0;0;0;1;0
11;5;5100211.0;2020;9;17;5;3;2;6;0;1;1;0;0;0;0;0;0;1;0
11;6;6300526.0;2020;9;17;1;3;5;3;0;0;1;0;1;0;0;0;0;1;0
11;1;1200629.0;2020;9;10;3;3;5;2;0;0;1;0;0;0;0;0;0;1;0
11;4;4300518.0;2020;9;14;7;3;5;2;0;1;1;0;0;0;0;0;0;1;0
11;1;1400938.0;2020;9;8;3;3;6;6;0;1;0;1;0;0;0;0;0;1;0
11;8;8100102.0;2020;9;10;6;3;3;6;0;1;1;0;0;0;0;0;0;1;0
11;5;5100316.0;2020;9;6;3;3;0;2;0;0;1;0;0;0;1;0;0;1;0
11;9;9200715.0;2020;9;8;2;3;5;2;0;1;1;0;0;0;0;0;0;1;0
11;2;2500729.0;2020;9;2;3;2;0;1;2;0;0;0;0;0;1;0;0;1;0
11;4;4400833.0;2020;9;12;1;3;6;7;0;0;1;1;0;0;0;0;0;1;0
11;2;2500835.0;2020;9;8;5;3;8;1;0;0;0;0;1;0;0;0;0;1;0
11;9;9501737.0;2020;9;18;3;3;5;2;0;1;1;0;0;0;0;0;0;1;0
11;7;7100205.0;2020;9;20;3;2;3;6;1;0;1;0;1;0;0;0;0;1;0
11;12;12200309.0;2020;9;13;1;3;3;6;0;0;1;0;0;0;1;0;0;1;0
11;12;12100205.0;2020;9;12;3;3;0;1;0;0;0;0;1;0;0;0;0;1;0
11;9;9200819.0;2020;9;16;6;3;5;2;0;1;1;0;0;0;0;0;0;1;0
11;2;2400623.0;2020;9;18;2;3;5;3;0;0;1;0;0;0;1;0;0;1;0
11;11;11300722.0;2020;9;3;6;3;0;1;2;1;0;0;0;0;0;0;0;1;0
11;4;4300619.0;2020;9;20;3;3;6;4;1;1;0;1;0;0;0;0;0;1;0
11;1;1200522.0;2020;9;10;2;3;5;3;0;1;1;0;0;0;0;0;0;1;0
11;2;2400623.0;2020;9;18;3;3;0;1;0;0;0;0;1;0;0;0;0;1;0
11;1;1200521.0;2020;9;0;1;3;0;5;2;0;1;0;0;0;1;0;0;1;0
11;1;1401045.0;2020;9;16;3;3;5;3;0;0;1;0;0;0;0;0;0;1;0
11;4;4500937.0;2020;9;17;6;3;2;7;0;0;1;0;0;0;0;0;0;1;0
11;2;2100102.0;2020;9;16;2;3;2;6;0;0;1;0;0;0;0;0;0;1;0
11;10;10100311.0;2020;9;16;5;2;5;2;0;1;1;0;0;0;0;0;0;1;0
11;6;6100206.0;2020;9;18;3;3;5;3;0;1;0;0;0;0;0;0;0;1;0
11;1;1100206.0;2020;9;21;6;3;0;2;2;1;0;0;1;0;0;0;0;1;0
11;1;1100313.0;2020;9;16;2;3;5;3;0;1;1;0;0;0;0;0;0;1;0
11;2;2100105.0;2020;9;1;6;3;5;2;2;0;1;0;1;0;0;0;0;1;0
11;12;12200309.0;2020;9;0;3;3;5;2;2;0;0;0;0;0;1;0;0;1;0
11;5;5100208.0;2020;9;13;2;3;5;3;0;0;1;0;0;0;0;0;0;1;0
11;1;1100313.0;2020;9;17;3;3;3;6;0;1;0;0;0;0;0;0;0;1;0
11;9;9301126.0;2020;9;23;7;2;5;2;2;1;1;0;0;0;0;0;0;1;0
11;4;4200311.0;2020;9;8;5;2;2;6;0;0;1;0;1;0;0;0;0;1;0
11;1;1100102.0;2020;9;23;2;3;2;6;2;0;1;0;0;1;0;0;0;1;0
11;9;9401534.0;2020;9;13;6;3;2;7;0;1;0;0;0;0;1;0;0;1;0
11;1;1100206.0;2020;9;15;2;3;2;2;0;1;1;0;0;0;0;0;0;1;0
11;5;5200634.0;2020;9;15;5;3;0;2;0;1;1;0;0;0;0;0;0;1;0
11;3;3300413.0;2020;9;17;3;3;2;6;0;0;1;0;0;0;0;0;0;1;0
11;12;12200411.0;2020;9;16;5;2;5;2;0;0;1;0;0;0;0;0;0;1;0
11;9;9100304.0;2020;9;20;1;3;2;6;2;0;1;0;0;1;0;0;0;1;0
11;11;11200514.0;2020;9;9;3;3;6;2;0;0;1;1;0;0;0;0;0;1;0
11;4;4500938.0;2020;9;15;7;2;5;7;0;0;1;0;1;0;0;0;0;1;0
11;11;11100203.0;2020;9;16;5;3;5;2;0;1;1;0;0;0;0;0;0;1;0
11;1;1400940.0;2020;9;13;1;3;5;2;0;0;1;0;1;0;0;0;0;1;0
11;2;2300315.0;2020;9;18;7;3;5;3;0;0;1;0;0;0;1;0;0;1;0
11;1;1100102.0;2020;9;22;2;3;3;6;2;0;1;0;1;0;0;0;0;1;0
11;1;1300836.0;2020;9;11;6;3;5;7;0;1;1;0;0;0;0;0;0;1;0
11;4;4400727.0;2020;9;7;2;3;1;7;0;1;1;0;0;0;0;0;0;1;0
11;4;4200311.0;2020;9;10;5;3;5;2;0;1;1;0;0;0;0;0;0;1;0
11;11;11100307.0;2020;9;16;3;3;2;6;0;0;1;0;0;0;0;0;0;1;0
11;1;1200519.0;2020;9;18;4;3;2;7;0;1;1;0;0;0;0;0;0;1;0
11;4;4501042.0;2020;9;15;1;3;5;2;0;1;1;0;0;0;0;0;0;1;0
11;4;4200308.0;2020;9;12;3;3;2;6;0;0;1;0;1;0;0;0;0;1;0
11;9;9100408.0;2020;9;10;7;3;5;2;0;1;1;0;0;0;0;0;0;1;0
11;1;1100206.0;2020;9;14;6;3;5;3;0;1;1;0;0;0;0;0;0;1;0
11;9;9200715.0;2020;9;16;3;3;5;2;0;1;1;0;0;0;0;0;0;1;0
11;12;12601133.0;2020;9;15;3;3;7;7;0;0;0;0;1;0;0;0;0;1;0
11;6;6200317.0;2020;9;11;6;3;5;3;0;0;1;0;0;0;0;0;0;1;0
11;10;10100101.0;2020;9;15;3;3;2;6;0;0;1;0;0;0;0;0;0;1;0
11;3;3400619.0;2020;9;9;2;3;1;5;0;0;1;0;1;0;0;0;0;1;0
11;6;6100102.0;2020;9;11;5;3;5;2;0;1;1;0;0;0;0;0;0;1;0
11;1;1401046.0;2020;9;2;3;3;1;5;2;0;1;0;0;0;1;0;0;1;0
11;6;6400838.0;2020;9;13;1;3;6;4;0;1;0;1;0;0;0;0;0;1;0
11;4;4501148.0;2020;9;13;3;2;5;2;0;0;1;0;1;0;0;0;0;1;0
11;9;9301126.0;2020;9;10;6;3;5;3;0;1;1;0;0;0;0;0;0;1;0
11;4;4501153.0;2020;9;17;2;3;5;3;0;1;1;0;0;0;0;0;0;1;0
11;10;10400940.0;2020;9;14;6;3;5;3;0;0;1;0;1;0;0;0;0;1;0
11;1;1100205.0;2020;9;18;2;3;4;6;0;1;0;0;0;0;1;0;0;1;0
11;2;2100106.0;2020;9;14;2;3;5;7;0;0;1;0;0;0;1;0;0;1;0
11;5;5200632.0;2020;9;17;2;3;5;2;0;0;1;0;0;0;1;0;0;1;0
11;5;5200633.0;2020;9;12;7;3;2;6;0;0;1;0;0;0;1;0;0;1;0
11;12;12400619.0;2020;9;7;2;3;0;7;0;0;1;0;0;0;0;0;0;1;0
11;2;2300316.0;2020;9;16;2;3;1;5;0;1;1;0;0;0;0;0;0;1;0
11;4;4200308.0;2020;9;11;1;2;0;7;0;1;0;0;0;0;0;0;0;1;0
11;8;8200623.0;2020;9;17;3;3;2;6;0;0;0;0;1;0;1;0;0;1;0
11;8;8100312.0;2020;9;18;6;3;2;6;0;0;1;0;1;0;0;0;0;1;0
11;2;2400521.0;2020;9;17;2;3;5;2;0;1;1;0;0;0;0;0;0;1;0
11;5;5200632.0;2020;9;15;5;3;0;1;0;1;0;0;0;0;0;0;0;1;0
11;11;11200512.0;2020;9;17;2;3;5;3;0;1;1;0;0;0;0;0;0;1;0
11;3;3400619.0;2020;9;13;2;2;6;4;0;0;1;1;0;0;0;0;0;1;0
11;4;4501153.0;2020;9;17;2;3;5;2;0;1;1;0;0;0;0;0;0;1;0
11;4;4300413.0;2020;9;20;7;3;6;6;1;0;1;1;0;0;0;0;0;1;0
11;7;7200411.0;2020;9;18;2;3;2;6;1;0;1;0;0;0;0;0;0;1;0
11;2;2200212.0;2020;9;12;6;3;5;2;0;1;1;0;0;0;0;0;0;1;0
11;12;12500824.0;2020;9;14;2;3;0;1;0;1;1;0;0;0;0;0;0;1;0
11;8;8100520.0;2020;9;15;3;3;6;7;0;0;0;1;0;0;1;0;0;1;0
11;7;7200412.0;2020;9;13;6;3;5;2;0;0;1;0;1;0;0;0;0;1;0
11;12;12500926.0;2020;9;15;2;2;0;4;0;0;0;1;0;0;1;0;0;1;0
11;3;3601453.0;2020;9;15;5;2;6;4;0;1;0;1;0;0;0;0;0;1;0
11;7;7300619.0;2020;9;17;2;2;0;6;0;0;1;0;1;0;0;0;0;1;0
11;1;1100205.0;2020;9;18;4;3;5;2;0;1;0;0;0;0;1;0;0;1;0
11;2;2300314.0;2020;9;13;1;3;3;6;0;1;0;0;0;0;0;0;0;1;0
11;2;2500830.0;2020;9;6;5;3;0;1;1;0;0;0;1;0;0;1;0;1;0
11;7;7501031.0;2020;9;15;7;3;2;6;0;0;1;0;0;0;0;0;0;1;0
11;3;3601348.0;2020;9;0;5;3;1;5;2;1;1;0;0;0;0;1;0;1;0
11;7;7200412.0;2020;9;14;6;3;6;7;0;1;0;1;0;0;0;0;0;1;0
11;1;1400938.0;2020;9;10;2;3;2;7;0;0;1;0;0;0;0;0;0;1;0
11;3;3601142.0;2020;9;12;5;3;1;5;0;1;1;0;0;0;0;0;0;1;0
11;7;7400721.0;2020;9;17;2;3;5;3;0;0;1;0;0;0;1;0;0;1;0
11;11;11100102.0;2020;9;14;1;3;8;1;0;1;0;0;0;0;0;0;0;1;0
11;1;1100102.0;2020;9;18;1;3;5;2;0;0;1;0;1;0;0;0;0;1;0
11;2;2500833.0;2020;9;19;4;3;0;1;1;1;1;0;0;0;0;0;0;1;0
11;9;9100203.0;2020;9;9;1;3;5;2;0;0;1;0;0;0;0;0;0;1;0
11;1;1300834.0;2020;9;17;1;3;7;7;0;0;0;0;1;0;0;0;0;1;0
11;5;5400943.0;2020;9;11;2;3;5;3;0;0;1;0;0;0;1;0;0;1;0
11;9;9200819.0;2020;9;17;1;3;2;7;0;0;1;0;1;0;0;0;0;1;0
11;1;1100416.0;2020;9;18;4;3;0;5;0;1;1;0;0;0;0;0;0;1;0
11;12;12500930.0;2020;9;17;1;3;5;2;0;1;1;0;0;0;0;0;0;1;0
11;3;3601245.0;2020;9;15;4;3;3;6;0;0;0;0;1;0;0;0;0;1;0
11;6;6300528.0;2020;9;17;1;3;5;3;0;0;1;0;0;0;0;0;0;1;0
11;12;12100204.0;2020;9;3;4;3;1;5;2;0;1;0;0;0;0;0;0;1;0
11;6;6200421.0;2020;9;17;7;3;3;6;0;1;1;0;0;0;0;0;0;1;0
11;12;12500824.0;2020;9;15;2;3;2;6;0;0;1;0;1;0;0;0;0;1;0
11;1;1100310.0;2020;9;23;7;3;8;1;2;1;0;0;0;0;0;0;0;1;0
11;12;12200411.0;2020;9;22;7;3;3;6;2;0;1;0;0;0;0;0;0;1;0
11;10;10100314.0;2020;9;15;2;3;0;1;0;0;0;0;1;0;0;0;0;1;0
11;12;12601134.0;2020;9;19;7;3;0;1;2;1;1;0;0;0;0;0;0;1;0
11;4;4300416.0;2020;9;18;7;3;5;3;0;1;0;0;0;0;0;0;0;1;0
11;2;2300314.0;2020;9;17;7;3;2;6;0;1;1;0;0;0;0;0;0;1;0
11;1;1200520.0;2020;9;9;4;3;5;2;0;0;1;0;1;0;0;0;0;1;0
11;3;3400723.0;2020;9;17;7;3;5;3;0;0;1;0;0;0;0;0;0;1;0
11;4;4100101.0;2020;9;8;4;3;1;5;0;0;1;0;0;0;0;0;0;1;0
11;2;2200212.0;2020;9;15;7;3;5;2;0;1;1;0;0;0;0;0;0;1;0
11;9;9200510.0;2020;9;14;2;3;5;3;0;0;1;0;0;0;0;0;0;1;0
11;12;12200310.0;2020;9;15;7;3;2;6;0;0;1;0;0;0;0;0;0;1;0
11;12;12200309.0;2020;9;14;7;3;1;5;0;1;1;0;0;0;0;0;0;1;0
11;1;1100308.0;2020;9;13;7;3;6;4;0;1;0;1;0;0;0;0;0;1;0
11;3;3200206.0;2020;9;8;4;3;5;3;0;0;1;0;0;0;0;0;0;1;0
11;12;12200515.0;2020;9;13;1;3;2;7;0;1;0;0;0;0;0;0;0;1;0
11;1;1200629.0;2020;9;13;7;3;5;3;0;0;1;0;0;0;1;0;0;1;0
11;3;3200206.0;2020;9;7;2;3;0;6;0;1;0;0;0;0;1;0;0;1;0
11;12;12601235.0;2020;9;8;4;3;0;3;0;0;1;0;0;0;1;0;0;1;0
11;3;3300514.0;2020;9;11;7;3;2;6;0;0;1;0;1;0;0;0;0;1;0
11;1;1100312.0;2020;9;8;4;2;6;4;0;1;0;1;0;0;0;0;0;1;0
11;12;12601031.0;2020;9;11;7;3;8;1;0;0;0;0;1;0;0;0;0;1;0
11;10;10100102.0;2020;9;6;3;3;5;2;0;0;1;0;0;0;0;0;0;1;0
11;5;5100317.0;2020;9;8;4;3;5;5;0;0;1;0;1;0;0;0;0;1;0
11;3;3701555.0;2020;9;11;7;2;5;2;0;1;1;0;0;0;0;0;0;1;0
11;1;1100206.0;2020;9;13;2;3;2;6;0;1;1;0;0;0;0;0;0;1;0
11;2;2300417.0;2020;9;10;7;3;5;3;0;1;1;0;0;0;0;0;0;1;0
11;1;1100416.0;2020;9;10;7;3;5;3;0;0;1;0;0;0;0;0;0;1;0
11;11;11200513.0;2020;9;9;7;3;5;3;0;0;1;0;0;0;0;0;0;1;0
11;2;2200212.0;2020;9;8;4;3;5;3;0;1;1;0;0;0;0;0;0;1;0
11;1;1100309.0;2020;9;13;1;3;1;7;0;0;1;0;1;0;0;0;0;1;0
11;7;7200308.0;2020;9;3;7;3;0;1;2;0;0;0;0;0;1;0;0;1;0
11;5;5100210.0;2020;9;12;2;3;5;3;0;0;1;0;0;0;0;0;0;1;0
11;5;5100316.0;2020;9;23;7;3;0;6;2;0;1;0;0;0;1;0;0;1;0
11;6;6200313.0;2020;9;7;4;2;5;2;0;1;1;0;0;0;0;0;0;1;0
11;6;6200312.0;2020;9;8;6;3;1;5;0;1;1;0;0;0;0;0;0;1;0
11;12;12200411.0;2020;9;16;6;3;5;2;0;0;1;0;0;0;0;0;0;1;0
11;4;4300414.0;2020;9;18;2;3;5;2;0;1;1;0;0;0;0;0;0;1;0
11;6;6100206.0;2020;9;16;6;3;5;3;0;1;1;0;0;0;0;0;0;1;0
11;3;3601243.0;2020;9;20;6;2;0;1;2;1;0;0;0;0;0;0;0;1;0
11;1;1100313.0;2020;9;18;6;3;6;4;1;1;0;1;0;0;0;0;0;1;0
11;7;7100206.0;2020;9;6;4;3;5;3;0;1;1;0;0;0;0;0;0;1;0
11;1;1400939.0;2020;9;12;1;3;5;3;0;0;1;0;0;0;0;0;0;1;0
11;3;3500934.0;2020;9;10;6;2;5;2;0;1;1;0;0;0;0;0;0;1;0
11;6;6400735.0;2020;9;12;2;2;0;1;0;1;0;0;0;0;0;0;0;1;0
11;9;9200715.0;2020;9;9;6;3;6;4;0;0;0;1;0;1;0;0;0;1;0
11;7;7400927.0;2020;9;4;4;3;8;7;2;0;1;0;0;0;0;0;0;1;0
11;9;9301025.0;2020;9;8;6;3;5;3;0;1;1;0;0;0;0;0;0;1;0
11;12;12200412.0;2020;9;14;4;3;5;3;0;1;0;0;0;0;0;0;0;1;0
11;2;2300315.0;2020;9;8;6;3;5;3;0;1;1;0;0;0;0;0;0;1;0
11;2;2500726.0;2020;9;13;4;3;5;2;0;0;1;0;0;0;1;0;0;1;0
11;9;9200717.0;2020;9;13;4;3;2;3;0;0;1;0;0;1;0;0;0;1;0
11;9;9100304.0;2020;9;7;6;3;0;1;0;1;0;0;0;0;0;0;0;1;0
11;5;5100316.0;2020;9;7;6;3;5;5;0;0;1;0;1;0;0;0;0;1;0
11;2;2100102.0;2020;9;15;4;2;5;3;0;1;1;0;0;0;0;0;0;1;0
11;10;10200627.0;2020;9;7;6;3;0;6;0;0;1;0;0;0;1;0;0;1;0
11;7;7501133.0;2020;9;16;2;3;5;2;0;1;1;0;0;0;0;0;0;1;0
11;2;2200209.0;2020;9;8;6;3;2;6;0;0;1;0;0;0;0;0;0;1;0
11;5;5200629.0;2020;9;17;6;3;5;2;0;1;1;0;0;0;0;0;0;1;0
11;12;12400723.0;2020;9;22;6;3;5;3;2;0;1;0;0;0;0;0;0;1;0
11;4;4500936.0;2020;9;13;4;3;3;6;0;0;1;0;1;0;0;0;0;1;0
11;8;8100310.0;2020;9;21;6;3;6;4;2;0;1;1;0;0;0;0;0;1;0
11;4;4501153.0;2020;9;13;4;3;5;2;0;1;0;0;0;0;0;0;0;1;0
11;10;10100208.0;2020;9;22;6;3;5;3;2;1;1;0;0;0;0;0;0;1;0
11;7;7400826.0;2020;9;14;2;3;5;2;0;0;1;0;1;0;0;0;0;1;0
11;11;11100203.0;2020;9;1;6;3;8;1;2;0;1;0;0;0;0;0;0;1;0
11;4;4501040.0;2020;9;18;6;3;0;5;0;1;0;0;0;0;1;0;0;1;0
11;5;5200630.0;2020;9;15;2;3;2;6;0;0;1;0;0;0;0;0;0;1;0
11;5;5200632.0;2020;9;7;6;2;5;3;0;1;1;0;0;0;0;0;0;1;0
11;3;3601449.0;2020;9;1;6;3;8;1;2;0;1;0;0;0;0;0;0;1;0
11;3;3701556.0;2020;9;0;6;2;0;1;2;1;0;0;0;0;0;0;0;1;0
11;4;4501041.0;2020;9;14;4;3;3;6;0;1;1;0;0;0;0;0;0;1;0
11;11;11501339.0;2020;9;14;6;2;2;6;0;0;1;0;0;0;0;0;0;1;0
11;3;3601450.0;2020;9;2;3;3;8;1;2;0;1;0;0;0;0;0;0;1;0
11;3;3400831.0;2020;9;12;4;2;5;2;0;1;1;0;0;0;0;0;0;1;0
11;7;7200409.0;2020;9;13;6;3;1;5;0;1;1;0;0;0;1;0;0;1;0
11;2;2100106.0;2020;9;20;2;3;5;3;1;1;1;0;0;0;0;0;0;1;0
11;5;5100316.0;2020;9;14;6;3;5;3;0;0;1;0;1;0;0;0;0;1;0
11;2;2200210.0;2020;9;13;6;3;5;3;0;1;0;0;0;0;0;0;0;1;0
11;12;12100205.0;2020;9;13;6;2;6;4;0;0;1;1;0;0;0;0;0;1;0
11;11;11501339.0;2020;9;12;4;2;5;3;0;1;1;0;0;0;0;0;0;1;0
11;9;9300922.0;2020;9;16;1;2;5;3;0;0;1;0;1;0;0;0;0;1;0
11;12;12400617.0;2020;9;13;6;2;5;2;0;1;1;0;0;0;0;0;0;1;0
11;7;7100102.0;2020;9;13;6;3;2;6;0;0;1;0;0;0;0;0;0;1;0
11;1;1401047.0;2020;9;12;6;3;5;3;0;1;1;0;0;0;0;0;0;1;0
11;10;10300731.0;2020;9;11;4;3;5;3;0;1;1;0;0;0;0;0;0;1;0
11;1;1100101.0;2020;9;15;1;2;5;2;0;1;1;0;0;0;0;0;0;1;0
11;6;6200420.0;2020;9;12;6;3;5;3;0;0;1;0;0;0;0;0;0;1;0
11;11;11200513.0;2020;9;13;2;3;0;3;0;0;1;0;0;0;0;0;0;1;0
11;5;5100314.0;2020;9;12;6;2;6;4;0;0;1;1;0;0;0;0;0;1;0
11;8;8100520.0;2020;9;17;2;3;5;2;0;1;1;0;0;0;0;0;0;1;0
11;9;9200511.0;2020;9;17;2;3;2;4;0;0;1;1;0;0;0;0;0;1;0
11;1;1100206.0;2020;9;11;6;3;5;2;0;1;1;0;0;0;0;0;0;1;0
11;1;1401044.0;2020;9;11;6;3;5;3;0;0;1;0;1;0;0;0;0;1;0
11;1;1100310.0;2020;9;11;6;3;5;2;0;1;0;0;0;0;1;0;0;1;0
11;1;1100311.0;2020;9;6;4;3;5;2;0;1;1;0;0;0;0;0;0;1;0
11;5;5200528.0;2020;9;13;1;3;2;6;0;0;1;0;1;0;0;0;0;1;0
11;12;12400723.0;2020;9;10;6;2;5;3;0;0;1;0;0;0;1;0;0;1;0
11;2;2200209.0;2020;9;6;2;3;5;2;2;1;1;0;0;0;0;0;0;1;0
11;11;11401034.0;2020;9;16;2;2;1;5;0;0;1;0;0;0;0;0;0;1;0
11;11;11300721.0;2020;9;10;6;3;5;2;0;0;1;0;0;0;1;0;0;1;0
11;3;3601142.0;2020;9;12;2;3;0;1;0;1;0;0;0;0;0;0;0;1;0
11;6;6100101.0;2020;9;16;2;2;1;5;0;1;1;0;0;0;0;0;0;1;0
11;4;4300619.0;2020;9;15;6;3;5;3;0;1;1;0;0;0;0;0;0;1;0
11;9;9200613.0;2020;9;15;4;2;6;4;0;0;1;1;0;0;0;0;0;1;0
11;5;5200423.0;2020;9;15;6;3;5;3;0;1;1;0;0;0;0;0;0;1;0
11;6;6100102.0;2020;9;17;4;3;0;4;0;0;0;1;0;0;1;0;0;1;0
11;1;1401047.0;2020;9;15;6;3;5;2;0;0;1;0;0;0;0;0;0;1;0
11;3;3400620.0;2020;9;15;6;2;0;6;0;1;0;0;0;0;1;0;0;1;0
11;4;4100101.0;2020;9;17;4;3;5;7;0;0;1;0;1;0;0;0;0;1;0
11;9;9100407.0;2020;9;16;6;3;2;6;0;1;1;0;0;0;0;0;0;1;0
11;3;3701657.0;2020;9;15;2;3;5;3;0;1;1;0;0;0;0;0;0;1;0
11;1;1200626.0;2020;9;23;2;3;5;2;2;1;0;0;1;0;0;0;0;1;0
11;1;1300733.0;2020;9;16;6;3;3;6;0;1;0;0;0;0;1;0;0;1;0
11;12;12100204.0;2020;9;15;6;3;5;2;0;0;1;0;1;0;0;0;0;1;0
11;1;1100206.0;2020;9;16;6;3;1;5;0;1;1;0;0;0;0;0;0;1;0
11;9;9200716.0;2020;9;16;4;3;5;2;0;1;1;0;0;0;0;0;0;1;0
11;4;4200309.0;2020;9;17;6;3;2;6;0;0;1;0;0;0;0;0;0;1;0