LAND;BEZ;LOR_ab_2021;UJAHR;UMONAT;USTUNDE;UWOCHENTAG;UKATEGORIE;UART;UTYP1;ULICHTVERH;IstRad;IstPKW;IstFuss;IstKrad;IstGkfz;IstSonstige;USTRZUSTAND;LOCKDOWN;COVID;FERIEN
11;1;1100104.0;2020;9;15;6;3;5;2;0;0;1;0;0;0;1;0;0;1;0
11;2;2200213.0;2020;9;17;6;3;5;2;0;1;0;0;1;0;0;0;0;1;0
11;1;1100207.0;2020;9;16;4;3;0;2;0;1;1;0;0;0;0;0;0;1;0
11;11;11300619.0;2020;9;17;6;3;5;2;0;1;1;0;0;0;0;0;0;1;0
11;4;4501041.0;2020;9;15;4;3;5;2;0;0;1;0;0;0;1;0;0;1;0
11;5;5200423.0;2020;9;17;6;2;5;3;0;0;1;0;1;0;0;0;0;1;0
11;1;1100309.0;2020;9;14;2;2;6;4;0;1;0;1;0;0;0;0;0;1;0
11;9;9501941.0;2020;9;9;2;2;5;3;0;1;1;0;0;0;0;0;0;1;0
11;1;1200520.0;2020;9;14;6;3;3;6;0;1;1;0;0;0;0;0;0;1;0
11;4;4300620.0;2020;9;14;6;2;6;4;0;0;1;1;0;0;0;0;0;1;0
11;1;1100312.0;2020;9;19;6;3;6;7;2;0;1;1;0;0;0;0;0;1;0
11;11;11300618.0;2020;9;15;4;3;5;2;0;1;1;0;0;0;0;0;0;1;0
11;12;12200309.0;2020;9;12;1;3;5;2;0;1;1;0;0;0;0;0;0;1;0
11;4;4500937.0;2020;9;19;6;3;5;3;0;1;1;0;0;0;0;0;0;1;0
11;1;1100310.0;2020;9;21;2;2;6;4;2;0;1;1;0;0;0;0;0;1;0
11;3;3200206.0;2020;9;14;3;3;6;7;0;1;0;1;0;0;0;0;0;1;0
11;11;11501339.0;2020;9;18;6;3;5;3;0;1;1;0;0;0;0;0;0;1;0
11;1;1100104.0;2020;9;19;2;3;5;3;1;1;0;0;1;0;0;0;0;1;0
11;1;1400942.0;2020;9;7;3;2;0;1;0;0;0;0;1;0;0;0;0;1;0
11;2;2200213.0;2020;9;18;3;3;2;6;1;0;1;0;0;0;0;0;0;1;0
11;4;4400835.0;2020;9;8;6;3;0;3;0;1;0;0;0;0;0;0;0;1;0
11;10;10200629.0;2020;9;13;2;3;5;2;0;0;1;0;0;0;0;0;0;1;0
11;1;1100308.0;2020;9;18;6;3;5;3;0;1;1;0;0;0;0;0;0;1;0
11;1;1100207.0;2020;9;18;6;3;0;3;0;1;1;0;0;0;0;0;0;1;0
11;6;6200421.0;2020;9;17;6;2;5;3;0;0;1;0;1;0;0;0;0;1;0
11;12;12500928.0;2020;9;13;3;3;2;6;0;1;1;0;0;0;0;0;0;1;0
11;4;4501152.0;2020;9;1;1;2;9;1;2;1;0;0;0;0;0;0;0;1;0
11;5;5400944.0;2020;9;17;6;2;1;5;0;1;1;0;0;0;0;0;0;1;0
11;9;9200819.0;2020;9;12;2;3;2;6;0;1;1;0;0;0;0;0;0;1;0
11;4;4300620.0;2020;9;9;2;3;5;2;0;1;1;0;0;0;0;0;0;1;0
11;11;11300826.0;2020;9;9;5;3;0;6;0;1;0;0;0;0;1;0;0;1;0
11;9;9200512.0;2020;9;9;2;3;5;2;0;0;0;0;0;1;1;0;0;1;0
11;4;4100101.0;2020;9;12;5;3;5;3;0;1;1;0;0;0;0;0;0;1;0
11;10;10300731.0;2020;9;15;5;3;3;6;0;1;1;0;0;0;0;0;0;1;0
11;2;2100105.0;2020;9;15;5;3;5;3;0;1;1;0;0;0;0;0;0;1;0
11;3;3400725.0;2020;9;17;5;3;5;3;0;1;1;0;0;0;0;0;0;1;0
11;3;3500936.0;2020;9;13;5;3;4;5;0;0;0;0;0;0;1;0;0;1;0
11;8;8100314.0;2020;9;19;5;3;5;2;1;1;0;0;0;0;1;0;0;1;0
11;9;9200715.0;2020;9;10;3;3;0;2;0;1;1;0;0;0;0;0;0;1;0
11;9;9401329.0;2020;9;23;1;2;8;1;2;1;0;0;0;0;0;0;0;1;0
11;12;12500926.0;2020;9;23;5;3;1;5;2;0;1;0;0;0;0;0;0;1;0
11;8;8100209.0;2020;9;17;2;3;2;7;0;0;1;0;0;1;0;0;0;1;0
11;1;1401047.0;2020;9;22;5;3;5;3;2;0;1;0;0;0;0;0;0;1;0
11;3;3500932.0;2020;9;7;3;3;5;2;0;0;1;0;0;0;1;0;0;1;0
11;1;1400937.0;2020;9;21;5;3;0;1;2;0;0;0;1;0;0;0;0;1;0
11;11;11200513.0;2020;9;7;3;3;1;6;0;1;1;0;0;0;0;0;0;1;0
11;9;9200818.0;2020;9;20;5;3;2;6;2;0;1;0;0;0;0;0;0;1;0
11;5;5400942.0;2020;9;7;3;3;0;1;0;0;0;0;1;0;0;0;0;1;0
11;8;8100415.0;2020;9;20;5;3;2;6;2;0;1;0;0;0;0;0;0;1;0
11;12;12100205.0;2020;9;15;2;3;2;6;0;0;1;0;0;0;0;0;0;1;0
11;9;9502043.0;2020;9;7;2;2;5;3;0;1;1;0;0;0;0;0;0;1;0
11;2;2400625.0;2020;9;7;3;3;5;3;0;1;1;0;0;0;0;0;0;1;0
11;4;4400832.0;2020;9;19;5;3;6;2;1;0;1;1;0;0;0;0;0;1;0
11;4;4200308.0;2020;9;16;2;3;3;6;0;0;1;0;1;0;0;0;0;1;0
11;2;2500832.0;2020;9;19;5;3;5;2;1;1;1;0;0;0;0;0;0;1;0
11;11;11100203.0;2020;9;18;5;3;5;2;0;1;1;0;0;0;0;0;0;1;0
11;3;3601141.0;2020;9;18;5;3;1;6;0;1;1;0;0;0;0;0;0;1;0
11;10;10100102.0;2020;9;7;3;2;5;2;0;0;1;0;1;0;0;0;0;1;0
11;1;1401044.0;2020;9;16;5;3;5;2;0;1;1;0;0;0;0;0;0;1;0
11;11;11300619.0;2020;9;7;3;3;3;6;0;1;0;0;0;0;0;0;0;1;0
11;7;7200412.0;2020;9;18;5;3;5;3;0;0;1;0;1;0;0;0;0;1;0
11;7;7400823.0;2020;9;14;2;3;5;3;0;1;1;0;0;0;0;0;0;1;0
11;3;3400721.0;2020;9;17;5;3;5;3;0;0;1;0;1;0;0;0;0;1;0
11;8;8100103.0;2020;9;17;5;3;5;3;0;1;1;0;0;0;0;0;0;1;0
11;7;7200307.0;2020;9;17;5;3;6;4;0;1;0;1;0;0;0;0;0;1;0
11;6;6400844.0;2020;9;7;3;3;5;2;0;1;1;0;0;0;0;0;0;1;0
11;2;2100106.0;2020;9;16;5;3;2;6;0;1;1;0;0;0;0;0;0;1;0
11;1;1100308.0;2020;9;12;5;3;5;3;0;0;1;0;0;0;0;0;0;1;0
11;4;4400835.0;2020;9;11;5;3;0;6;0;1;1;0;0;0;0;0;0;1;0
11;2;2400623.0;2020;9;23;3;3;5;2;2;1;1;0;0;0;0;0;0;1;0
11;2;2200210.0;2020;9;11;5;3;5;2;0;1;0;0;0;0;1;0;0;1;0
11;4;4200308.0;2020;9;6;3;2;5;2;0;0;1;0;1;0;0;0;0;1;0
11;1;1200623.0;2020;9;23;3;3;5;2;2;1;1;0;0;0;0;0;0;1;0
11;2;2200208.0;2020;9;11;5;3;5;3;0;1;1;0;0;0;0;0;0;1;0
11;2;2500833.0;2020;9;21;2;3;2;7;2;1;1;0;0;0;0;0;0;1;0
11;1;1300834.0;2020;9;7;2;3;0;2;0;1;1;0;0;0;0;0;0;1;0
11;2;2300315.0;2020;9;10;5;3;5;3;0;0;1;0;0;0;1;0;0;1;0
11;1;1400942.0;2020;9;10;5;3;2;3;0;1;1;0;0;0;0;0;0;1;0
11;6;6400844.0;2020;9;10;5;2;5;2;0;1;1;0;0;0;0;0;0;1;0
11;8;8200623.0;2020;9;21;3;3;0;2;2;0;1;0;1;0;0;0;0;1;0
11;5;5100316.0;2020;9;20;1;3;6;2;1;0;1;1;0;0;0;0;0;1;0
11;6;6300632.0;2020;9;9;5;3;5;2;0;0;1;0;0;0;1;0;0;1;0
11;1;1100103.0;2020;9;12;2;3;6;4;0;1;0;1;0;0;0;0;0;1;0
11;3;3701554.0;2020;9;8;5;3;5;2;0;0;1;0;1;0;0;0;0;1;0
11;1;1100308.0;2020;9;20;1;3;1;5;1;0;1;0;0;0;1;0;0;1;0
11;7;7100103.0;2020;9;8;5;3;1;5;0;1;1;0;0;0;0;0;0;1;0
11;4;4501150.0;2020;9;19;2;3;6;2;1;0;1;1;0;0;0;0;0;1;0
11;5;5200629.0;2020;9;8;5;3;3;2;0;0;1;0;1;0;0;0;0;1;0
11;1;1300834.0;2020;9;18;2;3;5;3;0;0;1;0;0;0;1;0;0;1;0
11;2;2500832.0;2020;9;15;5;3;0;3;0;0;1;0;1;0;0;0;0;1;0
11;1;1100102.0;2020;9;15;5;3;2;6;0;0;1;0;0;0;0;0;0;1;0
11;5;5100314.0;2020;9;14;5;2;5;3;0;0;1;0;1;0;0;0;0;1;0
11;3;3601245.0;2020;9;18;3;3;6;4;0;1;0;1;0;0;0;0;0;1;0
11;5;5100209.0;2020;9;18;1;2;5;2;1;0;1;0;0;0;0;0;0;1;0
11;12;12400616.0;2020;9;14;5;2;5;3;0;0;1;0;0;0;0;0;0;1;0
11;4;4200308.0;2020;9;11;2;3;2;2;0;0;1;0;0;0;0;0;0;1;0
11;12;12400619.0;2020;9;14;5;2;5;3;0;0;1;0;0;0;0;0;0;1;0
11;4;4500939.0;2020;9;14;5;3;5;2;0;1;1;0;0;0;0;0;0;1;0
11;6;6200422.0;2020;9;20;3;3;2;6;2;1;1;0;0;0;0;0;0;1;0
11;1;1401048.0;2020;9;14;3;3;2;6;0;1;0;0;0;0;0;0;0;1;0
11;6;6100101.0;2020;9;13;5;3;6;2;0;0;0;1;0;0;1;0;0;1;0
11;7;7601442.0;2020;9;7;3;3;5;3;0;1;1;0;0;0;0;0;0;1;0
11;7;7400927.0;2020;9;13;5;3;1;5;0;0;1;0;0;0;0;0;0;1;0
11;4;4100101.0;2020;9;12;5;2;5;3;0;0;1;0;0;0;0;0;0;1;0
11;1;1100104.0;2020;9;6;3;3;5;7;1;1;1;0;0;0;0;0;0;1;0
11;12;12100205.0;2020;9;13;5;2;5;2;0;1;0;0;0;1;0;0;0;1;0
11;11;11100309.0;2020;9;13;2;3;6;4;0;0;1;1;0;0;0;0;0;1;0
11;1;1100207.0;2020;9;8;5;3;3;2;0;1;0;0;1;0;0;0;0;1;0
11;1;1100310.0;2020;9;7;5;3;0;6;0;0;1;0;1;0;0;0;0;1;0
11;4;4501153.0;2020;9;7;5;3;2;6;0;1;1;0;0;0;0;0;0;1;0
11;1;1100206.0;2020;9;6;3;2;5;3;0;0;1;0;1;0;0;0;0;1;0
11;11;11400931.0;2020;9;7;5;3;5;3;0;0;1;0;0;0;0;0;0;1;0
11;4;4200310.0;2020;9;7;3;3;5;2;0;1;1;0;0;0;0;0;0;1;0
11;3;3400619.0;2020;9;5;3;3;2;6;0;0;1;0;0;0;1;0;0;1;0
11;6;6200421.0;2020;9;6;5;3;2;2;0;0;1;0;1;0;0;0;0;1;0
11;3;3601243.0;2020;9;6;5;3;2;6;0;0;1;0;0;0;0;0;0;1;0
11;9;9100101.0;2020;9;0;3;2;8;1;2;1;0;0;0;0;0;0;0;1;0
11;12;12200515.0;2020;9;15;4;3;2;7;0;0;1;0;0;0;0;0;0;1;0
11;7;7601341.0;2020;9;14;2;3;2;6;0;0;1;0;0;0;0;0;0;1;0
11;1;1300835.0;2020;9;15;4;3;0;3;0;1;0;0;0;0;1;0;0;1;0
11;11;11401135.0;2020;9;10;4;2;6;7;0;1;0;1;0;0;0;0;0;1;0
11;1;1100308.0;2020;9;21;4;3;2;6;2;0;1;0;0;0;1;0;0;1;0
11;1;1100206.0;2020;9;8;3;3;1;5;0;1;0;0;0;0;1;0;0;1;0
11;8;8100104.0;2020;9;14;4;3;4;6;0;0;0;0;1;0;1;0;0;1;0
11;9;9200613.0;2020;9;0;3;3;2;6;2;0;1;0;1;0;0;0;0;1;0
11;2;2400623.0;2020;9;7;3;3;5;2;0;1;1;0;0;0;0;0;0;1;0
11;5;5300840.0;2020;9;8;4;3;6;7;0;1;0;1;0;0;0;0;0;1;0
11;4;4300623.0;2020;9;20;2;3;5;2;1;0;1;0;0;0;0;0;0;1;0
11;12;12400721.0;2020;9;20;4;2;7;7;0;1;0;0;0;0;0;0;0;1;0
11;9;9401329.0;2020;9;11;4;3;2;6;0;0;1;0;0;0;0;0;0;1;0
11;12;12100101.0;2020;9;14;2;3;3;6;0;0;1;0;1;0;0;0;0;1;0
11;12;12400618.0;2020;9;11;4;3;5;2;0;0;1;0;1;0;0;0;0;1;0
11;4;4300622.0;2020;9;23;4;3;1;5;2;0;1;0;0;0;0;0;0;1;0
11;8;8100207.0;2020;9;22;4;3;0;1;2;1;0;0;0;0;0;0;0;1;0
11;4;4300416.0;2020;9;8;3;3;5;3;0;1;1;0;0;0;0;0;0;1;0
11;9;9100101.0;2020;9;18;1;3;2;6;0;0;1;0;0;0;0;0;0;1;0
11;12;12200309.0;2020;9;22;4;2;5;2;2;1;1;0;0;0;0;0;0;1;0
11;12;12200515.0;2020;9;13;2;3;3;6;0;0;1;0;1;0;0;0;0;1;0
11;11;11501340.0;2020;9;7;2;3;5;2;0;1;1;0;0;0;0;0;0;1;0
11;1;1100309.0;2020;9;21;4;3;1;5;2;1;1;0;0;0;0;0;0;1;0
11;1;3701556.0;2020;9;16;1;3;1;5;0;1;1;0;0;0;0;0;0;1;0
11;4;4501042.0;2020;9;20;4;3;1;5;2;1;1;0;0;0;0;0;0;1;0
11;4;4501147.0;2020;9;20;4;3;5;2;2;0;1;0;1;0;0;0;0;1;0
11;4;4501149.0;2020;9;20;4;3;5;3;2;1;1;0;0;0;0;0;0;1;0
11;11;11400931.0;2020;9;8;3;3;5;2;0;1;1;0;0;0;0;0;0;1;0
11;4;4501042.0;2020;9;17;2;3;5;2;0;1;1;0;0;0;0;0;0;1;0
11;6;6300633.0;2020;9;18;4;2;5;2;0;0;1;0;0;0;0;0;0;1;0
11;12;12200309.0;2020;9;5;6;3;5;2;2;1;1;0;0;0;0;1;0;1;0
11;3;3400722.0;2020;9;14;4;2;6;4;0;1;0;1;0;0;0;0;0;1;0
11;7;7200308.0;2020;9;5;2;3;0;1;2;0;0;0;1;0;0;1;0;1;0
11;12;12200309.0;2020;9;9;4;3;2;6;0;0;1;0;1;0;0;0;0;1;0
11;1;1100308.0;2020;9;19;5;3;2;6;2;1;1;0;0;0;0;0;0;1;0
11;9;9100304.0;2020;9;17;7;2;2;6;0;0;1;0;0;0;0;1;0;1;0
11;7;7400721.0;2020;9;7;3;3;5;3;0;1;1;0;0;0;0;0;0;1;0
11;5;5200629.0;2020;9;10;4;3;3;6;0;0;1;0;0;1;0;0;0;1;0
11;3;3400618.0;2020;9;10;4;3;0;2;0;1;1;0;0;0;0;0;0;1;0
11;7;7400823.0;2020;9;14;6;3;2;6;0;0;1;0;0;0;1;1;0;1;0
11;1;1300834.0;2020;9;15;2;3;5;3;0;0;1;0;1;0;0;0;0;1;0
11;5;5100314.0;2020;9;18;4;3;5;3;0;0;1;0;0;0;0;0;0;1;0
11;6;6100205.0;2020;9;6;5;3;6;2;1;0;1;1;0;0;0;0;0;1;0
11;9;9401329.0;2020;9;17;2;3;1;5;0;1;1;0;0;0;0;0;0;1;0
11;1;1300733.0;2020;9;17;3;3;1;5;0;1;1;0;0;0;0;0;0;1;0
11;3;3500936.0;2020;9;8;5;3;2;7;0;1;1;0;0;0;0;0;0;1;0
11;7;7300619.0;2020;9;13;7;3;5;3;0;0;1;0;0;0;0;1;0;1;0
11;5;5300737.0;2020;9;19;3;3;2;2;0;0;1;0;0;0;0;0;0;1;0
11;11;11501339.0;2020;9;14;5;2;0;7;0;1;0;0;0;1;0;0;0;1;0
11;11;11501238.0;2020;9;10;7;3;9;1;0;0;1;0;0;0;0;1;0;1;0
11;11;11300722.0;2020;9;12;3;3;5;3;0;1;1;0;0;0;0;0;0;1;0
11;1;1400940.0;2020;9;17;4;3;5;3;0;1;1;0;0;0;0;0;0;1;0
11;5;5400942.0;2020;9;10;6;3;2;6;0;0;1;0;0;0;1;1;0;1;0
11;8;8401246.0;2020;9;10;2;3;5;2;0;0;1;0;0;0;0;0;0;1;0
11;10;10400938.0;2020;9;12;4;2;0;1;0;0;0;0;1;0;0;0;0;1;0
11;6;6100206.0;2020;9;9;4;3;5;2;0;1;1;0;0;0;0;0;0;1;0
11;3;3200205.0;2020;9;17;5;3;5;3;0;1;1;0;0;0;0;0;0;1;0
11;6;6200421.0;2020;9;21;1;3;8;1;2;0;1;0;0;0;0;1;0;1;0
11;8;8200622.0;2020;9;16;3;2;0;6;0;0;1;0;1;0;0;0;0;1;0
11;9;9502043.0;2020;9;20;6;3;3;6;2;1;1;0;0;0;0;0;0;1;0
11;2;2400522.0;2020;9;9;3;3;1;5;0;1;1;0;0;0;0;0;0;1;0
11;2;2300417.0;2020;9;18;4;3;5;2;0;1;1;0;0;0;0;0;0;1;0
11;3;3300413.0;2020;9;8;6;3;2;6;0;0;1;0;0;0;0;1;0;1;0
11;4;4400832.0;2020;9;14;4;3;6;4;0;0;1;1;0;0;0;0;0;1;0
11;4;4501041.0;2020;9;11;2;3;0;4;0;0;1;1;0;0;0;0;0;1;0
11;12;12200309.0;2020;9;13;4;2;1;5;0;1;1;0;0;0;0;0;0;1;0
11;3;3500934.0;2020;9;8;4;3;5;3;0;1;1;0;0;0;0;0;0;1;0
11;7;7400720.0;2020;9;17;4;2;5;3;0;0;1;0;0;0;0;0;0;1;0
11;4;4200308.0;2020;9;8;6;3;2;6;0;0;1;0;0;1;1;1;0;1;0
11;1;1100416.0;2020;9;14;2;3;1;5;0;1;1;0;0;0;0;0;0;1;0
11;8;8401241.0;2020;9;7;4;3;0;3;0;0;1;0;1;0;0;0;0;1;0
11;4;4501146.0;2020;9;8;4;3;1;5;0;1;1;0;0;0;0;0;0;1;0
11;9;9200510.0;2020;9;14;5;3;5;2;0;1;1;0;0;0;0;0;0;1;0
11;3;3601142.0;2020;9;13;1;3;0;7;0;0;1;0;1;0;0;0;0;1;0
11;6;6100204.0;2020;9;10;3;3;1;5;0;1;1;0;0;0;0;0;0;1;0
11;9;9200512.0;2020;9;23;6;2;0;1;2;0;0;0;1;0;0;0;0;1;0
11;2;2100104.0;2020;9;8;3;3;0;2;0;1;1;0;0;0;0;0;0;1;0
11;3;3400725.0;2020;9;8;4;3;4;6;0;1;0;0;0;0;0;0;0;1;0
11;10;10100315.0;2020;9;5;6;3;9;1;2;0;1;0;0;0;1;1;0;1;0
11;2;2200210.0;2020;9;14;4;3;6;7;0;0;1;1;0;0;0;0;0;1;0
11;9;9300920.0;2020;9;6;2;3;1;7;1;0;1;0;0;0;0;0;0;1;0
11;2;2500727.0;2020;9;12;4;3;5;7;0;1;1;0;0;0;0;0;0;1;0
11;5;5100316.0;2020;9;15;5;3;3;6;0;0;1;0;0;0;0;0;0;1;0
11;3;3601244.0;2020;9;20;7;3;5;3;2;0;1;0;0;0;0;1;0;1;0
11;5;5200423.0;2020;9;8;3;3;2;6;0;0;1;0;1;0;0;0;0;1;0
11;3;3300517.0;2020;9;8;4;3;1;3;0;1;1;0;0;0;0;0;0;1;0
11;10;10400938.0;2020;9;12;5;3;5;3;0;1;1;0;0;0;0;0;0;1;0
11;8;8200831.0;2020;9;6;1;3;1;7;1;0;1;0;0;0;1;0;0;1;0
11;2;2500832.0;2020;9;14;3;2;6;4;0;0;1;1;0;0;0;0;0;1;0
11;1;1100102.0;2020;9;18;6;3;5;2;0;1;1;0;0;0;0;1;0;1;0
11;3;3701554.0;2020;9;7;3;3;5;2;0;1;1;0;0;0;0;0;0;1;0
11;2;2200208.0;2020;9;8;4;3;5;2;0;1;1;0;0;0;0;0;0;1;0
11;10;10200423.0;2020;9;13;6;3;0;7;0;0;0;0;1;0;0;1;0;1;0
11;8;8100521.0;2020;9;14;4;2;5;2;0;0;1;0;1;1;0;0;0;1;0
11;11;11300620.0;2020;9;5;2;3;2;2;1;0;1;0;0;0;0;1;0;1;0
11;4;4400727.0;2020;9;9;4;3;1;7;0;0;1;0;0;0;0;0;0;1;0
11;7;7601443.0;2020;9;18;5;3;5;3;1;0;1;0;0;0;0;0;0;1;0
11;1;1300836.0;2020;9;12;7;3;5;3;0;1;1;0;0;0;0;1;0;1;0
11;7;7100102.0;2020;9;23;3;2;6;4;2;1;0;1;0;0;0;0;0;1;0
11;7;7200414.0;2020;9;7;4;3;3;6;0;1;1;0;0;0;0;0;0;1;0
11;4;4500937.0;2020;9;7;4;2;5;3;0;0;1;0;0;0;0;0;0;1;0
11;2;2100102.0;2020;9;14;6;3;1;5;0;1;1;0;0;0;0;1;0;1;0
11;1;1100308.0;2020;9;9;2;3;2;6;0;1;1;0;0;0;0;0;0;1;0
11;9;9301228.0;2020;9;6;4;2;7;7;1;0;0;0;1;0;0;0;0;1;0
11;1;1100102.0;2020;9;17;5;3;5;7;0;1;1;0;0;0;0;0;0;1;0
11;3;3100101.0;2020;9;16;4;1;5;2;0;0;1;0;1;0;0;0;0;1;0
11;4;4501149.0;2020;9;16;6;3;1;7;0;0;1;0;0;0;0;0;0;1;0
11;11;11401137.0;2020;9;10;2;2;5;3;0;1;1;0;0;0;0;0;0;1;0
11;7;7300619.0;2020;9;7;3;3;0;2;0;1;0;0;0;0;1;0;0;1;0
11;6;6300629.0;2020;9;12;6;3;5;3;0;0;1;0;0;0;0;1;0;1;0
11;3;3500934.0;2020;9;18;2;3;1;5;0;1;0;0;0;0;1;0;0;1;0
11;1;1200628.0;2020;9;7;3;3;2;6;1;1;0;0;0;0;1;0;0;1;0
11;1;1100103.0;2020;9;13;5;3;5;3;0;0;1;0;0;0;0;0;0;1;0
11;5;5300736.0;2020;9;8;7;3;9;1;0;0;1;0;0;0;0;1;0;1;0
11;4;4400835.0;2020;9;11;3;2;0;7;0;1;0;0;0;0;0;0;0;1;0
11;2;2200210.0;2020;9;9;3;3;5;2;0;1;1;0;0;0;0;0;0;1;0
11;12;12100204.0;2020;9;9;6;3;5;2;0;1;0;0;0;0;1;1;0;1;0
11;9;9200511.0;2020;9;7;4;3;5;2;0;1;1;0;0;0;0;0;0;1;0
11;8;8200623.0;2020;9;14;3;3;5;2;0;1;1;0;0;0;0;0;0;1;0
11;7;7100205.0;2020;9;17;5;3;6;6;0;1;0;1;0;0;0;0;0;1;0
11;9;9501939.0;2020;9;20;1;3;1;5;2;0;1;0;0;0;0;1;0;1;0
11;7;7601547.0;2020;9;16;3;3;5;3;0;0;1;0;0;0;0;0;0;1;0
11;8;8100418.0;2020;9;16;1;3;3;6;0;1;1;0;0;0;0;0;0;1;0
11;12;12400723.0;2020;9;17;3;3;5;3;0;0;1;0;0;0;1;0;0;1;0
11;2;2500830.0;2020;9;13;5;3;5;3;0;0;1;0;1;0;0;0;0;1;0
11;4;4300412.0;2020;9;13;7;3;6;4;0;0;1;1;0;0;0;1;0;1;0
11;11;11501341.0;2020;9;16;3;3;2;3;0;1;0;0;1;0;0;0;0;1;0
11;6;6200421.0;2020;9;17;3;3;0;5;1;0;1;0;0;0;0;0;0;1;0
11;2;2100101.0;2020;9;7;6;3;5;3;0;0;1;0;1;0;0;1;0;1;0
11;8;8100312.0;2020;9;14;2;3;6;7;0;0;1;1;0;0;0;0;0;1;0
11;4;4501040.0;2020;9;8;4;3;5;3;0;1;0;0;1;0;0;0;0;1;0
11;6;6400844.0;2020;9;16;3;2;5;2;0;1;1;0;0;0;0;0;0;1;0
11;5;5100316.0;2020;9;16;5;2;6;7;0;0;1;1;0;0;0;0;0;1;0
11;4;4500939.0;2020;9;12;1;2;5;3;0;0;1;0;0;0;0;0;0;1;0
11;6;6200423.0;2020;9;15;3;3;3;6;0;0;1;0;0;1;0;0;0;1;0
11;10;10400941.0;2020;9;15;6;2;0;3;0;1;1;0;0;0;0;1;0;1;0
11;8;8100104.0;2020;9;8;3;3;5;3;0;1;1;0;0;0;0;0;0;1;0
11;6;6100208.0;2020;9;15;3;3;3;6;0;0;1;0;0;0;0;0;0;1;0
11;4;4300416.0;2020;9;5;6;3;5;3;2;1;1;0;0;0;0;1;0;1;0
11;3;3400620.0;2020;9;14;4;3;5;3;0;0;1;0;0;0;0;0;0;1;0
11;1;1100415.0;2020;9;7;6;3;0;1;0;1;0;0;0;0;0;1;0;1;0
11;10;10200420.0;2020;9;9;3;3;5;2;0;0;1;0;1;0;0;0;0;1;0
11;4;4400727.0;2020;9;15;3;3;1;5;0;0;1;0;0;0;0;0;0;1;0
11;9;9502043.0;2020;9;7;6;2;5;3;1;0;1;0;1;0;0;1;0;1;0
11;5;5100101.0;2020;9;13;4;3;5;3;0;1;1;0;0;0;0;0;0;1;0
11;1;1200522.0;2020;9;15;2;3;6;7;0;1;0;1;0;0;0;0;0;1;0
11;1;1100310.0;2020;9;13;4;3;0;4;0;0;0;1;1;0;0;0;0;1;0
11;9;9200717.0;2020;9;16;5;3;5;3;0;0;0;0;1;0;0;0;0;1;0
11;1;1200522.0;2020;9;23;7;3;5;2;2;1;1;0;0;0;0;1;0;1;0
11;6;6400838.0;2020;9;13;3;3;2;6;0;0;1;0;0;0;0;0;0;1;0
11;11;11400927.0;2020;9;10;5;3;3;6;0;0;1;0;1;0;0;0;0;1;0
11;11;11200514.0;2020;9;17;6;3;6;4;2;0;1;1;0;0;0;1;0;1;0
11;4;4300623.0;2020;9;15;2;3;5;2;0;1;1;0;0;0;0;0;0;1;0
11;4;4200308.0;2020;9;14;3;2;0;7;0;1;0;0;0;0;0;0;0;1;0
11;4;4500937.0;2020;9;13;6;3;5;2;0;0;1;0;0;0;0;1;0;1;0
11;6;6100205.0;2020;9;13;4;3;5;3;0;1;1;0;0;0;0;0;0;1;0
11;11;11300721.0;2020;9;19;2;2;5;3;1;1;1;0;0;0;0;0;0;1;0
11;1;1300834.0;2020;9;12;3;3;5;3;0;0;1;0;0;0;0;0;0;1;0
11;11;11200410.0;2020;9;10;5;3;5;3;0;0;1;0;0;0;0;0;0;1;0
11;7;7601544.0;2020;9;18;5;2;5;2;0;0;1;0;0;0;0;0;0;1;0
11;1;1100102.0;2020;9;12;7;3;0;1;0;0;0;0;0;0;1;1;0;1;0
11;7;7400823.0;2020;9;12;3;3;2;7;0;0;0;0;1;0;1;0;0;1;0
11;2;2200213.0;2020;9;20;2;3;2;2;2;0;1;0;0;0;1;0;0;1;0
11;7;7100205.0;2020;9;11;4;3;0;2;0;0;1;0;0;0;1;0;0;1;0
11;1;1100311.0;2020;9;9;5;3;5;2;0;1;1;0;0;0;0;0;0;1;0
11;3;3500934.0;2020;9;22;5;3;5;3;2;0;1;0;1;0;0;0;0;1;0
11;4;4501148.0;2020;9;19;7;2;5;2;2;0;1;0;0;0;0;1;0;1;0
11;1;1100309.0;2020;9;21;3;3;3;6;2;1;1;0;0;0;0;0;0;1;0
11;7;7601545.0;2020;9;14;3;3;6;2;0;0;1;1;0;0;0;0;0;1;0
11;3;3601449.0;2020;9;13;3;2;5;3;0;1;0;0;0;0;1;0;0;1;0
11;1;1100101.0;2020;9;12;6;3;5;3;0;0;1;0;1;0;0;1;0;1;0
11;12;12400721.0;2020;9;16;2;3;5;3;0;1;1;0;0;0;0;0;0;1;0
11;8;8301036.0;2020;9;14;3;3;5;3;0;0;1;0;0;0;0;0;0;1;0
11;1;1200517.0;2020;9;12;6;3;2;6;0;0;1;0;0;0;0;0;0;1;0
11;1;1100308.0;2020;9;17;2;3;2;6;0;0;1;0;0;0;1;0;0;1;0
11;2;2100106.0;2020;9;20;3;2;6;4;2;0;1;1;0;0;0;0;0;1;0
11;9;9100203.0;2020;9;8;5;3;5;2;0;0;1;0;0;0;0;0;0;1;0