LAND;BEZ;LOR_ab_2021;UJAHR;UMONAT;USTUNDE;UWOCHENTAG;UKATEGORIE;UART;UTYP1;ULICHTVERH;IstRad;IstPKW;IstFuss;IstKrad;IstGkfz;IstSonstige;USTRZUSTAND;LOCKDOWN;COVID;FERIEN
11;1;1300836.0;2020;12;14;7;3;5;3;0;0;1;0;0;0;0;0;1;2;1
11;8;8100206.0;2020;12;10;4;3;6;4;0;0;1;1;0;0;0;1;1;2;1
11;8;8100521.0;2020;12;21;3;3;5;3;2;0;1;0;0;0;1;0;1;2;1
11;4;4500938.0;2020;12;9;7;3;0;1;0;1;0;0;0;0;0;1;1;2;1
11;10;10200524.0;2020;12;11;2;3;6;4;0;1;0;1;0;0;0;1;1;2;1
11;9;9200819.0;2020;12;13;7;3;5;3;0;1;0;0;0;0;0;0;1;2;1
11;8;8100418.0;2020;12;19;6;3;5;2;2;1;1;0;0;0;0;0;1;2;1
11;7;7300517.0;2020;12;9;7;3;0;1;0;0;0;0;1;0;0;2;1;2;1
11;1;1100415.0;2020;12;8;4;3;0;1;1;1;0;0;0;0;0;1;1;2;1
11;6;6200423.0;2020;12;11;5;2;5;2;0;1;0;0;0;1;0;0;1;2;1
11;6;6100206.0;2020;12;7;2;2;0;5;2;1;1;0;0;0;0;0;1;2;1
11;5;5200632.0;2020;12;11;2;3;2;6;0;0;1;0;0;0;0;0;1;2;1
11;12;12601031.0;2020;12;12;3;2;6;2;0;0;1;1;0;0;0;0;1;2;1
11;11;11100205.0;2020;12;6;3;3;0;3;2;0;0;0;1;0;1;1;1;2;1
11;10;10400836.0;2020;12;12;7;3;0;1;0;1;0;0;0;0;0;2;1;2;1
11;12;12500824.0;2020;12;18;4;3;3;6;2;0;1;0;0;0;0;1;1;2;1
11;10;10100311.0;2020;12;12;2;3;2;7;0;0;1;0;0;0;1;0;1;2;1
11;5;5100210.0;2020;12;13;7;3;1;5;0;1;1;0;0;0;0;0;1;2;1
11;8;8100314.0;2020;12;18;5;3;6;4;2;0;1;1;0;0;0;0;1;2;1
11;11;11501238.0;2020;12;17;2;3;5;2;2;1;1;0;0;0;0;0;1;2;1
11;10;10100312.0;2020;12;12;2;3;2;2;0;0;1;0;0;0;0;1;1;2;1
11;10;10400837.0;2020;12;12;3;2;5;3;0;0;1;0;0;0;0;0;1;2;1
11;4;4300518.0;2020;12;12;7;3;5;7;0;0;1;0;1;0;0;0;1;2;1
11;10;10100205.0;2020;12;7;4;3;2;6;2;0;1;0;0;0;0;1;1;2;1
11;1;1100311.0;2020;12;22;2;3;5;3;2;1;1;0;0;0;0;1;1;2;1
11;3;3200308.0;2020;12;18;7;3;0;1;2;1;0;0;0;0;0;0;1;2;1
11;4;5300840.0;2020;12;7;2;3;2;6;0;0;1;0;0;0;0;0;1;2;1
11;4;4501041.0;2020;12;12;7;3;1;5;0;1;1;0;0;0;0;0;1;2;1
11;6;6400841.0;2020;12;14;6;3;1;7;0;0;1;0;0;0;0;0;1;2;1
11;2;2400623.0;2020;12;20;6;3;2;6;2;1;0;0;0;0;1;0;1;2;1
11;3;3300516.0;2020;12;14;4;3;5;3;0;0;1;0;0;0;0;0;1;2;1
11;11;11200512.0;2020;12;10;5;3;5;2;0;0;1;0;0;0;0;0;1;2;1
11;11;11501238.0;2020;12;15;2;3;2;6;1;0;1;0;0;0;0;1;1;2;1
11;6;6400844.0;2020;12;10;2;3;5;3;0;1;1;0;0;0;0;1;1;2;1
11;8;8100102.0;2020;12;12;3;3;5;2;0;1;1;0;0;0;0;0;1;2;1
11;8;8300935.0;2020;12;18;2;3;0;1;2;1;0;0;0;0;0;1;1;2;1
11;6;6200312.0;2020;12;15;6;3;5;3;0;0;1;0;0;0;0;0;1;2;1
11;8;8200729.0;2020;12;10;7;3;0;1;0;1;0;0;0;0;0;2;1;2;1
11;12;12601031.0;2020;12;16;1;3;2;6;1;0;1;0;0;0;0;0;1;2;1
11;7;7400927.0;2020;12;5;6;3;6;2;1;0;1;1;0;0;0;0;1;2;1
11;3;3400828.0;2020;12;14;2;3;5;3;0;1;1;0;0;0;0;1;1;2;1
11;1;1100310.0;2020;12;18;5;3;4;2;2;1;1;0;0;0;0;1;1;2;1
11;10;10100311.0;2020;12;12;1;3;5;3;0;0;1;0;0;0;0;1;1;2;1
11;2;2300315.0;2020;12;22;6;3;6;4;2;0;0;1;0;0;1;0;1;2;1
11;2;2500728.0;2020;12;10;5;3;1;5;0;1;1;0;0;0;0;0;1;2;1
11;5;5300735.0;2020;12;5;6;2;6;2;2;0;1;1;0;0;0;0;1;2;1
11;10;10100315.0;2020;12;12;4;3;2;6;0;0;1;0;0;0;1;0;1;2;1
11;4;4300622.0;2020;12;9;4;3;0;3;0;0;1;0;1;0;0;0;1;2;1
11;9;9300920.0;2020;12;22;6;3;5;3;2;1;1;0;0;0;0;0;1;2;1
11;1;1100207.0;2020;12;1;5;3;5;3;2;0;1;0;0;0;0;1;1;2;1
11;10;10400941.0;2020;12;14;2;3;9;1;0;0;1;0;0;0;0;1;1;2;1
11;3;3601346.0;2020;12;23;1;3;0;1;2;0;0;0;1;0;0;1;1;2;1
11;2;2300314.0;2020;12;11;3;3;5;2;0;1;1;0;0;0;0;0;1;2;1
11;4;4500936.0;2020;12;20;2;3;1;5;2;1;1;0;0;0;0;0;1;2;1
11;3;3400725.0;2020;12;7;6;3;2;2;0;0;1;0;0;0;0;0;1;2;1
11;7;7300618.0;2020;12;17;6;2;5;3;2;0;1;0;1;0;0;0;1;2;1
11;2;2200213.0;2020;12;20;7;3;1;5;2;1;1;0;0;0;0;0;1;2;1
11;1;1401045.0;2020;12;16;6;3;0;3;2;0;0;0;0;0;1;0;1;2;1
11;12;12500824.0;2020;12;7;2;3;2;2;1;0;1;0;0;0;1;0;1;2;1
11;10;10200524.0;2020;12;16;5;3;2;6;0;0;1;0;0;0;0;0;1;2;1
11;1;1300732.0;2020;12;11;6;3;0;6;0;0;1;0;0;0;1;0;1;2;1
11;3;3701660.0;2020;12;7;2;3;5;2;0;1;1;0;0;0;0;1;1;2;1
11;12;12500926.0;2020;12;16;2;3;5;2;2;1;1;0;0;0;0;1;1;2;1
11;9;9200717.0;2020;12;16;3;3;1;5;2;1;1;0;0;0;0;0;1;2;1
11;12;12100206.0;2020;12;12;6;3;0;1;0;0;0;0;1;0;0;1;1;2;1
11;1;1200624.0;2020;12;11;4;3;5;2;0;1;1;0;0;0;0;1;1;2;1
11;9;9200715.0;2020;12;7;2;3;5;3;0;0;1;0;0;0;0;1;1;2;1
11;9;9501939.0;2020;12;12;7;3;1;5;0;0;1;0;0;0;1;0;1;2;1
11;3;3601141.0;2020;12;8;6;3;5;2;0;1;1;0;0;0;0;0;1;2;1
11;6;6300634.0;2020;12;12;2;3;5;2;0;1;1;0;0;0;0;1;1;2;1
11;7;7601238.0;2020;12;15;3;3;2;6;1;0;1;0;0;0;0;1;1;2;1
11;3;3100102.0;2020;12;19;3;3;2;2;2;0;1;0;0;0;0;0;1;2;1
11;4;4501042.0;2020;12;9;6;3;2;2;0;0;1;0;0;0;0;0;1;2;1
11;4;4501150.0;2020;12;12;4;3;5;2;0;1;1;0;0;0;0;0;1;2;1
11;12;12500926.0;2020;12;11;2;3;5;7;0;1;1;0;0;0;0;0;1;2;1
11;1;1100312.0;2020;12;13;1;3;0;6;0;1;0;0;0;0;0;0;1;2;1
11;3;3500934.0;2020;12;17;2;3;5;3;2;0;1;0;0;0;0;0;1;2;1
11;7;7100103.0;2020;12;9;6;3;1;5;0;1;1;0;0;0;0;0;1;2;1
11;3;3601450.0;2020;12;11;6;3;5;2;0;0;1;0;0;0;0;0;1;2;1
11;1;1300836.0;2020;12;14;7;3;5;3;0;1;1;0;0;0;0;0;1;2;1
11;9;9501939.0;2020;12;8;6;2;2;6;0;0;1;0;0;0;1;0;1;2;1
11;4;4400830.0;2020;12;13;5;3;1;5;0;1;1;0;0;0;0;0;1;2;1
11;2;2200212.0;2020;12;4;5;3;9;1;2;0;1;0;0;0;0;0;1;2;1
11;3;3500933.0;2020;12;11;2;3;5;3;0;0;1;0;0;0;0;0;1;2;1
11;7;7200308.0;2020;12;15;2;2;6;2;0;0;1;1;0;0;0;1;1;2;1
11;4;4501041.0;2020;12;14;3;3;5;3;0;1;1;0;0;0;0;0;1;2;1
11;1;1200517.0;2020;12;7;6;3;2;2;0;0;1;0;0;0;0;0;1;2;1
11;9;9300923.0;2020;12;7;4;3;5;3;0;1;1;0;0;0;0;1;1;2;1
11;5;5100317.0;2020;12;7;2;3;6;2;2;0;1;1;0;0;0;1;1;2;1
11;8;8100311.0;2020;12;20;7;3;1;5;2;1;1;0;0;0;0;0;1;2;1
11;11;11200410.0;2020;12;10;2;3;6;7;0;0;1;1;0;0;0;1;1;2;1
11;6;6300633.0;2020;12;7;6;3;6;4;0;0;1;1;0;0;0;0;1;2;1
11;7;7100101.0;2020;12;17;6;2;6;4;2;1;0;1;0;0;0;1;1;2;1
11;3;3400723.0;2020;12;7;7;3;6;2;2;0;1;1;0;0;0;1;1;2;1
11;7;7400826.0;2020;12;15;2;2;5;3;1;1;1;0;0;0;0;0;1;2;1
11;12;12200310.0;2020;12;2;6;3;5;3;2;0;1;0;0;0;1;0;1;2;1
11;8;8200832.0;2020;12;7;6;3;5;3;1;0;1;0;1;0;0;1;1;2;1
11;1;1200522.0;2020;12;11;7;3;2;2;0;0;1;0;0;0;0;0;1;2;1
11;8;8100312.0;2020;12;6;4;3;2;1;2;1;1;0;0;0;0;0;1;2;1
11;12;12601031.0;2020;12;16;5;3;3;2;2;1;1;0;0;0;0;0;1;2;1
11;8;8100415.0;2020;12;10;2;3;1;5;0;1;1;0;0;0;0;1;1;2;1
11;9;9200715.0;2020;12;11;2;3;2;6;0;0;1;0;0;1;0;1;1;2;1
11;1;1200626.0;2020;12;12;3;3;5;5;0;0;1;0;0;0;0;0;1;2;1
11;1;1100416.0;2020;12;15;6;3;0;1;1;1;0;0;0;0;0;1;1;2;1
11;2;2100104.0;2020;12;21;4;3;6;4;2;0;0;1;0;0;1;0;1;2;1
11;11;11200514.0;2020;12;10;2;3;3;6;0;1;1;0;0;0;0;0;1;2;1
11;12;12601236.0;2020;12;15;7;2;5;3;0;0;1;0;0;0;0;1;1;2;1
11;8;8100418.0;2020;12;22;1;2;0;1;2;1;0;0;0;0;0;1;1;2;1
11;10;10400939.0;2020;12;15;6;3;6;7;0;0;1;1;0;0;0;0;1;2;1
11;2;2500834.0;2020;12;16;5;3;6;2;2;0;1;1;0;0;0;0;1;2;1
11;7;7601236.0;2020;12;15;6;2;5;2;1;0;1;0;0;0;0;0;1;2;1
11;4;4400830.0;2020;12;13;4;3;2;7;0;1;1;0;0;0;0;1;1;2;1
11;8;8200833.0;2020;12;14;6;3;5;2;0;1;1;0;0;0;0;0;1;2;1
11;6;6100205.0;2020;12;7;5;2;2;6;1;0;1;0;1;0;0;1;1;2;1
11;7;7300619.0;2020;12;10;2;2;5;3;0;0;1;0;0;1;0;1;1;2;1
11;4;4300414.0;2020;12;19;1;3;5;3;2;1;1;0;0;0;0;1;1;2;1
11;12;12200412.0;2020;12;10;3;3;2;6;0;0;1;0;0;0;0;0;1;2;1
11;9;9401329.0;2020;12;21;4;2;8;1;2;0;1;0;0;0;0;1;1;2;1
11;4;4400830.0;2020;12;8;5;3;5;3;0;1;1;0;0;0;0;0;1;2;1
11;8;8100415.0;2020;12;9;2;3;2;7;0;0;1;0;1;0;0;0;1;2;1
11;1;1300732.0;2020;12;19;2;3;5;3;2;1;1;0;0;0;0;0;1;2;1
11;6;6300633.0;2020;12;15;3;3;5;3;1;1;0;0;0;0;0;0;1;2;1
11;2;2300315.0;2020;12;1;3;2;0;1;2;0;0;0;0;0;1;1;1;2;1
11;3;3601245.0;2020;12;14;6;3;5;2;0;1;1;0;0;0;0;0;1;2;1
11;1;1200628.0;2020;12;17;4;3;6;4;1;1;0;1;0;0;0;1;1;2;1
11;12;12500929.0;2020;12;12;7;2;1;1;0;0;0;0;1;0;1;0;1;2;1
11;1;1401048.0;2020;12;19;1;3;2;6;2;0;1;0;0;0;1;0;1;2;1
11;5;5200420.0;2020;12;12;6;3;5;2;0;0;1;0;0;0;0;0;1;2;1
11;1;1401046.0;2020;12;9;5;3;5;2;0;1;1;0;0;0;0;0;1;2;1
11;2;2300418.0;2020;12;15;4;3;2;7;0;1;1;0;0;0;1;1;1;2;1
11;7;7300517.0;2020;12;14;6;3;6;4;0;0;0;1;0;0;1;0;1;2;1
11;10;10300731.0;2020;12;17;3;2;5;3;2;0;1;0;1;0;0;1;1;2;1
11;1;1401045.0;2020;12;12;6;3;2;6;0;0;1;0;0;0;0;0;1;2;1
11;6;6400840.0;2020;12;15;5;3;0;1;1;1;0;0;0;0;0;0;1;2;1
11;8;8100521.0;2020;12;9;2;3;6;7;0;0;0;1;0;0;1;0;1;2;1
11;1;1300733.0;2020;12;17;1;3;6;2;2;0;1;1;0;0;0;0;1;2;1
11;4;4501044.0;2020;12;6;3;3;2;6;2;0;1;0;0;0;0;1;1;2;1
11;4;4501043.0;2020;12;18;2;3;2;6;2;0;1;0;0;0;0;0;1;2;1
11;6;6200421.0;2020;12;21;6;2;0;1;2;0;0;0;1;0;0;0;1;2;1
11;10;10100103.0;2020;12;16;6;3;5;3;2;0;1;0;0;0;0;0;1;2;1
11;12;12200515.0;2020;12;14;4;3;6;2;0;0;1;1;0;0;0;1;1;2;1
11;1;1100312.0;2020;12;16;7;3;1;6;2;0;1;0;0;0;0;0;1;2;1
11;2;2100102.0;2020;12;20;6;3;6;2;2;0;1;1;0;0;0;0;1;2;1
11;10;10100315.0;2020;12;10;2;3;2;6;0;0;1;0;0;0;0;1;1;2;1
11;9;9200715.0;2020;12;19;6;3;5;2;2;0;1;0;0;0;0;0;1;2;1
11;6;6300526.0;2020;12;8;7;3;5;2;0;1;1;0;0;0;0;2;1;2;1
11;11;11400929.0;2020;12;14;4;3;1;7;0;0;1;1;0;0;0;1;1;2;1
11;4;4500937.0;2020;12;13;7;3;5;3;0;0;1;0;0;0;0;0;1;2;1
11;5;5300736.0;2020;12;19;6;3;2;6;2;0;1;0;0;0;0;0;1;2;1
11;3;3601245.0;2020;12;8;2;3;3;6;1;1;1;0;0;0;0;1;1;2;1
11;5;5100313.0;2020;12;17;5;3;2;6;2;0;1;0;1;0;0;1;1;2;1
11;1;1100312.0;2020;12;9;6;3;0;1;0;1;0;0;0;0;0;0;1;2;1
11;1;1200628.0;2020;12;8;2;3;5;3;0;1;1;0;0;0;0;1;1;2;1
11;6;6200312.0;2020;12;17;2;3;2;2;2;0;1;0;0;0;0;1;1;2;1
11;7;7601547.0;2020;12;17;3;2;5;2;2;1;0;0;0;1;0;0;1;2;1
11;4;4501045.0;2020;12;19;6;3;6;2;2;0;1;1;0;0;0;0;1;2;1
11;1;1100415.0;2020;12;14;4;3;4;6;0;0;1;0;1;0;0;1;1;2;1
11;1;1401043.0;2020;12;19;2;3;5;7;2;0;1;0;0;0;1;0;1;2;1
11;9;9301024.0;2020;12;15;7;3;5;3;0;0;1;0;0;0;0;0;1;2;1
11;11;11300618.0;2020;12;13;2;2;1;1;0;0;1;1;0;0;1;0;1;2;1
11;2;2500830.0;2020;12;19;6;3;1;5;2;1;1;0;0;0;0;0;1;2;1
11;4;4300517.0;2020;12;10;6;3;0;3;0;0;1;0;0;0;1;1;1;2;1
11;9;9501737.0;2020;12;7;4;3;6;4;2;0;1;1;0;0;0;1;1;2;1
11;4;4300412.0;2020;12;13;7;3;6;4;0;0;1;1;0;0;0;0;1;2;1
11;8;8100415.0;2020;12;13;5;3;5;2;0;1;1;0;0;0;0;0;1;2;1
11;11;11300721.0;2020;12;21;5;2;5;3;2;0;1;0;0;0;0;0;1;2;1
11;3;3601141.0;2020;12;18;2;3;2;6;2;0;1;0;0;0;0;0;1;2;1
11;10;10100315.0;2020;12;13;2;3;2;6;0;0;1;0;0;0;1;0;1;2;1
11;5;5100102.0;2020;12;13;3;3;1;5;0;1;0;0;0;0;1;0;1;2;1
11;6;6300526.0;2020;12;14;5;3;5;2;0;0;1;0;0;0;0;0;1;2;1
11;2;2100104.0;2020;12;12;6;3;5;7;0;0;1;0;0;0;0;0;1;2;1
11;1;1401045.0;2020;12;17;2;3;3;6;2;0;1;0;0;0;0;1;1;2;1
11;8;8100105.0;2020;12;16;2;3;5;3;2;0;1;0;0;0;0;1;1;2;1
11;12;12601133.0;2020;12;15;3;2;6;7;1;0;1;1;0;0;0;0;1;2;1
11;7;7400823.0;2020;12;18;6;3;2;6;2;0;1;0;0;0;0;0;1;2;1
11;1;1401046.0;2020;12;11;4;3;2;6;0;0;1;0;0;0;0;1;1;2;1
11;1;1400942.0;2020;12;17;2;3;0;2;2;0;0;1;0;0;1;0;1;2;1
11;1;1200517.0;2020;12;11;7;3;2;6;0;0;1;0;0;0;0;1;1;2;1
11;12;12500825.0;2020;12;11;2;3;5;2;0;1;1;0;0;0;0;0;1;2;1
11;4;4200308.0;2020;12;9;5;3;9;7;0;0;1;0;0;0;0;0;1;2;1
11;7;7601442.0;2020;12;21;6;3;2;2;2;0;1;0;0;0;0;0;1;2;1
11;4;4501041.0;2020;12;18;3;2;6;4;2;0;0;1;0;0;1;0;1;2;1
11;9;9100203.0;2020;12;10;7;3;5;2;0;1;1;0;0;0;0;1;1;2;1
11;7;7501032.0;2020;12;8;4;3;5;3;0;0;1;0;0;0;0;0;1;2;1
11;5;5100104.0;2020;12;14;5;3;5;3;0;1;1;0;0;0;0;1;1;2;1
11;2;2500830.0;2020;12;17;2;3;0;3;2;1;0;0;0;0;0;1;1;2;1
11;5;5400943.0;2020;12;11;2;3;5;3;0;1;1;0;0;0;0;1;1;2;1
11;8;8100311.0;2020;12;16;3;3;3;6;1;1;1;0;0;0;0;0;1;2;1
11;12;12500930.0;2020;12;7;3;3;5;2;0;0;1;0;0;1;0;0;1;2;1
11;4;4500936.0;2020;12;18;5;3;0;7;2;0;0;0;1;0;1;0;1;2;1
11;7;7200307.0;2020;12;19;4;3;5;3;2;0;1;0;0;0;0;1;1;2;1
11;1;1100310.0;2020;12;14;2;3;5;2;0;0;1;0;0;0;0;1;1;2;1
11;2;2200210.0;2020;12;13;7;2;6;2;0;0;1;1;0;0;0;0;1;2;1
11;7;7601544.0;2020;12;13;1;3;6;7;0;0;1;1;0;0;0;1;1;2;1
11;5;5100210.0;2020;12;16;5;3;2;6;2;0;1;0;0;0;0;0;1;2;1
11;2;2100102.0;2020;12;17;5;3;1;5;2;1;1;0;0;0;0;1;1;2;1
11;1;1401045.0;2020;12;10;5;3;6;7;0;1;0;0;0;0;1;0;1;2;1
11;9;9200715.0;2020;12;7;4;3;6;2;2;0;0;1;0;0;1;1;1;2;1
11;4;4501042.0;2020;12;22;1;3;2;6;2;0;1;0;1;0;0;1;1;2;1
11;7;7601236.0;2020;12;18;7;3;1;1;2;0;1;0;0;0;1;1;1;2;1
11;12;12200411.0;2020;12;14;2;3;0;6;0;0;1;0;0;0;1;0;1;2;1
11;2;2400625.0;2020;12;22;5;2;0;7;2;1;0;0;0;0;0;0;1;2;1
11;7;7501135.0;2020;12;14;6;3;3;7;0;0;1;0;0;0;1;1;1;2;1
11;6;6300632.0;2020;12;11;6;3;2;6;0;0;1;0;0;1;0;0;1;2;1
11;8;8100312.0;2020;12;18;4;3;1;5;2;1;1;0;0;0;0;0;1;2;1
11;1;1100310.0;2020;12;19;5;3;0;3;2;0;1;0;1;0;0;0;1;2;1
11;11;11300826.0;2020;12;21;1;3;5;3;2;0;1;0;0;0;0;1;1;2;1
11;12;12500929.0;2020;12;10;2;3;1;5;0;1;1;0;0;0;0;1;1;2;1
11;1;1100308.0;2020;12;6;3;3;5;3;2;1;1;0;0;0;0;1;1;2;1
11;1;1100309.0;2020;12;13;2;3;5;3;0;1;0;0;0;0;1;0;1;2;1
11;9;9200512.0;2020;12;22;5;3;0;1;2;0;0;0;1;0;0;0;1;2;1
11;2;2500835.0;2020;12;12;7;3;2;6;0;0;1;0;0;0;0;0;1;2;1
11;6;6100208.0;2020;12;18;3;3;2;6;2;0;1;0;0;0;0;0;1;2;1
11;7;7400927.0;2020;12;15;1;3;5;2;1;0;1;0;0;0;0;0;1;2;1
11;2;2100106.0;2020;12;21;5;3;5;3;2;0;1;0;0;0;0;0;1;2;1
11;5;5200423.0;2020;12;18;5;3;6;4;2;0;0;1;0;0;1;1;1;2;1
11;3;3601245.0;2020;12;15;3;3;5;3;0;0;1;0;1;0;0;0;1;2;1
11;9;9100409.0;2020;12;12;6;3;5;3;0;0;1;0;0;0;1;0;1;2;1
11;11;11401032.0;2020;12;21;3;3;1;7;2;0;1;0;0;0;0;1;1;2;1
11;8;8401241.0;2020;12;19;5;2;5;2;2;0;1;0;1;0;0;0;1;2;1
11;11;11400929.0;2020;12;15;6;3;5;7;2;1;1;0;0;0;0;0;1;2;1
11;7;7501134.0;2020;12;10;4;3;0;1;0;1;0;0;0;0;0;1;1;2;1
11;5;5100211.0;2020;12;13;4;3;5;3;0;1;1;0;0;0;0;0;1;2;1
11;4;4300621.0;2020;12;9;5;3;0;1;0;0;1;0;1;0;0;0;1;2;1
11;3;3400620.0;2020;12;5;5;2;5;2;2;0;1;0;1;0;0;0;1;2;1
11;8;8301037.0;2020;12;14;1;3;5;3;0;0;1;0;0;0;0;0;1;2;1
11;11;11400929.0;2020;12;4;1;3;1;5;2;0;1;0;0;0;1;1;1;2;1
11;9;9100407.0;2020;12;16;3;3;5;2;2;1;1;0;0;0;0;0;1;2;1
11;3;3500935.0;2020;12;5;2;3;5;3;2;0;1;0;0;0;1;1;1;2;1
11;8;8100417.0;2020;12;19;5;3;1;5;2;1;1;0;0;0;0;0;1;2;1
11;8;8100209.0;2020;12;2;7;3;1;5;2;0;1;0;0;0;1;1;1;2;1
11;1;1100102.0;2020;12;20;7;3;5;2;2;1;1;0;0;0;0;0;1;2;1
11;4;4501041.0;2020;12;18;5;3;5;3;2;0;1;0;0;0;0;0;1;2;1
11;12;12400720.0;2020;12;16;1;3;1;5;1;0;1;0;0;0;0;0;1;2;1
11;1;1100308.0;2020;12;16;5;2;6;4;1;0;1;1;0;0;0;1;1;2;1
11;3;3601140.0;2020;12;10;6;3;6;2;0;0;1;1;0;0;0;0;1;2;1
11;7;7400823.0;2020;12;15;1;3;6;2;0;0;1;1;0;0;0;0;1;2;1
11;1;1300733.0;2020;12;17;2;3;1;5;2;0;1;0;0;0;1;1;1;2;1
11;12;12400723.0;2020;12;16;3;3;0;5;2;0;1;0;0;0;1;0;1;2;1
11;6;6100205.0;2020;12;17;5;2;6;4;2;0;1;1;0;0;0;0;1;2;1
11;11;2500832.0;2020;12;12;4;3;2;6;0;0;1;0;0;0;0;1;1;2;1
11;4;4501042.0;2020;12;14;1;3;0;6;0;0;1;0;0;0;1;0;1;2;1
11;10;10100101.0;2020;12;9;7;3;0;1;0;0;0;0;1;0;0;2;1;2;1
11;7;7300619.0;2020;12;12;2;3;5;2;0;1;0;0;0;0;1;1;1;2;1
11;5;5100103.0;2020;12;16;5;3;5;3;1;1;1;0;0;0;0;0;1;2;1
11;11;11200515.0;2020;12;8;6;3;2;6;0;0;1;0;0;0;1;1;1;2;1
11;7;7200308.0;2020;12;14;3;3;2;6;0;0;1;0;0;0;0;0;1;2;1
11;10;10200629.0;2020;12;16;5;3;6;2;0;0;1;1;0;0;0;0;1;2;1
11;10;10100102.0;2020;12;14;1;3;2;6;0;0;1;0;0;0;0;0;1;2;1
11;2;2200210.0;2020;12;13;1;3;6;7;0;0;0;1;0;0;1;0;1;2;1
11;2;2300316.0;2020;12;13;2;3;5;3;0;0;1;0;1;0;0;0;1;2;1
11;2;2200211.0;2020;12;15;5;2;1;5;1;1;1;0;0;0;0;0;1;2;1
11;2;2400625.0;2020;12;12;6;2;3;6;0;1;0;0;0;0;1;1;1;2;1
11;4;4501041.0;2020;12;15;7;3;6;7;1;0;0;1;0;0;1;0;1;2;1
11;3;3400829.0;2020;12;14;5;3;2;6;0;1;1;0;0;0;0;0;1;2;1
11;5;5100208.0;2020;12;14;5;3;6;7;0;0;0;1;0;0;1;0;1;2;1
11;9;9200511.0;2020;12;15;5;3;6;4;0;0;1;1;0;0;0;0;1;2;1
11;12;12200515.0;2020;12;12;1;3;5;3;0;0;1;0;0;0;0;1;1;2;1
11;6;6300527.0;2020;12;15;2;3;2;6;1;0;1;0;0;0;0;1;1;2;1
11;4;4501045.0;2020;12;14;3;3;5;2;1;1;1;0;0;0;0;0;1;2;1
11;4;4300622.0;2020;12;14;5;3;6;4;0;0;1;1;0;0;0;0;1;2;1
11;2;2200209.0;2020;12;10;4;3;0;1;0;1;0;0;0;0;0;1;1;2;1
11;11;11200514.0;2020;12;12;1;3;5;2;0;1;0;0;0;0;1;0;1;2;1
11;1;1401045.0;2020;12;10;7;3;5;2;0;0;1;0;0;0;0;1;1;2;1
11;9;9200715.0;2020;12;15;2;3;5;2;1;1;1;0;0;0;0;0;1;2;1
11;12;12400722.0;2020;12;13;5;3;6;7;0;0;1;1;0;0;0;0;1;2;1
11;6;6200422.0;2020;12;18;6;3;3;6;2;0;1;0;0;0;0;0;1;2;1
11;7;7501030.0;2020;12;8;7;3;0;1;0;0;0;0;1;0;0;2;1;2;1
11;6;6200317.0;2020;12;7;4;3;5;3;1;0;1;0;0;0;0;1;1;2;1
11;12;12500927.0;2020;12;10;5;3;5;3;0;1;0;0;0;0;1;0;1;2;1
11;5;5100103.0;2020;12;9;1;2;6;2;0;0;1;1;0;0;0;0;1;2;1
11;11;11501339.0;2020;12;11;2;3;2;6;0;0;1;0;0;0;0;1;1;2;1
11;3;3400619.0;2020;12;12;7;3;2;7;0;0;1;0;0;0;0;0;1;2;1
11;2;2100102.0;2020;12;11;4;3;5;7;0;0;1;0;0;0;0;0;1;2;1
11;4;4300415.0;2020;12;17;5;3;0;7;2;1;1;0;0;0;0;0;1;2;1
11;12;12500824.0;2020;12;9;1;3;5;3;0;0;1;0;0;0;0;1;1;2;1
11;8;8100415.0;2020;12;11;2;2;6;2;0;0;1;1;0;0;0;0;1;2;1
11;12;12100204.0;2020;12;12;3;3;6;4;0;0;1;1;0;0;0;1;1;2;1
11;1;1300834.0;2020;12;12;5;3;5;2;0;1;1;0;0;0;0;0;1;2;1
11;2;2300316.0;2020;12;6;4;3;6;2;2;0;1;1;0;0;0;1;1;2;1
11;9;9100306.0;2020;12;7;1;3;6;7;2;0;1;1;0;0;0;1;1;2;1
11;8;8100312.0;2020;12;16;7;3;6;7;1;0;1;1;0;0;0;0;1;2;1
11;10;10300733.0;2020;12;23;1;3;8;1;2;0;1;0;0;0;0;1;1;2;1
11;7;7400927.0;2020;12;12;5;2;5;2;0;1;0;0;0;1;0;0;1;2;1
11;1;1100310.0;2020;12;14;6;3;1;5;0;1;1;0;0;0;0;0;1;2;1
11;3;3701657.0;2020;12;14;3;3;0;1;0;1;0;0;0;0;0;0;1;2;1
11;4;4300622.0;2020;12;19;6;3;5;7;2;0;1;0;0;0;0;0;1;2;1
11;2;2500726.0;2020;12;14;4;3;5;2;0;0;1;0;0;0;1;0;1;2;1