LAND;BEZ;LOR_ab_2021;UJAHR;UMONAT;USTUNDE;UWOCHENTAG;UKATEGORIE;UART;UTYP1;ULICHTVERH;IstRad;IstPKW;IstFuss;IstKrad;IstGkfz;IstSonstige;USTRZUSTAND;LOCKDOWN;COVID;FERIEN
11;7;7020201.0;2019;1;7;6;3;6;2;1;0;1;1;0;0;0;1;0;0;1
11;2;2040502.0;2019;1;7;6;2;6;4;1;0;1;1;0;0;0;1;0;0;1
11;7;7030301.0;2019;1;8;6;3;6;2;0;0;1;1;0;0;0;1;0;0;1
11;1;1011303.0;2019;1;8;6;3;6;4;0;1;0;1;0;0;0;1;0;0;1
11;7;7010103.0;2019;1;8;6;3;1;5;0;1;1;0;0;0;0;0;0;0;1
11;10;10030724.0;2019;1;9;6;3;5;2;0;0;1;0;0;0;0;1;0;0;1
11;1;1011204.0;2019;1;11;6;3;2;7;0;0;1;0;0;0;0;0;0;0;1
11;8;8030829.0;2019;1;10;6;3;2;6;0;0;1;0;0;0;1;1;0;0;1
11;12;12214125.0;2019;1;12;6;3;5;3;0;0;1;0;0;0;1;0;0;0;1
11;1;1011104.0;2019;1;10;1;3;5;3;0;0;1;0;0;0;0;0;0;0;1
11;2;2040702.0;2019;1;10;6;3;1;7;0;0;1;0;0;0;0;0;0;0;1
11;1;1022103.0;2019;1;7;5;3;5;2;2;1;1;0;0;0;0;1;0;0;1
11;1;1022206.0;2019;1;5;5;3;5;2;2;0;1;0;0;0;0;1;0;0;1
11;4;4030929.0;2019;1;21;5;3;6;2;2;0;1;1;0;0;0;1;0;0;1
11;9;9041301.0;2019;1;20;5;2;3;6;2;1;1;0;0;0;0;1;0;0;1
11;7;7030301.0;2019;1;19;5;3;6;7;2;0;1;1;0;0;0;1;0;0;1
11;10;10010102.0;2019;1;19;5;3;6;3;2;0;1;1;0;0;0;1;0;0;1
11;11;11010205.0;2019;1;18;5;2;6;2;2;0;1;1;0;0;0;1;0;0;1
11;3;3010101.0;2019;1;18;7;3;4;6;2;0;1;0;0;0;0;1;0;0;1
11;1;1044203.0;2019;1;19;5;3;2;6;2;0;1;0;0;0;0;1;0;0;1
11;1;1044201.0;2019;1;18;5;3;5;3;1;1;1;0;0;0;0;1;0;0;1
11;2;2010101.0;2019;1;18;5;3;5;2;2;1;1;0;0;0;0;1;0;0;1
11;8;8010214.0;2019;1;18;5;3;5;7;2;0;1;0;1;0;0;1;0;0;1
11;9;9010301.0;2019;1;18;5;2;6;2;2;0;1;1;0;0;0;1;0;0;1
11;1;1011202.0;2019;1;18;5;3;3;6;2;1;1;0;0;0;0;1;0;0;1
11;2;2040502.0;2019;1;18;5;2;0;2;2;0;1;0;0;0;1;1;0;0;1
11;4;4030622.0;2019;1;13;5;3;6;2;0;0;1;1;0;0;0;0;0;0;1
11;1;1011301.0;2019;1;11;5;2;6;4;0;0;0;1;0;0;1;0;0;0;1
11;6;6020303.0;2019;1;12;5;3;1;5;0;1;1;0;0;0;0;0;0;0;1
11;4;4051448.0;2019;1;14;5;2;5;7;0;0;1;0;0;0;0;0;0;0;1
11;4;4031032.0;2019;1;18;7;3;1;5;2;1;1;0;0;0;1;0;0;0;1
11;6;6030504.0;2019;1;14;5;2;2;3;0;1;1;0;0;0;0;0;0;0;1
11;1;1022102.0;2019;1;15;5;3;1;5;0;1;1;0;0;0;0;1;0;0;1
11;7;7040404.0;2019;1;15;5;3;5;2;0;0;1;0;1;0;0;0;0;0;1
11;7;7070705.0;2019;1;14;1;2;6;2;0;0;1;1;0;0;0;0;0;0;1
11;4;4051654.0;2019;1;16;5;2;6;2;0;0;1;1;0;0;0;0;0;0;1
11;7;7060601.0;2019;1;16;5;3;0;2;1;0;1;0;0;0;1;0;0;0;1
11;4;4051448.0;2019;1;17;5;3;2;1;1;0;1;0;0;0;0;1;0;0;1
11;4;4041136.0;2019;1;17;5;3;1;5;1;0;1;0;0;0;0;1;0;0;1
11;9;9020701.0;2019;1;17;5;2;2;6;1;0;1;0;1;0;0;1;0;0;1
11;8;8020619.0;2019;1;17;5;3;8;1;1;0;1;0;0;0;0;1;0;0;1
11;11;11010103.0;2019;1;10;5;2;9;1;0;0;1;0;0;0;0;0;0;0;1
11;8;8041036.0;2019;1;22;4;2;1;1;2;0;1;0;0;0;1;0;0;0;1
11;1;1033203.0;2019;1;21;4;2;6;4;2;1;0;1;0;0;0;0;0;0;1
11;1;1011302.0;2019;1;21;4;3;1;5;2;1;1;0;0;0;0;0;0;0;1
11;3;3061227.0;2019;1;21;4;3;5;3;2;1;1;0;0;0;0;0;0;0;1
11;1;1022206.0;2019;1;17;4;3;2;6;2;0;1;0;0;0;0;0;0;0;1
11;5;5010339.0;2019;1;14;4;3;2;6;0;0;1;0;0;0;1;0;0;0;1
11;11;11030721.0;2019;1;15;4;3;5;2;0;0;1;0;0;0;0;0;0;0;1
11;12;12224230.0;2019;1;14;4;3;2;3;0;1;1;0;0;0;0;0;0;0;1
11;4;4020313.0;2019;1;13;4;3;5;3;0;0;1;0;0;0;0;0;0;0;1
11;5;5020626.0;2019;1;13;4;3;5;3;0;0;1;0;0;0;1;0;0;0;1
11;4;4030623.0;2019;1;11;4;3;6;4;0;0;1;1;0;0;0;1;0;0;1
11;8;8010118.0;2019;1;10;4;3;6;4;0;0;1;1;0;0;0;1;0;0;1
11;3;3061227.0;2019;1;7;4;3;5;3;1;1;1;0;0;0;0;1;0;0;1
11;7;7060601.0;2019;1;12;4;3;6;2;0;0;1;1;0;0;0;0;0;0;1
11;6;6030503.0;2019;1;9;4;3;6;2;0;0;0;1;1;0;0;1;0;0;1
11;11;11020412.0;2019;1;7;4;3;5;2;1;0;1;0;0;1;0;1;0;0;1
11;7;7070701.0;2019;1;17;7;3;5;2;2;1;0;0;0;0;1;0;0;0;1
11;3;3061228.0;2019;1;7;4;3;6;4;1;0;1;1;0;0;0;1;0;0;1
11;10;10020517.0;2019;1;7;4;3;5;3;1;1;1;0;0;0;0;1;0;0;1
11;12;12103115.0;2019;1;8;4;3;5;2;0;0;1;0;0;0;0;1;0;0;1
11;4;4041344.0;2019;1;9;4;3;5;3;0;0;1;0;0;0;0;1;0;0;1
11;8;8010301.0;2019;1;15;4;3;6;2;0;0;0;1;0;0;1;0;0;0;1
11;1;1033102.0;2019;1;12;3;3;5;2;0;1;1;0;0;0;0;0;0;0;1
11;1;1011202.0;2019;1;22;3;2;0;1;2;0;0;0;1;0;0;1;0;0;1
11;5;5010101.0;2019;1;18;3;3;6;2;2;0;1;1;0;0;0;1;0;0;1
11;5;5020523.0;2019;1;17;3;3;9;1;2;0;1;0;0;0;0;1;0;0;1
11;10;10010308.0;2019;1;12;3;3;2;2;0;0;1;0;0;0;0;1;0;0;1
11;4;4020311.0;2019;1;20;3;3;0;3;2;0;0;0;1;0;1;1;0;0;1
11;7;7050502.0;2019;1;17;7;3;5;2;1;0;1;0;0;0;0;0;0;0;1
11;7;7050502.0;2019;1;20;3;3;5;3;2;0;1;0;0;0;1;0;0;0;1
11;4;4020207.0;2019;1;16;3;3;0;1;2;0;0;0;1;0;0;1;0;0;1
11;10;10010310.0;2019;1;16;3;2;6;2;2;0;1;1;0;0;0;1;0;0;1
11;12;12214125.0;2019;1;16;3;3;0;5;0;0;1;0;1;0;0;1;0;0;1
11;4;4030931.0;2019;1;14;3;3;2;2;0;0;0;0;0;1;1;1;0;0;1
11;5;5030832.0;2019;1;14;3;3;0;2;0;0;1;0;0;0;1;1;0;0;1
11;12;12214527.0;2019;1;14;3;3;1;5;0;0;1;0;0;0;0;1;0;0;1
11;3;3061435.0;2019;1;13;3;3;5;3;0;0;1;0;0;0;0;1;0;0;1
11;8;8010303.0;2019;1;10;3;3;0;7;0;0;1;0;0;0;0;1;0;0;1
11;2;2050801.0;2019;1;10;3;3;5;3;1;1;1;0;0;0;0;1;0;0;1
11;3;3050923.0;2019;1;10;3;3;1;5;0;1;1;0;0;0;0;1;0;0;1
11;3;3040614.0;2019;1;9;3;3;5;3;0;0;1;0;0;0;0;1;0;0;1
11;1;1011303.0;2019;1;5;3;3;5;2;2;0;0;0;0;0;1;0;0;0;1
11;2;2040703.0;2019;1;22;3;3;6;3;2;0;1;1;0;0;0;1;0;0;1
11;3;3061228.0;2019;1;17;3;3;2;2;1;0;1;0;0;1;0;1;0;0;1
11;6;6020409.0;2019;1;17;3;3;6;4;1;0;1;1;0;0;0;1;0;0;1
11;12;12302110.0;2019;1;17;3;2;6;4;1;0;1;1;0;0;0;1;0;0;1
11;8;8010404.0;2019;1;15;3;3;6;4;0;0;1;1;0;0;0;1;0;0;1
11;4;4020313.0;2019;1;17;3;2;5;2;1;0;1;0;0;0;0;1;0;0;1
11;5;5010206.0;2019;1;17;3;3;6;2;2;0;1;1;0;0;0;1;0;0;1
11;1;1011204.0;2019;1;18;3;3;6;7;1;0;1;1;0;0;0;1;0;0;1
11;4;4030931.0;2019;1;18;3;3;6;7;1;0;1;1;0;0;0;1;0;0;1
11;5;5030730.0;2019;1;19;3;3;4;1;2;0;1;0;0;0;0;1;0;0;1
11;1;1011201.0;2019;1;22;3;3;6;2;2;0;1;1;0;0;0;1;0;0;1
11;8;8010303.0;2019;1;23;3;3;6;4;2;0;1;1;0;0;0;1;0;0;1
11;9;9020701.0;2019;1;23;3;3;5;2;2;1;1;0;0;0;0;1;0;0;1
11;1;1022104.0;2019;1;22;2;3;0;7;2;0;1;0;0;0;0;0;0;0;1
11;1;1011101.0;2019;1;21;2;3;5;2;2;1;1;0;0;0;0;0;0;0;1
11;4;4030726.0;2019;1;17;2;3;6;7;2;0;1;1;0;0;0;0;0;0;1
11;8;8041036.0;2019;1;6;2;3;5;3;2;0;1;0;0;0;0;1;0;0;1
11;12;12301203.0;2019;1;7;2;3;5;3;0;0;1;0;0;0;1;1;0;0;1
11;7;7060603.0;2019;1;8;2;3;6;4;0;0;0;1;0;1;0;1;0;0;1
11;1;1011102.0;2019;1;9;2;3;6;4;0;1;0;1;0;0;0;1;0;0;1
11;7;7070701.0;2019;1;9;2;2;5;2;0;0;1;0;0;0;1;0;0;0;1
11;6;6020305.0;2019;1;18;2;2;6;2;2;0;1;1;0;0;0;0;0;0;1
11;4;4051448.0;2019;1;17;2;3;2;6;2;0;1;0;0;0;0;1;0;0;1
11;7;7050501.0;2019;1;17;2;3;5;3;2;0;1;0;0;0;0;0;0;0;1
11;3;3061228.0;2019;1;17;2;3;6;4;2;0;1;1;0;0;0;1;0;0;1
11;1;1011303.0;2019;1;20;2;3;6;7;2;0;1;1;0;0;0;0;0;0;1
11;8;8010404.0;2019;1;17;2;3;6;4;2;0;1;1;0;0;0;1;0;0;1
11;7;7040403.0;2019;1;16;2;3;6;4;2;0;1;1;0;0;0;1;0;0;1
11;4;4030417.0;2019;1;16;7;2;5;2;1;0;1;0;0;0;0;0;0;0;1
11;9;9051901.0;2019;1;16;2;3;6;4;0;0;1;1;0;0;0;2;0;0;1
11;9;9020702.0;2019;1;16;2;3;5;3;0;0;1;0;0;0;0;1;0;0;1
11;7;7050501.0;2019;1;16;2;2;6;4;2;0;1;1;0;0;0;0;0;0;1
11;10;10010310.0;2019;1;14;2;3;5;3;0;0;1;0;0;0;0;1;0;0;1
11;4;4020209.0;2019;1;15;2;3;6;4;0;0;1;1;0;0;0;0;0;0;1
11;3;3010102.0;2019;1;14;2;3;5;2;0;0;1;0;0;0;0;1;0;0;1
11;2;2030302.0;2019;1;13;2;3;0;6;0;0;1;0;1;0;0;1;0;0;1
11;5;5010313.0;2019;1;13;2;3;5;2;0;0;1;0;0;0;0;0;0;0;1
11;1;1011303.0;2019;1;14;7;2;0;3;0;0;1;0;0;0;1;0;0;0;1
11;8;8010212.0;2019;1;13;2;2;5;3;0;0;1;0;1;0;0;0;0;0;1
11;7;7070703.0;2019;1;11;2;3;5;2;0;1;1;0;0;0;0;0;0;0;1
11;6;6020305.0;2019;1;13;7;3;2;1;0;0;1;0;0;0;0;0;0;0;1
11;7;7030303.0;2019;1;11;2;3;5;2;0;0;1;0;0;0;1;0;0;0;1
11;5;5020626.0;2019;1;7;2;3;0;5;1;0;1;0;0;0;0;0;0;0;1
11;3;3050925.0;2019;1;10;2;3;6;4;0;0;1;1;0;0;0;1;0;0;1
11;12;12302212.0;2019;1;15;1;3;5;3;1;0;1;0;0;0;0;1;0;0;1
11;1;1011304.0;2019;1;22;1;3;5;3;2;1;0;0;0;0;1;1;0;0;1
11;11;11030721.0;2019;1;20;1;2;5;2;2;0;1;0;0;0;0;1;0;0;1
11;3;3040512.0;2019;1;19;1;3;5;3;2;0;1;0;0;0;1;1;0;0;1
11;8;8010404.0;2019;1;18;1;2;6;4;2;0;1;1;0;0;1;1;0;0;1
11;4;4030726.0;2019;1;17;1;3;6;2;2;0;1;1;0;0;0;1;0;0;1
11;10;10020622.0;2019;1;17;1;3;2;6;2;0;1;0;0;0;0;1;0;0;1
11;12;12301203.0;2019;1;16;1;2;6;2;2;0;1;1;0;0;0;1;0;0;1
11;5;5010206.0;2019;1;13;1;3;2;6;0;0;1;0;0;0;0;1;0;0;1
11;1;1011105.0;2019;1;14;1;3;5;5;0;1;1;0;0;0;0;1;0;0;1
11;2;2020204.0;2019;1;3;1;3;5;3;2;0;1;0;0;0;0;1;0;0;1
11;8;8041035.0;2019;1;3;1;3;5;7;2;0;1;0;0;0;0;1;0;0;1
11;6;6030608.0;2019;1;7;1;3;6;2;2;0;1;1;0;0;0;1;0;0;1
11;1;1044202.0;2019;1;7;1;3;2;2;2;0;1;0;0;0;0;1;0;0;1
11;5;5010339.0;2019;1;11;1;2;1;1;0;0;1;0;1;0;0;1;0;0;1
11;11;11051330.0;2019;1;12;1;3;5;3;0;0;1;0;0;0;0;1;0;0;1
11;4;4051445.0;2019;1;1;1;3;5;3;2;0;1;0;0;0;1;1;0;0;1
11;9;9020601.0;2019;1;9;7;3;6;2;0;0;1;1;0;0;0;0;0;0;1
11;7;7010102.0;2019;1;11;7;3;2;2;0;0;1;0;0;0;0;1;0;0;1
11;8;8020727.0;2019;1;17;7;3;6;2;1;0;1;1;0;0;0;1;0;0;1
11;7;7040405.0;2019;1;18;7;3;5;3;2;0;1;0;0;0;0;1;0;0;1
11;10;10020415.0;2019;1;18;7;3;6;2;2;0;1;1;0;0;0;1;0;0;1
11;7;7010102.0;2019;1;18;7;3;6;2;2;0;1;1;0;0;0;1;0;0;1
11;7;7060604.0;2019;1;17;7;3;3;5;2;0;1;0;0;0;0;1;0;0;1
11;4;4030828.0;2019;1;17;7;3;6;2;2;0;1;1;0;0;0;1;0;0;1
11;7;7010102.0;2019;1;17;7;3;6;2;2;0;1;1;0;0;0;1;0;0;1
11;5;5020625.0;2019;1;16;7;3;2;6;1;0;1;0;0;0;0;1;0;0;1
11;1;1033102.0;2019;1;15;7;3;2;6;1;0;1;0;0;0;0;1;0;0;1
11;1;1011204.0;2019;1;14;7;3;5;3;0;0;1;0;0;0;0;1;0;0;1
11;3;3020209.0;2019;1;11;7;3;5;3;0;0;1;0;0;0;0;1;0;0;1
11;5;5020625.0;2019;1;11;7;3;2;6;0;0;1;0;0;0;1;1;0;0;1
11;8;8030829.0;2019;1;20;7;3;6;4;2;0;1;1;0;0;0;1;0;0;1
11;1;3040614.0;2019;1;21;7;3;2;1;2;0;1;0;0;0;0;1;0;0;1
11;11;11051331.0;2019;1;23;7;3;6;4;2;0;1;1;0;0;0;1;0;0;1
11;1;1022106.0;2019;1;23;7;2;0;4;2;0;0;1;1;0;0;1;0;0;1
11;9;9041501.0;2019;1;13;6;3;0;3;0;0;1;0;0;0;1;0;0;0;1
11;10;10010310.0;2019;1;19;7;3;6;2;2;0;1;1;0;0;0;1;0;0;1
11;1;1011304.0;2019;1;19;7;3;8;1;2;0;0;0;1;0;0;1;0;0;1
11;11;11020412.0;2019;1;17;7;2;0;7;2;1;0;0;0;0;0;1;0;0;1
11;4;4041135.0;2019;1;13;7;3;0;1;0;0;0;0;1;0;0;1;0;0;1
11;6;6030504.0;2019;1;18;7;1;6;4;2;0;1;1;0;0;1;1;0;0;1
11;6;6010210.0;2019;1;17;6;3;0;7;1;0;1;0;1;0;0;1;0;0;1
11;5;5020626.0;2019;1;18;6;3;5;5;2;0;1;0;1;0;0;1;0;0;1
11;6;6020305.0;2019;1;17;6;3;0;4;1;0;1;1;0;0;0;1;0;0;1
11;2;2040503.0;2019;1;15;6;3;4;6;0;1;1;0;0;0;0;1;0;0;1
11;4;4030623.0;2019;1;20;6;2;5;3;2;0;1;0;0;0;0;1;0;0;1
11;3;3061228.0;2019;1;18;7;3;0;1;2;0;0;0;1;0;0;1;0;0;1
11;8;8010301.0;2019;1;19;6;3;5;3;2;0;1;0;0;0;0;1;0;0;1
11;2;2010102.0;2019;1;19;6;3;1;5;2;1;1;0;0;0;0;1;0;0;1
11;4;4041241.0;2019;1;17;6;2;6;2;2;0;1;1;0;0;0;1;0;0;1
11;4;4030726.0;2019;1;17;6;3;6;2;2;0;0;1;0;0;1;1;0;0;1
11;10;10040830.0;2019;1;16;6;3;6;2;2;0;1;1;0;0;0;1;0;0;1
11;1;1011202.0;2019;1;15;6;3;5;3;1;1;1;0;0;0;0;1;0;0;1
11;12;12214527.0;2019;1;15;6;3;2;6;0;0;1;0;0;0;0;1;0;0;1
11;2;2050801.0;2019;1;14;6;2;6;4;0;1;0;1;0;0;0;1;0;0;1
11;4;4030929.0;2019;1;14;6;3;5;2;0;1;1;0;0;0;0;1;0;0;1
11;9;9020701.0;2019;1;14;6;3;5;3;0;0;1;0;0;0;0;1;0;0;1
11;12;12304314.0;2019;1;9;1;3;1;5;0;0;1;0;0;0;1;0;0;0;1
11;2;2010103.0;2019;1;14;6;3;5;7;0;1;1;0;0;0;0;1;0;0;1
11;11;11051331.0;2019;1;2;7;2;5;3;2;0;1;0;0;0;1;0;0;0;1
11;4;4020311.0;2019;1;13;6;3;6;3;0;0;1;1;0;0;0;1;0;0;1
11;11;11041128.0;2019;1;13;6;3;5;3;0;1;1;0;0;0;0;1;0;0;1
11;7;7020202.0;2019;1;11;6;3;6;4;0;0;1;1;0;0;0;1;0;0;1
11;5;5010312.0;2019;1;13;1;3;5;2;0;0;1;0;0;0;0;0;0;0;1
11;7;7010104.0;2019;1;11;6;3;5;3;0;0;1;0;0;0;0;1;0;0;1
11;7;7040403.0;2019;1;10;6;3;5;2;0;0;1;0;0;0;0;1;0;0;1
11;11;11041128.0;2019;1;13;7;3;2;6;0;0;1;0;0;0;0;1;0;0;1
11;7;7010104.0;2019;1;10;6;3;5;3;0;1;1;0;0;0;0;1;0;0;1
11;12;12214527.0;2019;1;10;6;2;5;7;0;0;1;1;0;0;0;1;0;0;1
11;4;4030415.0;2019;1;9;6;3;2;6;0;0;1;0;0;0;0;1;0;0;1
11;3;3061430.0;2019;1;8;6;3;0;7;0;1;0;0;0;0;0;1;0;0;1
11;10;10040933.0;2019;1;8;6;3;6;4;0;0;1;1;0;0;0;1;0;0;1
11;9;9030901.0;2019;1;8;6;3;1;5;1;0;1;0;0;0;0;1;0;0;1
11;2;2030401.0;2019;1;14;6;2;0;3;0;0;1;0;0;0;1;1;0;0;1
11;12;12103220.0;2019;1;0;7;3;6;4;2;0;1;1;0;0;0;2;0;0;1
11;9;9051901.0;2019;1;7;6;3;5;2;2;1;1;0;0;0;0;1;0;0;1
11;9;9041501.0;2019;1;13;6;3;2;7;0;0;1;0;0;0;1;1;0;0;1
11;7;7060604.0;2019;1;17;5;3;1;7;1;0;1;0;0;0;0;0;0;0;1
11;7;7070703.0;2019;1;15;5;3;1;5;0;1;1;0;0;0;0;1;0;0;1
11;5;5020626.0;2019;1;9;5;2;4;7;0;0;1;0;0;0;1;0;0;0;1
11;5;5040935.0;2019;1;8;5;3;5;3;0;1;1;0;0;0;0;0;0;0;1
11;8;8010211.0;2019;1;8;5;2;0;7;0;0;1;0;0;0;1;1;0;0;1
11;7;7030301.0;2019;1;7;5;2;6;4;0;0;1;1;0;0;0;1;0;0;1
11;5;5020626.0;2019;1;7;7;3;2;6;1;0;1;0;0;0;0;0;0;0;1
11;11;11010309.0;2019;1;7;5;2;6;4;1;0;1;1;0;0;0;1;0;0;1
11;7;7050505.0;2019;1;7;5;3;6;2;2;0;1;1;0;0;0;1;0;0;1
11;1;1044201.0;2019;1;7;5;2;6;4;2;0;1;1;0;0;0;1;0;0;1
11;1;1011203.0;2019;1;13;7;3;0;7;0;0;1;0;0;0;1;0;0;0;1
11;11;11010207.0;2019;1;16;5;2;0;6;2;0;1;0;0;0;1;0;0;0;1
11;8;8020620.0;2019;1;19;5;3;5;3;2;0;1;0;0;0;0;0;0;0;1
11;9;9051901.0;2019;1;15;7;2;6;2;0;0;1;1;0;0;0;0;0;0;1
11;11;11030721.0;2019;1;19;5;3;4;5;2;0;1;0;0;0;0;0;0;0;1
11;2;2050802.0;2019;1;13;7;3;5;2;0;1;1;0;0;0;0;0;0;0;1
11;7;7070704.0;2019;1;10;7;2;5;3;0;0;1;0;0;0;0;0;0;0;1
11;3;3030715.0;2019;1;16;5;3;2;6;1;0;1;0;0;0;1;0;0;0;1
11;2;2040703.0;2019;1;16;5;3;5;3;2;1;1;0;0;0;0;0;0;0;1
11;8;8041040.0;2019;1;14;5;3;1;5;0;0;1;0;0;0;0;0;0;0;1
11;12;12214424.0;2019;1;9;7;3;2;6;0;0;1;0;0;1;0;1;0;0;1
11;4;4030931.0;2019;1;14;5;3;1;5;0;1;1;0;0;0;0;1;0;0;1
11;11;11051330.0;2019;1;9;7;3;4;6;0;1;1;0;0;0;1;0;0;0;1
11;1;1044201.0;2019;1;14;5;3;2;6;0;0;1;0;0;0;0;0;0;0;1
11;7;7020202.0;2019;1;14;5;3;6;4;0;1;0;1;0;0;0;0;0;0;1
11;12;12301203.0;2019;1;20;7;2;6;2;2;0;1;1;0;0;0;0;0;0;1
11;8;8010213.0;2019;1;13;5;3;5;3;0;1;1;0;0;0;0;0;0;0;1
11;8;8020622.0;2019;1;13;5;3;5;3;0;0;1;0;0;0;0;0;0;0;1
11;2;2050602.0;2019;1;12;5;3;1;5;0;1;1;0;0;0;0;0;0;0;1
11;12;12103220.0;2019;1;12;5;3;2;2;0;0;1;0;0;0;0;0;0;0;1
11;7;7020201.0;2019;1;10;5;3;5;2;0;0;1;0;0;0;0;0;0;0;1
11;3;3061227.0;2019;1;16;5;3;6;7;2;1;0;1;0;0;0;0;0;0;1
11;12;12214125.0;2019;1;21;6;3;2;6;2;0;1;0;0;0;0;1;0;0;1
11;10;10010310.0;2019;1;14;5;2;6;4;0;0;0;1;0;0;1;0;0;0;1
11;10;10040828.0;2019;1;16;5;2;5;2;1;1;1;0;0;0;0;0;0;0;1
11;12;12214125.0;2019;1;20;6;2;6;2;2;0;1;1;0;0;0;1;0;0;1
11;2;2020206.0;2019;1;22;5;2;6;4;2;0;1;1;0;0;0;0;0;0;1
11;3;3040818.0;2019;1;20;5;3;5;3;2;1;1;0;0;0;0;0;0;0;1
11;8;8020619.0;2019;1;11;4;3;2;6;0;0;0;0;0;1;1;1;0;0;1
11;6;6010205.0;2019;1;17;4;3;2;6;1;0;1;0;0;0;0;1;0;0;1
11;2;2020204.0;2019;1;20;4;3;5;3;2;0;1;0;1;0;0;1;0;0;1
11;1;1011303.0;2019;1;20;4;3;2;6;2;0;1;0;0;0;0;1;0;0;1
11;6;6020302.0;2019;1;19;4;3;5;3;2;1;1;0;0;0;0;1;0;0;1
11;4;4030931.0;2019;1;10;4;3;1;5;1;1;1;0;0;0;0;1;0;0;1
11;1;1044201.0;2019;1;20;7;3;2;6;2;0;1;0;0;0;0;0;0;0;1
11;2;2050801.0;2019;1;8;4;3;3;6;0;1;0;0;0;0;1;1;0;0;1
11;6;6030501.0;2019;1;16;4;3;5;3;2;1;1;0;0;0;0;1;0;0;1
11;5;5010313.0;2019;1;16;4;3;0;2;1;1;1;0;0;0;0;1;0;0;1
11;2;2040701.0;2019;1;18;4;3;5;3;2;0;1;0;0;0;0;1;0;0;1
11;3;3040818.0;2019;1;10;1;3;5;3;0;0;1;0;0;0;0;0;0;0;1
11;7;7040404.0;2019;1;13;4;3;1;5;0;1;1;0;0;0;0;0;0;0;1
11;3;3050925.0;2019;1;18;4;3;2;2;2;0;1;0;0;0;0;0;0;0;1
11;11;11030720.0;2019;1;18;4;3;2;6;2;0;1;0;0;0;0;0;0;0;1
11;1;1033101.0;2019;1;18;4;3;6;4;2;0;1;1;0;0;0;0;0;0;1
11;11;11051330.0;2019;1;7;4;3;2;6;0;0;1;0;0;0;0;2;0;0;1
11;6;6010209.0;2019;1;17;4;2;6;4;0;0;1;1;0;0;0;0;0;0;1
11;3;3071537.0;2019;1;18;5;3;2;2;1;0;1;0;0;0;0;0;0;0;1
11;12;12103117.0;2019;1;7;4;3;6;4;0;0;1;1;0;0;0;0;0;0;1
11;1;1044202.0;2019;1;6;4;3;5;2;1;1;1;0;0;0;0;0;0;0;1
11;4;4051445.0;2019;1;8;4;3;6;4;0;0;1;1;0;0;0;0;0;0;1
11;4;4051652.0;2019;1;8;4;3;6;4;0;0;1;1;0;0;0;0;0;0;1
11;1;1033101.0;2019;1;8;4;3;1;5;0;1;1;0;0;0;0;0;0;0;1
11;3;3020307.0;2019;1;9;4;3;6;2;0;0;1;1;0;0;0;0;0;0;1
11;7;7020201.0;2019;1;11;4;3;5;2;0;1;1;0;0;0;0;1;0;0;1
11;1;1011303.0;2019;1;11;4;3;5;2;0;1;1;0;0;0;0;0;0;0;1
11;2;2010103.0;2019;1;11;4;3;0;3;0;0;1;0;0;0;1;0;0;0;1
11;7;7010101.0;2019;1;15;5;3;5;2;0;1;1;0;0;0;0;0;0;0;1
11;10;10010207.0;2019;1;12;4;3;6;4;0;0;1;1;0;0;0;0;0;0;1
11;8;8020727.0;2019;1;12;4;3;6;3;0;0;1;1;0;0;0;0;0;0;1
11;10;10040933.0;2019;1;17;4;3;6;2;2;0;1;1;0;0;0;0;0;0;1
11;9;9020501.0;2019;1;12;4;3;5;7;0;0;1;0;0;0;1;0;0;0;1
11;5;5010206.0;2019;1;18;5;3;6;2;2;0;0;1;0;0;1;0;0;0;1
11;1;1044203.0;2019;1;17;4;3;6;4;2;1;0;1;0;0;0;1;0;0;1
11;12;12103219.0;2019;1;15;4;3;2;6;0;0;1;0;0;0;0;0;0;0;1
11;3;3071537.0;2019;1;8;4;3;5;3;0;0;1;0;1;0;0;0;0;0;1
11;2;2030302.0;2019;1;19;3;2;6;4;2;0;1;1;0;0;0;0;0;0;1
11;9;9051801.0;2019;1;17;3;3;4;3;2;0;1;0;0;0;0;0;0;0;1
11;1;1022104.0;2019;2;11;6;1;6;2;0;0;0;1;0;0;1;1;0;0;1
11;5;5010208.0;2019;1;18;3;3;2;6;2;0;1;0;0;0;0;1;0;0;1
11;8;8010118.0;2019;1;18;3;3;2;6;2;0;1;0;0;0;0;0;0;0;1
11;11;11030721.0;2019;1;16;3;2;6;4;0;0;1;1;0;0;0;1;0;0;1
11;1;1022106.0;2019;1;16;4;3;6;4;0;1;0;1;0;0;0;0;0;0;1
11;8;8030829.0;2019;1;17;3;3;3;6;2;0;1;0;0;0;0;1;0;0;1
11;6;6010102.0;2019;1;16;3;2;6;4;1;0;1;1;0;0;0;0;0;0;1
11;2;2050801.0;2019;1;16;3;3;1;5;2;1;1;0;0;0;0;0;0;0;1
11;1;1011305.0;2019;1;16;3;3;2;6;2;1;1;0;0;0;0;0;0;0;1
11;1;1033203.0;2019;1;16;3;3;5;2;2;0;1;0;0;0;0;1;0;0;1
11;6;6030610.0;2019;1;16;3;2;6;4;0;0;1;1;0;0;0;0;0;0;1
11;1;1011204.0;2019;1;16;3;3;5;3;1;1;1;0;0;0;0;1;0;0;1