LAND;BEZ;LOR_ab_2021;UJAHR;UMONAT;USTUNDE;UWOCHENTAG;UKATEGORIE;UART;UTYP1;ULICHTVERH;IstRad;IstPKW;IstFuss;IstKrad;IstGkfz;IstSonstige;USTRZUSTAND;LOCKDOWN;COVID;FERIEN
11;5;5010314.0;2019;2;21;7;2;0;1;2;0;1;0;0;0;0;0;0;0;1
11;4;4051550.0;2019;2;8;7;3;1;5;0;1;1;0;0;0;0;0;0;0;1
11;6;6030607.0;2019;2;20;4;3;1;5;2;0;1;0;0;0;0;0;0;0;1
11;5;5010101.0;2019;2;13;7;3;0;7;0;0;1;0;0;0;0;0;0;0;1
11;4;4030725.0;2019;2;20;4;3;5;3;2;1;1;0;0;0;0;0;0;0;1
11;3;3071537.0;2019;2;12;7;3;2;6;0;0;1;0;0;0;0;0;0;0;1
11;7;7050505.0;2019;2;12;7;2;6;4;0;0;1;1;0;0;0;0;0;0;1
11;11;11010310.0;2019;2;12;7;3;6;4;0;1;0;1;0;0;0;0;0;0;1
11;4;4041136.0;2019;2;19;4;3;3;6;2;0;1;0;0;0;0;0;0;0;1
11;4;4030725.0;2019;2;11;7;3;0;1;0;0;0;0;1;0;0;0;0;0;1
11;9;9010301.0;2019;2;11;7;3;5;2;0;1;1;0;0;0;0;0;0;0;1
11;4;4020314.0;2019;2;11;7;3;5;2;0;1;1;0;0;0;0;0;0;0;1
11;12;12214527.0;2019;2;19;4;2;6;4;2;0;1;1;0;0;0;0;0;0;1
11;10;10010308.0;2019;2;10;7;3;2;6;0;0;1;0;0;0;0;0;0;0;1
11;2;2030302.0;2019;2;1;7;3;1;5;2;1;1;0;0;0;0;0;0;0;1
11;1;1011201.0;2019;2;19;4;3;5;2;2;1;0;0;0;0;1;0;0;0;1
11;9;9010101.0;2019;2;3;7;2;5;3;2;0;1;0;0;0;0;0;0;0;1
11;5;5010313.0;2019;2;9;7;3;5;2;0;0;1;0;0;0;0;0;0;0;1
11;12;12302109.0;2019;2;10;7;3;6;7;0;0;1;1;0;0;0;0;0;0;1
11;8;8040933.0;2019;2;19;4;3;6;2;2;0;1;1;0;0;0;0;0;0;1
11;1;1022104.0;2019;2;10;7;3;2;6;0;0;1;0;0;0;0;0;0;0;1
11;11;11040925.0;2019;2;19;5;2;0;1;2;1;0;0;0;0;0;0;0;0;1
11;1;1011303.0;2019;2;19;7;3;2;6;2;0;1;0;0;0;0;0;0;0;1
11;12;12304313.0;2019;2;17;7;3;5;3;1;0;1;0;0;0;1;0;0;0;1
11;4;4030827.0;2019;2;18;4;3;1;5;1;1;1;0;0;0;0;0;0;0;1
11;1;1011301.0;2019;2;10;5;3;1;5;0;1;1;0;0;0;0;0;0;0;1
11;3;3061228.0;2019;2;17;7;3;2;6;2;0;1;0;0;0;0;0;0;0;1
11;1;1011301.0;2019;2;16;7;3;5;3;0;1;1;0;0;0;0;0;0;0;1
11;7;7060603.0;2019;2;18;4;3;5;3;2;0;1;0;0;0;0;0;0;0;1
11;3;3050925.0;2019;2;15;7;3;5;3;0;0;1;0;0;0;0;0;0;0;1
11;1;1011303.0;2019;2;13;7;3;6;7;0;0;1;1;0;0;0;0;0;0;1
11;3;3071537.0;2019;2;17;4;3;2;7;1;1;1;0;0;0;0;0;0;0;1
11;12;12103115.0;2019;2;13;7;2;6;7;0;0;0;1;0;0;1;0;0;0;1
11;4;4051446.0;2019;2;9;6;3;0;5;0;0;1;0;1;0;0;0;0;0;1
11;3;3061441.0;2019;2;18;4;3;5;3;1;1;0;0;0;0;0;0;0;0;1
11;6;6020408.0;2019;2;18;6;3;3;2;2;1;1;0;0;0;0;1;0;0;1
11;3;3061126.0;2019;2;13;4;3;5;2;0;1;1;0;0;0;0;0;0;0;1
11;6;6010208.0;2019;2;14;6;3;2;6;0;0;1;0;0;0;0;0;0;0;1
11;6;6030502.0;2019;2;8;6;3;2;6;0;0;1;0;0;0;1;0;0;0;1
11;4;4051549.0;2019;2;17;4;3;5;2;0;1;1;0;0;0;0;0;0;0;1
11;4;4031032.0;2019;2;21;6;3;5;2;2;1;1;0;0;0;0;0;0;0;1
11;11;11010309.0;2019;2;13;6;3;6;4;0;0;1;1;0;0;0;0;0;0;1
11;1;1044202.0;2019;2;12;6;3;5;2;0;1;0;0;0;1;0;0;0;0;1
11;1;1033102.0;2019;2;16;4;3;2;6;1;0;1;0;0;0;1;0;0;0;1
11;2;2040502.0;2019;2;13;6;3;6;2;0;0;1;1;0;0;0;0;0;0;1
11;5;5010314.0;2019;2;13;6;3;6;4;0;0;1;1;0;0;0;0;0;0;1
11;1;1044201.0;2019;2;14;6;3;2;2;0;1;1;0;0;0;0;0;0;0;1
11;6;6030501.0;2019;2;17;4;3;2;6;2;1;1;0;0;0;0;0;0;0;1
11;3;3071537.0;2019;2;13;6;3;0;3;0;1;0;0;1;0;0;0;0;0;1
11;3;3010101.0;2019;2;14;6;3;2;6;0;0;1;0;0;0;0;0;0;0;1
11;2;2040502.0;2019;2;14;6;3;1;5;0;1;1;0;0;0;0;0;0;0;1
11;8;8020727.0;2019;2;16;4;3;1;5;0;0;1;0;0;0;0;0;0;0;1
11;9;9020501.0;2019;2;14;6;3;6;4;0;0;1;1;0;0;0;0;0;0;1
11;9;9020701.0;2019;2;10;4;3;2;6;0;0;1;0;0;0;0;0;0;0;1
11;2;2040502.0;2019;2;7;6;3;6;7;0;0;1;1;0;0;0;0;0;0;1
11;2;2040703.0;2019;2;15;6;3;5;3;0;1;1;0;0;0;0;0;0;0;1
11;1;1033202.0;2019;2;15;4;3;5;3;0;0;1;0;0;0;0;0;0;0;1
11;2;2020205.0;2019;2;12;6;3;5;7;0;1;1;0;0;0;0;0;0;0;1
11;7;7030301.0;2019;2;5;6;3;0;5;2;0;0;0;0;0;1;0;0;0;1
11;1;1011204.0;2019;2;16;6;3;5;3;0;0;1;0;0;0;0;0;0;0;1
11;4;4030930.0;2019;2;15;4;3;1;5;0;1;1;0;0;0;0;0;0;0;1
11;2;2030401.0;2019;2;11;6;3;5;5;0;0;1;0;1;0;0;0;0;0;1
11;2;2040703.0;2019;2;16;6;3;1;5;0;1;1;0;0;0;1;0;0;0;1
11;3;3050919.0;2019;2;11;6;3;5;2;0;0;0;0;1;1;0;1;0;0;1
11;11;11020411.0;2019;2;16;6;3;2;7;0;0;1;0;0;0;0;0;0;0;1
11;8;8041037.0;2019;2;15;4;2;6;4;0;0;1;1;0;0;0;0;0;0;1
11;4;4030518.0;2019;2;11;6;3;2;6;0;0;0;0;0;1;1;0;0;0;1
11;4;4051446.0;2019;2;10;6;3;5;3;0;0;1;0;0;0;0;0;0;0;1
11;1;1011302.0;2019;2;18;6;3;1;5;1;1;1;0;0;0;0;0;0;0;1
11;5;5020625.0;2019;2;7;4;3;0;2;0;1;1;0;0;0;0;0;0;0;1
11;3;3061131.0;2019;2;14;6;3;5;2;0;1;1;0;0;0;0;0;0;0;1
11;3;3061131.0;2019;2;19;6;3;2;6;2;0;1;0;1;0;0;0;0;0;1
11;4;4030726.0;2019;2;5;4;3;6;4;2;0;1;1;0;0;0;0;0;0;1
11;11;11030721.0;2019;2;10;6;3;5;2;0;1;1;0;0;0;0;0;0;0;1
11;4;4051447.0;2019;2;19;6;3;6;7;2;0;1;1;0;0;0;0;0;0;1
11;2;2050801.0;2019;2;20;6;3;5;3;2;1;1;0;0;0;0;0;0;0;1
11;5;5010314.0;2019;2;7;3;3;2;6;0;0;1;0;0;0;0;0;0;0;1
11;7;7070704.0;2019;2;20;6;3;6;4;2;1;0;1;0;0;0;0;0;0;1
11;4;4051445.0;2019;2;21;6;3;5;2;2;0;1;0;0;0;0;0;0;0;1
11;10;10040931.0;2019;2;11;6;2;5;3;0;1;1;0;0;0;0;0;0;0;1
11;5;5010312.0;2019;2;13;3;3;5;3;0;0;1;0;0;0;0;0;0;0;1
11;1;1044202.0;2019;2;9;6;3;2;6;0;0;1;0;0;0;1;0;0;0;1
11;8;8020727.0;2019;2;14;6;3;5;2;0;0;1;0;0;0;1;0;0;0;1
11;10;10010206.0;2019;2;7;3;3;5;3;0;0;1;0;0;0;1;0;0;0;1
11;12;12214125.0;2019;2;16;6;2;3;6;0;1;1;0;0;0;0;0;0;0;1
11;6;6020301.0;2019;2;20;6;3;0;1;2;0;0;0;1;0;0;0;0;0;1
11;9;9051901.0;2019;2;16;6;2;0;1;0;0;0;0;1;0;0;0;0;0;1
11;12;12214125.0;2019;2;12;3;3;6;4;0;0;1;1;0;0;0;0;0;0;1
11;7;7020201.0;2019;2;16;5;3;3;6;0;0;1;0;0;0;0;0;0;0;1
11;7;7040404.0;2019;2;15;5;3;5;2;0;0;1;0;0;0;1;0;0;0;1
11;7;7020201.0;2019;2;18;5;2;6;2;2;0;1;1;0;0;0;1;0;0;1
11;7;7070703.0;2019;2;15;3;3;5;3;0;0;1;0;0;0;0;0;0;0;1
11;8;8010405.0;2019;2;16;5;3;1;5;0;0;1;0;0;0;0;1;0;0;1
11;8;8010301.0;2019;2;20;5;3;6;2;2;0;1;1;0;0;0;0;0;0;1
11;7;7030301.0;2019;2;11;5;3;2;6;0;0;1;0;0;0;0;1;0;0;1
11;4;4041241.0;2019;2;21;5;3;6;2;2;0;1;1;0;0;0;1;0;0;1
11;10;10040933.0;2019;2;12;3;3;5;3;0;0;1;0;0;0;0;0;0;0;1
11;1;1011105.0;2019;2;19;5;2;5;2;2;0;1;0;1;0;0;1;0;0;1
11;2;2030301.0;2019;2;19;5;3;6;2;2;0;1;1;0;0;0;1;0;0;1
11;2;2030302.0;2019;2;9;3;3;3;6;0;1;0;0;0;1;0;0;0;0;1
11;1;7010101.0;2019;2;19;5;3;5;3;2;1;1;0;0;0;0;1;0;0;1
11;8;8010301.0;2019;2;19;5;3;5;2;2;0;0;0;1;0;1;1;0;0;1
11;2;2040703.0;2019;2;9;3;3;5;2;0;1;1;0;0;0;0;0;0;0;1
11;10;10040931.0;2019;2;19;5;2;6;2;2;0;1;1;0;0;0;1;0;0;1
11;4;4020311.0;2019;2;13;4;3;6;2;0;0;1;1;0;0;0;0;0;0;1
11;7;7050505.0;2019;2;18;5;3;5;2;1;0;1;0;1;0;0;1;0;0;1
11;5;5030731.0;2019;2;17;5;3;5;7;2;0;1;0;1;0;0;1;0;0;1
11;1;1011104.0;2019;2;8;3;3;5;2;0;1;1;0;0;0;0;0;0;0;1
11;3;3061228.0;2019;2;17;5;3;5;3;2;1;1;0;0;0;0;1;0;0;1
11;1;1011204.0;2019;2;15;4;3;2;6;0;0;1;0;0;0;0;0;0;0;1
11;4;4030726.0;2019;2;16;5;3;5;7;0;0;1;0;0;0;0;1;0;0;1
11;12;12214527.0;2019;2;16;5;3;0;2;0;1;1;0;0;0;0;1;0;0;1
11;9;9010402.0;2019;2;6;3;3;3;6;0;0;1;0;0;0;0;0;0;0;1
11;6;6030503.0;2019;2;10;5;3;0;7;0;0;1;0;0;0;0;1;0;0;1
11;11;11051229.0;2019;2;8;5;3;2;2;0;0;1;0;0;0;0;1;0;0;1
11;8;8020625.0;2019;2;8;5;3;5;2;0;0;1;0;0;0;1;1;0;0;1
11;11;11020412.0;2019;2;18;3;3;1;1;2;0;1;0;0;0;0;0;0;0;1
11;1;1011202.0;2019;2;8;5;3;6;7;0;0;1;1;0;0;0;1;0;0;1
11;10;10030724.0;2019;2;7;5;3;5;2;0;0;1;0;0;0;1;0;0;0;1
11;1;1033201.0;2019;2;6;5;3;6;2;0;0;1;1;0;0;0;1;0;0;1
11;6;6030609.0;2019;2;8;4;3;5;7;0;0;1;0;0;0;0;0;0;0;1
11;9;9020802.0;2019;2;6;5;2;5;2;0;1;1;0;0;0;0;1;0;0;1
11;1;1033102.0;2019;2;1;5;3;1;1;2;0;1;0;0;0;0;0;0;0;1
11;3;3010102.0;2019;2;5;3;3;2;6;2;0;1;0;0;0;0;0;0;0;1
11;4;4010103.0;2019;2;6;5;3;5;2;1;0;1;0;1;0;0;1;0;0;1
11;1;1033202.0;2019;2;13;5;3;5;3;0;0;1;0;0;0;0;0;0;0;1
11;2;2040503.0;2019;2;12;5;3;5;3;0;0;1;0;1;0;0;1;0;0;1
11;1;1011202.0;2019;2;12;5;3;2;6;0;0;1;0;0;0;0;0;0;0;1
11;4;4020206.0;2019;2;0;3;3;5;3;2;0;1;0;0;0;0;0;0;0;1
11;10;10010308.0;2019;2;12;5;3;6;4;0;0;1;1;0;0;0;1;0;0;1
11;5;5010339.0;2019;2;11;5;2;2;6;0;0;1;0;0;0;1;0;0;0;1
11;8;8020727.0;2019;2;11;5;2;6;2;0;0;0;1;0;0;1;1;0;0;1
11;5;5030833.0;2019;2;16;3;2;5;2;0;0;1;0;0;0;0;0;0;0;1
11;7;7040404.0;2019;2;9;5;3;0;6;0;1;1;0;0;0;0;0;0;0;1
11;3;3030715.0;2019;2;11;5;2;6;3;0;0;1;1;0;0;0;0;0;0;1
11;7;7030303.0;2019;2;10;5;3;5;3;0;0;1;0;0;0;0;1;0;0;1
11;1;1011302.0;2019;2;18;4;3;3;6;2;1;0;0;0;0;0;0;0;0;1
11;10;10030724.0;2019;2;14;4;3;2;6;0;0;1;0;0;0;0;0;0;0;1
11;12;12304313.0;2019;2;8;4;3;0;6;0;0;1;0;0;0;0;0;0;0;1
11;1;1011105.0;2019;2;17;4;3;0;3;0;1;1;0;0;0;0;0;0;0;1
11;11;11041022.0;2019;2;16;3;3;2;2;0;1;1;0;0;0;1;0;0;0;1
11;6;6010205.0;2019;2;8;4;3;6;4;0;0;1;1;0;0;0;0;0;0;1
11;3;3030406.0;2019;2;5;4;3;5;2;2;1;1;0;0;0;0;0;0;0;1
11;3;3020209.0;2019;2;7;4;3;5;3;0;0;1;0;0;0;0;0;0;0;1
11;8;8020619.0;2019;2;11;3;2;0;1;0;0;0;0;1;0;0;0;0;0;1
11;7;7070702.0;2019;2;7;4;3;5;3;0;1;1;0;0;0;0;0;0;0;1
11;10;10020623.0;2019;2;11;5;3;5;3;0;0;1;0;0;0;0;0;0;0;1
11;8;8010115.0;2019;2;12;4;3;2;6;0;0;1;0;0;0;0;0;0;0;1
11;10;11020516.0;2019;2;13;4;3;0;3;0;0;1;0;0;0;1;0;0;0;1
11;2;2020204.0;2019;2;16;3;3;3;6;0;1;1;0;0;0;0;0;0;0;1
11;4;4030726.0;2019;2;10;4;3;6;2;0;0;1;1;0;0;0;0;0;0;1
11;8;8010117.0;2019;2;11;4;3;0;2;0;0;1;0;1;0;0;0;0;0;1
11;1;1022104.0;2019;2;11;4;3;1;5;0;1;1;0;0;0;0;0;0;0;1
11;5;5030730.0;2019;2;14;4;3;5;3;0;0;1;0;0;0;0;0;0;0;1
11;1;1011304.0;2019;2;18;2;2;0;7;2;0;0;0;1;0;0;0;0;0;1
11;1;1022204.0;2019;2;11;4;3;6;3;0;0;1;1;0;0;0;0;0;0;1
11;1;1022204.0;2019;2;13;4;3;5;2;0;1;1;0;0;0;0;0;0;0;1
11;8;8010302.0;2019;2;14;2;3;1;5;0;0;1;0;0;0;0;0;0;0;1
11;2;2030302.0;2019;2;14;4;3;3;6;0;1;1;0;0;0;0;0;0;0;1
11;4;4030931.0;2019;2;15;4;3;5;2;0;0;1;0;0;0;0;0;0;0;1
11;4;4030620.0;2019;2;10;4;3;0;1;0;0;0;0;1;0;0;0;0;0;1
11;1;1022103.0;2019;2;8;2;3;2;6;0;0;0;0;0;1;1;0;0;0;1
11;5;5010207.0;2019;2;16;4;2;5;3;0;0;1;0;0;0;0;0;0;0;1
11;7;7020201.0;2019;2;17;5;3;5;2;1;0;1;0;0;0;0;0;0;0;1
11;3;3050925.0;2019;2;17;4;2;6;4;0;0;1;1;0;0;0;0;0;0;1
11;8;8020622.0;2019;2;17;4;3;2;6;1;0;1;0;0;0;0;0;0;0;1
11;10;10010309.0;2019;2;7;2;3;0;7;0;1;0;0;0;0;0;0;0;0;1
11;3;3061228.0;2019;2;18;4;2;6;4;1;0;1;1;0;0;0;0;0;0;1
11;2;2020202.0;2019;2;12;3;3;5;2;0;0;1;0;0;0;0;0;0;0;1
11;6;6010103.0;2019;2;18;2;3;5;2;2;1;0;0;0;0;1;0;0;0;1
11;3;3030716.0;2019;2;17;2;3;1;5;1;1;0;0;0;1;0;0;0;0;1
11;4;4030827.0;2019;2;8;3;3;0;4;0;1;0;1;0;0;0;0;0;0;1
11;1;1011202.0;2019;2;10;3;3;5;7;0;0;1;0;0;0;0;0;0;0;1
11;3;3040614.0;2019;2;17;2;2;6;4;0;0;1;1;0;0;0;0;0;0;1
11;4;4030929.0;2019;2;16;3;3;1;5;0;1;1;0;0;0;0;0;0;0;1
11;5;5010206.0;2019;2;15;3;3;5;7;0;0;1;0;1;0;0;0;0;0;1
11;6;6030503.0;2019;2;16;2;3;0;2;0;1;0;0;0;0;1;0;0;0;1
11;3;3050919.0;2019;2;14;3;3;4;7;0;0;1;0;0;0;0;0;0;0;1
11;2;2020206.0;2019;2;12;4;3;2;6;0;0;1;0;0;0;0;0;0;0;1
11;12;12214125.0;2019;2;12;3;3;5;3;0;0;1;0;0;0;1;0;0;0;1
11;12;12301203.0;2019;2;11;3;3;5;3;0;0;1;0;0;0;1;0;0;0;1
11;2;2020205.0;2019;2;16;2;3;5;3;0;0;1;0;0;0;0;0;0;0;1
11;6;6020303.0;2019;2;10;3;3;2;6;0;0;1;0;0;0;0;0;0;0;1
11;11;11010310.0;2019;2;9;3;3;2;4;0;0;1;1;1;0;0;0;0;0;1
11;9;9041302.0;2019;2;9;3;3;0;1;0;1;0;0;0;0;0;0;0;0;1
11;12;12214125.0;2019;2;16;2;3;5;3;0;0;1;0;1;0;0;0;0;0;1
11;2;2050801.0;2019;2;8;3;3;5;7;0;1;1;0;0;0;0;0;0;0;1
11;1;1044101.0;2019;2;8;3;3;5;3;0;1;1;0;0;0;0;0;0;0;1
11;1;1022106.0;2019;2;8;3;3;5;2;0;1;1;0;0;0;0;0;0;0;1
11;12;12214125.0;2019;2;7;3;3;6;4;0;1;0;1;0;0;0;0;0;0;1
11;1;1011105.0;2019;2;22;3;3;0;7;2;1;0;0;0;0;0;0;0;0;1
11;8;8010118.0;2019;2;20;3;3;6;4;2;0;1;1;0;0;0;1;0;0;1
11;8;8010301.0;2019;2;18;3;3;5;2;2;1;1;0;0;0;0;0;0;0;1
11;6;6040804.0;2019;2;11;4;3;5;2;0;1;1;0;0;0;0;0;0;0;1
11;12;12103117.0;2019;2;17;3;3;3;6;2;1;1;0;0;0;0;0;0;0;1
11;1;1011304.0;2019;2;17;3;3;2;6;2;1;1;0;0;0;0;0;0;0;1
11;12;12224229.0;2019;2;15;2;3;0;7;0;0;0;0;0;0;1;0;0;0;1
11;1;1022101.0;2019;2;17;3;3;6;4;1;0;1;1;0;0;0;0;0;0;1
11;9;9030901.0;2019;2;14;2;3;5;2;0;0;1;0;0;0;0;0;0;0;1
11;8;8010212.0;2019;2;7;2;3;5;3;0;0;1;0;0;0;0;0;0;0;1
11;6;6030607.0;2019;2;15;2;3;2;6;0;0;1;0;0;0;1;0;0;0;1
11;2;2040703.0;2019;2;19;2;3;1;5;2;1;1;0;0;0;1;0;0;0;1
11;9;9051901.0;2019;2;13;2;2;6;4;0;1;0;1;0;0;0;0;0;0;1
11;1;1011103.0;2019;2;21;2;3;5;3;2;1;1;0;0;0;0;0;0;0;1
11;2;2010104.0;2019;2;19;2;3;3;6;2;0;1;0;1;0;0;0;0;0;1
11;9;9020802.0;2019;2;17;2;3;2;7;2;0;1;0;0;0;0;0;0;0;1
11;7;7010103.0;2019;2;17;2;3;6;4;1;1;0;1;0;0;0;0;0;0;1
11;2;2020205.0;2019;2;15;2;3;4;5;0;1;0;0;0;0;0;0;0;0;1
11;4;4030931.0;2019;2;17;2;2;0;6;0;0;1;0;0;0;1;0;0;0;1
11;8;8010211.0;2019;2;17;2;3;6;4;0;0;1;1;0;0;0;0;0;0;1
11;2;2010102.0;2019;2;9;4;2;5;3;0;0;1;0;0;0;0;0;0;0;1
11;12;12103117.0;2019;2;14;2;3;5;3;0;1;1;0;0;0;0;0;0;0;1
11;8;8010508.0;2019;2;14;2;3;5;3;0;0;1;0;0;0;0;0;0;0;1
11;10;10020413.0;2019;2;14;2;3;2;6;0;0;1;0;0;0;0;0;0;0;1
11;11;11020515.0;2019;2;12;2;3;5;3;0;1;0;0;0;0;1;0;0;0;1
11;10;11030720.0;2019;2;11;2;3;3;6;0;0;1;0;0;0;0;0;0;0;1
11;3;3020210.0;2019;2;11;2;3;0;5;0;1;1;0;0;0;0;0;0;0;1
11;5;5010103.0;2019;2;14;2;3;3;6;0;1;1;0;0;0;0;0;0;0;1
11;9;9041501.0;2019;2;11;2;2;0;1;0;1;0;0;0;0;0;0;0;0;1
11;1;1044103.0;2019;2;10;2;3;2;6;0;0;1;0;0;0;0;0;0;0;1
11;4;4030417.0;2019;2;8;2;2;6;4;0;0;1;1;0;0;0;0;0;0;1
11;8;8040933.0;2019;2;13;2;3;1;1;0;0;1;0;0;0;1;0;0;0;1
11;1;1011401.0;2019;2;17;2;3;5;3;0;0;1;0;1;0;0;0;0;0;1
11;7;7020203.0;2019;2;16;2;3;5;2;0;1;0;0;0;0;0;0;0;0;1
11;11;11020412.0;2019;2;13;2;2;6;4;0;0;1;1;0;0;0;0;0;0;1
11;3;3020307.0;2019;2;16;2;3;5;2;0;1;1;0;0;0;0;0;0;0;1
11;6;6030605.0;2019;2;16;2;3;5;2;0;0;1;0;0;0;0;0;0;0;1
11;12;12214423.0;2019;2;13;2;3;2;6;0;0;1;0;1;0;0;0;0;0;1
11;1;1011102.0;2019;2;15;2;3;3;2;0;0;1;0;1;0;0;0;0;0;1
11;4;4041241.0;2019;2;15;5;2;5;3;0;0;1;0;0;0;0;0;0;0;1
11;9;9020502.0;2019;2;14;2;3;5;3;0;1;1;0;0;0;0;0;0;0;1
11;1;1022106.0;2019;2;14;2;3;5;5;0;0;1;0;1;0;0;0;0;0;1
11;9;9010301.0;2019;2;10;2;3;6;4;0;0;1;1;0;0;0;0;0;0;1
11;3;3061429.0;2019;2;20;1;3;6;4;2;0;1;1;0;0;0;0;0;0;1
11;1;1011105.0;2019;2;23;5;3;5;2;2;0;1;0;0;0;0;0;0;0;1
11;7;7020202.0;2019;2;13;1;3;1;5;0;1;1;0;0;0;0;0;0;0;1
11;8;8020726.0;2019;2;14;1;3;2;6;0;0;1;0;0;0;0;0;0;0;1
11;3;3020210.0;2019;2;10;2;3;3;6;0;0;1;0;0;1;0;0;0;0;1
11;9;9010402.0;2019;2;9;1;3;3;6;0;1;0;0;0;0;1;0;0;0;1
11;5;5010314.0;2019;2;18;1;2;2;4;2;0;1;1;0;0;0;0;0;0;1
11;11;11041128.0;2019;2;10;2;3;6;2;0;0;1;1;0;0;0;0;0;0;1
11;4;4041344.0;2019;2;16;1;3;1;5;0;1;1;0;0;0;0;0;0;0;1
11;2;2010101.0;2019;2;21;1;2;6;2;2;0;1;1;0;0;0;0;0;0;1
11;1;1011202.0;2019;2;9;2;3;0;7;0;0;1;0;1;0;0;0;0;0;1
11;2;2040502.0;2019;2;21;1;2;5;2;2;0;1;0;1;0;0;0;0;0;1
11;11;11030618.0;2019;2;13;4;3;5;2;0;1;1;0;0;0;0;0;0;0;1
11;1;1011204.0;2019;2;17;1;3;5;2;1;1;1;0;0;0;0;0;0;0;1
11;9;9041501.0;2019;2;15;1;3;6;4;0;1;0;1;0;0;0;0;0;0;1
11;4;4051445.0;2019;2;9;2;3;5;7;0;0;1;0;0;0;1;0;0;0;1
11;1;1033102.0;2019;2;15;1;3;6;2;0;0;1;1;0;0;0;0;0;0;1
11;2;2030402.0;2019;2;15;1;3;2;6;0;1;1;0;0;0;0;0;0;0;1
11;11;11030619.0;2019;2;14;1;3;5;3;0;0;1;0;0;0;0;0;0;0;1
11;12;12231101.0;2019;2;8;2;3;2;6;0;0;1;0;0;0;0;0;0;0;1
11;1;1044202.0;2019;2;14;1;3;2;1;0;1;1;0;0;0;0;0;0;0;1
11;4;4010101.0;2019;2;3;1;3;9;1;2;0;1;0;0;0;0;0;0;0;1
11;2;2030302.0;2019;2;14;1;3;1;5;0;0;1;0;0;0;0;0;0;0;1
11;1;1011303.0;2019;2;22;2;3;5;2;2;1;1;0;0;0;0;0;0;0;1
11;1;1011202.0;2019;2;18;1;2;5;2;2;1;1;0;0;0;0;0;0;0;1
11;7;7020202.0;2019;2;21;1;2;5;2;2;0;1;0;0;0;1;0;0;0;1
11;10;10010311.0;2019;2;15;1;2;5;2;0;0;1;0;0;0;0;0;0;0;1
11;12;12103117.0;2019;2;5;2;3;2;6;2;0;1;0;0;0;0;0;0;0;1
11;2;2020203.0;2019;2;8;1;3;1;5;0;0;1;0;0;0;1;0;0;0;1
11;6;6040703.0;2019;2;8;4;3;5;3;0;1;1;0;0;0;0;0;0;0;1
11;11;11010102.0;2019;2;10;7;3;5;2;0;0;1;0;1;0;0;0;0;0;1
11;1;1022206.0;2019;2;2;7;3;6;4;2;0;1;1;0;0;0;0;0;0;1
11;9;9041301.0;2019;2;6;2;3;2;6;1;0;1;0;0;0;0;0;0;0;1
11;4;4030931.0;2019;2;22;7;3;5;3;2;1;1;0;0;0;0;0;0;0;1
11;2;2030301.0;2019;2;21;7;3;3;6;2;1;1;0;0;0;0;0;0;0;1
11;4;4030827.0;2019;2;18;7;3;1;5;2;0;1;0;0;0;0;0;0;0;1
11;12;12214424.0;2019;2;7;2;3;3;6;0;0;1;0;0;1;0;0;0;0;1
11;10;10020413.0;2019;2;17;7;3;5;3;1;0;1;0;0;0;1;0;0;0;1
11;7;7010101.0;2019;2;11;7;3;5;2;0;1;1;0;0;0;0;0;0;0;1
11;3;3030406.0;2019;2;9;7;3;5;3;0;0;1;0;0;0;0;0;0;0;1
11;5;5010103.0;2019;2;16;7;3;0;7;0;0;1;0;0;0;0;0;0;0;1
11;12;12214424.0;2019;2;20;2;3;1;5;2;0;1;0;0;0;0;0;0;0;1
11;4;4030931.0;2019;2;15;7;3;6;4;0;0;1;1;0;0;0;0;0;0;1
11;8;8010214.0;2019;2;14;7;3;5;2;0;1;1;0;0;0;0;0;0;0;1
11;2;2020204.0;2019;2;14;7;3;2;6;0;0;1;0;0;0;0;0;0;0;1
11;3;3051022.0;2019;2;7;4;3;5;2;0;1;1;0;0;0;0;0;0;0;1
11;4;4051445.0;2019;2;13;7;2;6;7;0;0;1;1;0;0;0;0;0;0;1
11;7;7040401.0;2019;2;13;7;3;6;4;0;0;1;1;0;0;0;0;0;0;1
11;10;10010309.0;2019;2;19;2;3;6;7;2;0;1;1;0;0;0;0;0;0;1
11;7;7060604.0;2019;2;13;7;3;2;6;0;0;1;0;0;0;0;0;0;0;1
11;1;1011202.0;2019;2;20;6;2;5;3;2;1;1;0;0;0;0;0;0;0;1
11;5;5010314.0;2019;2;19;6;3;2;6;2;0;1;0;0;0;0;0;0;0;1
11;12;12231101.0;2019;2;7;2;3;1;5;0;1;1;0;0;0;0;0;0;0;1
11;3;3061227.0;2019;2;21;6;3;6;4;2;1;0;1;0;0;0;0;0;0;1
11;5;5010310.0;2019;2;10;5;2;1;7;0;0;1;0;0;0;1;0;0;0;1
11;4;5030833.0;2019;2;20;6;3;2;6;2;0;1;0;1;0;0;0;0;0;1
11;12;12302110.0;2019;2;18;6;3;2;6;2;0;1;0;0;0;0;0;0;0;1
11;10;10030725.0;2019;2;21;2;2;9;1;2;0;0;0;1;0;0;0;0;0;1
11;9;9041301.0;2019;2;8;6;3;5;3;0;0;1;0;0;0;1;0;0;0;1
11;4;4030931.0;2019;2;8;6;3;1;5;0;0;1;0;1;0;0;0;0;0;1
11;8;8010406.0;2019;2;8;6;3;6;4;0;0;1;1;0;0;0;0;0;0;1