LAND;BEZ;LOR_ab_2021;UJAHR;UMONAT;USTUNDE;UWOCHENTAG;UKATEGORIE;UART;UTYP1;ULICHTVERH;IstRad;IstPKW;IstFuss;IstKrad;IstGkfz;IstSonstige;USTRZUSTAND;LOCKDOWN;COVID;FERIEN
11;8;8010213.0;2019;4;13;2;3;6;7;0;0;1;1;0;0;0;0;0;0;1
11;7;7020203.0;2019;3;11;7;3;5;3;0;0;1;0;0;0;1;0;0;0;0
11;5;5020625.0;2019;4;12;2;3;5;3;0;0;1;0;0;0;0;0;0;0;1
11;2;2040703.0;2019;3;23;6;3;5;7;2;1;1;0;0;0;0;0;0;0;0
11;8;8010301.0;2019;4;12;2;3;2;2;0;0;1;0;0;0;1;0;0;0;1
11;6;6010101.0;2019;4;11;5;3;5;2;0;0;1;0;0;0;0;0;0;0;1
11;2;2020206.0;2019;3;9;6;3;1;7;0;0;1;0;0;0;0;0;0;0;0
11;10;10030724.0;2019;4;15;2;3;5;3;0;1;1;0;0;0;0;0;0;0;1
11;3;3061332.0;2019;4;15;2;3;1;5;0;1;1;0;0;0;0;0;0;0;1
11;2;2030402.0;2019;4;10;5;3;2;6;0;0;1;0;1;0;0;0;0;0;1
11;4;4041241.0;2019;3;13;6;3;5;2;0;1;0;0;0;0;1;0;0;0;0
11;11;11010204.0;2019;4;15;2;3;5;3;0;1;1;0;0;0;0;0;0;0;1
11;1;1022103.0;2019;4;19;7;3;5;3;1;0;1;0;0;0;0;0;0;0;1
11;4;4041241.0;2019;4;15;2;3;1;5;0;1;1;0;0;0;0;0;0;0;1
11;7;7060604.0;2019;3;12;6;3;2;2;0;0;1;0;0;0;0;0;0;0;0
11;8;8010213.0;2019;4;16;2;3;1;5;0;1;1;0;0;0;0;0;0;0;1
11;7;7030301.0;2019;3;12;6;3;5;3;0;1;1;0;0;0;0;0;0;0;0
11;8;8010301.0;2019;4;11;6;3;5;3;0;0;1;0;0;0;1;0;0;0;1
11;4;4020310.0;2019;4;18;4;3;6;4;0;1;0;1;0;0;0;0;0;0;1
11;2;2010104.0;2019;4;15;5;3;5;2;0;0;1;0;0;0;0;0;0;0;1
11;1;1033102.0;2019;4;13;1;3;6;4;0;0;1;1;0;0;0;0;0;0;1
11;5;5040936.0;2019;4;15;4;2;0;2;0;0;0;0;0;0;1;0;0;0;1
11;10;10040933.0;2019;4;19;4;3;5;2;0;1;1;0;0;0;0;0;0;0;1
11;4;4030827.0;2019;4;9;4;3;3;6;0;1;1;0;0;0;0;0;0;0;1
11;1;1011401.0;2019;4;10;7;2;0;1;0;1;0;0;0;0;0;0;0;0;1
11;5;5010208.0;2019;4;17;6;3;5;2;0;1;0;0;0;0;1;0;0;0;1
11;2;2050802.0;2019;4;15;6;3;6;7;0;1;0;1;0;0;0;0;0;0;1
11;8;8010212.0;2019;4;16;6;3;2;6;0;0;1;0;0;0;0;0;0;0;1
11;9;9041501.0;2019;4;13;6;3;0;7;0;1;0;0;0;0;0;0;0;0;1
11;4;4030415.0;2019;4;14;6;3;2;6;0;0;1;0;0;0;0;0;0;0;1
11;5;5010206.0;2019;4;11;6;3;5;3;0;1;1;0;0;0;0;0;0;0;1
11;9;9051701.0;2019;4;10;6;2;0;6;0;0;1;0;1;0;0;0;0;0;1
11;7;7040404.0;2019;4;8;6;3;9;1;0;0;1;0;0;0;0;0;0;0;1
11;4;4030620.0;2019;4;9;6;3;5;7;0;0;1;0;0;0;0;0;0;0;1
11;4;4030623.0;2019;4;12;6;3;3;6;0;0;1;0;1;0;0;0;0;0;1
11;5;5030731.0;2019;4;14;6;3;2;2;0;0;1;0;0;0;0;0;0;0;1
11;4;4041344.0;2019;4;14;6;3;0;1;0;1;0;0;0;0;0;0;0;0;1
11;4;4020204.0;2019;4;11;6;3;0;1;0;0;0;0;1;0;0;0;0;0;1
11;1;1011303.0;2019;4;16;6;3;6;2;0;1;0;1;0;0;0;0;0;0;1
11;4;4020310.0;2019;4;16;6;2;5;3;0;0;1;0;0;0;0;0;0;0;1
11;7;7040401.0;2019;4;14;4;2;5;3;0;1;1;0;0;0;0;0;0;0;1
11;7;7030303.0;2019;4;17;6;3;3;2;0;1;0;0;0;0;1;0;0;0;1
11;3;3061429.0;2019;4;17;6;2;1;5;0;1;1;0;0;0;0;0;0;0;1
11;12;12214125.0;2019;4;18;6;3;2;6;0;0;1;0;0;0;0;0;0;0;1
11;4;4030931.0;2019;4;20;6;3;2;6;2;0;1;0;0;0;0;0;0;0;1
11;8;8010301.0;2019;4;17;6;3;5;7;0;0;1;0;0;0;0;0;0;0;1
11;4;4020313.0;2019;4;18;6;3;0;1;0;1;0;0;0;0;0;0;0;0;1
11;12;12214527.0;2019;4;15;5;3;0;1;0;1;0;0;0;0;0;0;0;0;1
11;8;8010117.0;2019;4;19;5;3;6;4;0;1;0;1;0;0;0;0;0;0;1
11;1;1011101.0;2019;4;16;5;3;0;2;0;1;1;0;0;0;0;0;0;0;1
11;2;2010104.0;2019;4;20;5;3;6;4;2;0;0;1;1;0;0;0;0;0;1
11;9;9041601.0;2019;4;14;5;3;2;2;0;1;0;0;0;0;1;0;0;0;1
11;12;12301203.0;2019;4;20;5;3;1;5;1;0;1;0;1;0;0;0;0;0;1
11;11;11041128.0;2019;4;20;5;3;1;5;1;0;1;0;1;0;0;0;0;0;1
11;9;9051901.0;2019;4;14;5;3;5;5;0;1;1;0;0;0;0;0;0;0;1
11;10;10020416.0;2019;4;5;5;3;5;7;0;0;1;0;1;0;0;0;0;0;1
11;4;4030931.0;2019;4;20;5;2;5;7;0;0;1;0;1;0;0;0;0;0;1
11;6;6010209.0;2019;4;19;5;3;5;3;1;1;1;0;0;0;0;0;0;0;1
11;10;10010203.0;2019;4;12;5;3;5;2;0;0;1;0;0;0;0;0;0;0;1
11;8;8020625.0;2019;4;12;5;3;6;4;0;0;1;1;0;0;0;0;0;0;1
11;1;1033102.0;2019;4;11;5;3;6;7;0;0;0;1;0;0;1;0;0;0;1
11;2;2030301.0;2019;4;19;5;3;5;3;0;1;1;0;0;0;0;0;0;0;1
11;6;6020409.0;2019;4;19;5;3;2;6;1;0;1;0;0;0;0;0;0;0;1
11;2;2050601.0;2019;4;18;5;3;6;2;0;0;1;1;0;0;0;0;0;0;1
11;4;4051655.0;2019;4;18;5;3;5;3;0;1;1;0;0;0;0;0;0;0;1
11;2;2050601.0;2019;4;18;5;3;5;2;0;1;1;0;0;0;0;0;0;0;1
11;1;1011302.0;2019;4;10;5;3;4;6;0;1;0;0;0;0;1;0;0;0;1
11;12;12302110.0;2019;4;8;5;3;5;2;0;1;1;0;0;0;0;0;0;0;1
11;1;1022204.0;2019;4;7;5;3;1;5;0;1;1;0;0;0;0;0;0;0;1
11;5;5010314.0;2019;4;5;5;3;2;7;0;0;0;0;1;0;1;0;0;0;1
11;12;12103115.0;2019;4;12;5;3;5;2;0;0;1;0;0;0;0;0;0;0;1
11;5;5030730.0;2019;4;12;5;3;2;6;0;0;1;0;0;0;0;0;0;0;1
11;1;1011301.0;2019;4;11;5;3;0;1;0;1;0;0;0;0;0;0;0;0;1
11;6;6030609.0;2019;4;4;5;3;1;1;2;1;1;0;0;0;0;0;0;0;1
11;3;3030715.0;2019;4;17;5;3;5;2;0;0;1;0;1;0;0;0;0;0;1
11;1;1033102.0;2019;4;17;5;3;2;6;0;0;1;0;0;0;0;0;0;0;1
11;1;1011103.0;2019;4;16;5;3;0;6;0;0;1;0;0;0;1;0;0;0;1
11;9;9010101.0;2019;4;16;5;3;5;2;0;1;1;0;0;0;0;0;0;0;1
11;1;1011201.0;2019;4;15;5;3;5;3;0;1;1;0;0;0;0;0;0;0;1
11;4;4051448.0;2019;4;15;5;3;2;2;0;0;1;0;0;0;1;0;0;0;1
11;5;5010311.0;2019;4;15;5;3;2;6;0;0;1;0;0;0;0;0;0;0;1
11;4;4051549.0;2019;4;15;5;3;5;7;0;0;1;0;0;0;0;0;0;0;1
11;5;5020523.0;2019;4;14;5;3;5;3;0;0;1;0;0;0;0;0;0;0;1
11;7;7040405.0;2019;4;14;5;3;5;2;0;0;1;0;0;0;0;0;0;0;1
11;10;10030724.0;2019;4;17;4;3;2;3;0;1;1;0;0;0;0;0;0;0;1
11;6;6040810.0;2019;4;17;4;3;1;1;0;1;1;0;0;0;0;0;0;0;1
11;1;1044201.0;2019;4;9;4;3;3;6;0;0;1;0;0;1;0;0;0;0;1
11;1;1011302.0;2019;4;12;4;3;6;7;0;0;1;1;0;0;0;0;0;0;1
11;1;1033102.0;2019;4;19;4;3;0;1;0;0;1;0;1;0;0;0;0;0;1
11;1;1011401.0;2019;4;23;4;3;1;5;2;1;1;0;0;0;0;0;0;0;1
11;6;6020409.0;2019;4;23;4;3;8;1;2;0;1;0;0;0;0;0;0;0;1
11;3;3040512.0;2019;4;22;4;3;5;3;2;0;1;0;0;0;0;0;0;0;1
11;6;6040701.0;2019;4;22;4;3;0;1;2;1;0;0;0;0;0;0;0;0;1
11;5;5020415.0;2019;4;22;4;2;5;3;2;0;1;0;0;0;1;0;0;0;1
11;12;12302109.0;2019;4;20;4;3;6;7;1;0;1;1;0;0;0;0;0;0;1
11;4;4020314.0;2019;4;20;4;3;3;2;2;0;0;0;1;1;0;0;0;0;1
11;5;5010312.0;2019;4;18;4;3;2;6;0;0;1;0;0;0;0;0;0;0;1
11;1;1044103.0;2019;4;11;4;3;1;7;0;1;1;0;0;0;0;0;0;0;1
11;9;9020802.0;2019;4;10;4;3;5;3;0;1;1;0;0;0;0;0;0;0;1
11;7;7070701.0;2019;4;10;4;3;5;2;0;0;1;0;0;0;0;0;0;0;1
11;3;3071638.0;2019;4;10;4;3;3;6;0;1;1;0;0;0;0;0;0;0;1
11;4;4030931.0;2019;4;17;4;3;6;7;0;1;0;0;0;0;1;0;0;0;1
11;5;5030833.0;2019;4;9;4;3;2;6;0;0;1;0;0;0;1;0;0;0;1
11;9;9010301.0;2019;4;9;4;3;5;3;0;1;1;0;0;0;0;0;0;0;1
11;2;2030301.0;2019;4;9;4;3;6;4;0;1;0;1;0;0;0;0;0;0;1
11;2;2050801.0;2019;4;9;4;3;3;6;0;1;0;0;1;0;0;0;0;0;1
11;5;5020625.0;2019;4;8;4;3;2;6;0;0;1;0;0;0;0;0;0;0;1
11;3;3050920.0;2019;4;8;4;3;5;3;0;0;1;0;0;0;1;0;0;0;1
11;5;5010101.0;2019;4;16;4;3;6;7;0;0;1;1;0;0;0;0;0;0;1
11;3;3020209.0;2019;4;7;4;3;0;3;0;0;1;0;1;0;0;0;0;0;1
11;1;1044201.0;2019;4;12;4;3;5;3;0;1;1;0;0;0;0;0;0;0;1
11;11;11030721.0;2019;4;9;4;2;5;3;0;0;1;0;1;0;0;0;0;0;1
11;3;3040512.0;2019;4;13;4;3;8;1;0;0;1;0;0;0;0;0;0;0;1
11;1;1044103.0;2019;4;13;4;3;6;4;0;1;0;1;0;0;0;0;0;0;1
11;11;11010102.0;2019;4;14;4;3;2;2;0;1;1;0;0;0;0;0;0;0;1
11;10;10040933.0;2019;4;14;4;3;5;3;0;0;1;0;0;1;0;0;0;0;1
11;9;9041601.0;2019;4;15;4;3;4;6;0;0;1;0;0;1;0;0;0;0;1
11;7;7040401.0;2019;4;15;4;3;2;6;0;0;1;0;0;0;0;0;0;0;1
11;4;4051445.0;2019;4;15;4;3;5;3;0;0;1;0;1;0;0;0;0;0;1
11;1;1011302.0;2019;4;15;4;3;5;2;0;1;1;0;0;0;0;0;0;0;1
11;5;5030731.0;2019;4;15;4;3;1;5;0;0;1;0;1;0;0;0;0;0;1
11;5;5010206.0;2019;4;16;4;2;2;1;0;0;1;0;1;0;0;0;0;0;1
11;2;2050803.0;2019;4;16;4;3;0;5;0;1;1;0;0;0;0;0;0;0;1
11;3;3071536.0;2019;4;16;4;3;6;4;0;1;0;1;0;0;0;0;0;0;1
11;9;9051901.0;2019;4;16;4;3;2;6;0;0;0;0;1;0;1;0;0;0;1
11;8;8020620.0;2019;4;16;4;2;2;1;0;0;1;0;0;0;0;0;0;0;1
11;3;3050924.0;2019;4;16;4;3;0;1;0;1;0;0;0;0;0;0;0;0;1
11;5;5020628.0;2019;4;11;4;2;0;7;0;0;1;0;0;0;0;0;0;0;1
11;2;2010103.0;2019;4;16;3;3;0;5;0;0;1;0;1;0;0;0;0;0;1
11;2;2050601.0;2019;4;15;3;3;5;2;0;1;1;0;0;0;0;0;0;0;1
11;2;2050801.0;2019;4;18;3;3;5;3;0;0;1;0;0;0;0;0;0;0;1
11;9;9041501.0;2019;4;11;3;3;5;3;0;1;0;0;0;0;1;0;0;0;1
11;2;2020203.0;2019;4;9;3;3;5;2;0;1;1;0;0;0;0;0;0;0;1
11;2;2020206.0;2019;4;10;3;3;2;6;0;1;1;0;0;0;0;0;0;0;1
11;1;1011301.0;2019;4;9;3;3;5;2;0;1;1;0;0;0;0;0;0;0;1
11;1;1033102.0;2019;4;8;3;3;6;6;0;1;0;1;0;0;0;0;0;0;1
11;1;1011202.0;2019;4;17;3;3;0;7;0;0;0;0;1;0;0;0;0;0;1
11;12;12214424.0;2019;4;20;3;3;2;6;2;0;1;0;0;0;0;0;0;0;1
11;11;11040926.0;2019;4;19;3;3;5;2;1;1;1;0;0;0;0;0;0;0;1
11;2;2020206.0;2019;4;10;3;3;6;4;0;1;0;1;0;0;0;0;0;0;1
11;12;12214421.0;2019;4;18;3;3;3;6;0;0;1;0;0;0;0;0;0;0;1
11;5;5010312.0;2019;4;7;3;3;2;6;0;0;1;0;0;0;0;0;0;0;1
11;10;10020414.0;2019;4;18;3;3;4;5;0;0;1;0;1;0;0;0;0;0;1
11;8;8010117.0;2019;4;18;3;3;5;3;0;1;1;0;0;0;0;0;0;0;1
11;2;2040503.0;2019;4;6;3;3;5;3;0;0;0;0;1;0;1;0;0;0;1
11;7;7030301.0;2019;4;18;3;3;2;6;0;0;1;0;0;0;0;0;0;0;1
11;7;7010101.0;2019;4;9;3;3;5;2;0;1;1;0;0;0;0;0;0;0;1
11;2;2010101.0;2019;4;8;3;3;2;6;0;0;1;0;0;0;0;0;0;0;1
11;3;3061430.0;2019;4;3;3;2;5;2;2;0;1;0;1;0;0;0;0;0;1
11;12;12302110.0;2019;4;9;3;3;0;2;0;0;1;0;0;0;1;0;0;0;1
11;2;2030401.0;2019;4;22;3;3;0;6;2;0;1;0;1;0;0;0;0;0;1
11;8;8010117.0;2019;4;21;3;3;5;2;2;1;1;0;0;0;0;0;0;0;1
11;7;7030301.0;2019;4;17;3;3;1;5;0;1;1;0;0;0;0;0;0;0;1
11;9;9010401.0;2019;4;16;3;3;3;6;0;0;1;0;1;0;0;0;0;0;1
11;4;4051448.0;2019;4;16;3;3;1;5;0;1;1;0;0;0;0;0;0;0;1
11;7;7050505.0;2019;4;15;3;2;4;6;0;0;1;0;0;0;0;0;0;0;1
11;6;6010205.0;2019;4;14;3;3;3;6;0;0;1;0;0;1;0;0;0;0;1
11;9;9020802.0;2019;4;11;3;3;6;2;0;0;1;1;0;0;0;0;0;0;1
11;5;5020626.0;2019;4;11;3;3;2;6;0;0;1;0;0;0;0;0;0;0;1
11;2;2030401.0;2019;4;23;3;3;0;1;2;0;0;0;1;0;0;0;0;0;1
11;8;8010301.0;2019;4;14;2;3;1;5;0;1;0;0;0;0;1;0;0;0;1
11;1;1022206.0;2019;4;13;4;2;6;4;0;0;1;1;0;0;0;0;0;0;1
11;4;4030623.0;2019;4;8;4;3;2;6;0;0;1;0;0;0;0;0;0;0;1
11;11;11030618.0;2019;4;15;2;3;6;7;0;0;0;1;0;0;1;0;0;0;1
11;1;1011306.0;2019;4;6;2;3;5;3;0;1;1;0;0;0;0;0;0;0;1
11;10;10030727.0;2019;4;5;2;3;5;3;1;1;1;0;0;0;0;0;0;0;1
11;2;2020205.0;2019;4;17;2;3;1;5;0;1;0;0;0;0;1;0;0;0;1
11;4;4051448.0;2019;4;18;2;3;5;2;0;0;1;0;1;0;0;0;0;0;1
11;2;2020204.0;2019;4;19;2;3;2;6;0;1;1;0;0;0;0;0;0;0;1
11;9;9010301.0;2019;4;19;2;3;6;2;0;0;1;1;0;0;0;0;0;0;1
11;3;3040513.0;2019;4;18;2;3;5;3;0;1;1;0;0;0;0;0;0;0;1
11;8;8020728.0;2019;4;18;2;2;6;4;0;0;1;1;0;0;0;0;0;0;1
11;8;8020619.0;2019;4;16;2;3;5;2;0;1;1;0;0;0;0;0;0;0;1
11;8;8010213.0;2019;4;16;2;3;0;5;0;0;1;0;1;0;0;0;0;0;1
11;2;2030302.0;2019;4;9;4;3;3;6;0;1;0;0;0;1;0;0;0;0;1
11;8;8020625.0;2019;4;14;2;3;5;3;0;1;1;0;0;0;0;0;0;0;1
11;7;7030301.0;2019;4;16;2;3;5;3;0;0;1;0;0;0;0;0;0;0;1
11;5;5010311.0;2019;4;15;2;3;2;6;0;0;1;0;0;0;0;0;0;0;1
11;1;1011204.0;2019;4;15;2;3;5;2;0;0;1;0;1;0;0;0;0;0;1
11;10;10010309.0;2019;4;15;2;2;6;4;0;0;0;1;0;0;1;0;0;0;1
11;5;5020627.0;2019;4;14;2;3;2;6;0;0;1;0;0;0;0;0;0;0;1
11;9;9041601.0;2019;4;13;2;3;5;3;0;0;1;0;0;0;0;0;0;0;1
11;7;7050505.0;2019;4;12;2;3;3;6;0;0;1;0;0;0;0;0;0;0;1
11;9;9041501.0;2019;4;8;2;3;5;2;0;1;1;0;0;0;0;0;0;0;1
11;2;2010102.0;2019;4;9;2;3;5;3;0;1;1;0;0;0;0;0;0;0;1
11;8;8041040.0;2019;4;9;2;3;2;6;0;0;1;0;0;0;0;0;0;0;1
11;9;9051901.0;2019;4;11;2;3;5;3;0;1;1;0;0;0;0;0;0;0;1
11;8;8040933.0;2019;4;10;2;3;5;3;0;1;1;0;0;0;0;0;0;0;1
11;7;7040401.0;2019;4;10;2;3;5;2;0;1;1;0;0;0;0;0;0;0;1
11;2;2020205.0;2019;4;11;2;3;1;5;0;0;1;0;1;0;0;0;0;0;1
11;2;2030401.0;2019;4;11;2;3;0;3;0;0;1;0;0;0;1;0;0;0;1
11;9;9030901.0;2019;4;12;2;3;2;6;0;0;1;0;0;0;0;0;0;0;1
11;1;1011401.0;2019;4;12;2;3;0;1;0;1;0;0;0;0;0;0;0;0;1
11;7;7010104.0;2019;4;12;1;3;2;7;0;0;1;0;0;0;0;1;0;0;1
11;6;6030504.0;2019;4;11;1;3;5;3;0;0;1;0;0;0;0;1;0;0;1
11;4;4041136.0;2019;4;11;1;3;5;3;0;0;1;0;0;0;0;1;0;0;1
11;3;3030406.0;2019;4;11;1;3;5;3;0;0;1;0;0;0;0;1;0;0;1
11;9;9010101.0;2019;4;9;1;3;5;3;0;0;1;0;0;0;0;1;0;0;1
11;10;10020412.0;2019;4;5;1;3;1;5;1;0;1;0;0;0;1;1;0;0;1
11;9;9041301.0;2019;4;16;1;2;5;2;0;0;1;0;0;0;0;0;0;0;1
11;4;4030725.0;2019;4;16;1;2;5;2;0;0;1;0;1;0;0;0;0;0;1
11;5;5010103.0;2019;4;20;1;3;1;5;2;1;1;0;0;0;0;0;0;0;1
11;6;6040804.0;2019;4;22;1;3;5;3;2;0;1;0;1;0;0;0;0;0;1
11;6;6030610.0;2019;4;10;7;3;3;6;0;0;1;0;0;0;0;0;0;0;1
11;8;8010301.0;2019;4;15;7;3;3;6;0;0;1;0;0;0;0;0;0;0;1
11;4;4030931.0;2019;4;18;7;3;1;5;0;1;1;0;0;0;0;0;0;0;1
11;1;1022204.0;2019;4;22;7;2;5;2;2;1;1;0;0;0;0;0;0;0;1
11;1;1011302.0;2019;4;19;7;3;5;2;0;1;1;0;0;0;0;0;0;0;1
11;3;3071633.0;2019;4;18;7;3;5;3;0;0;1;0;0;0;0;0;0;0;1
11;8;8010118.0;2019;4;18;7;3;5;3;0;0;1;0;0;0;0;0;0;0;1
11;7;7030301.0;2019;4;16;7;3;6;4;0;0;1;1;0;0;0;0;0;0;1
11;6;6010206.0;2019;4;14;7;3;1;5;0;1;1;0;0;0;0;0;0;0;1
11;11;11030720.0;2019;4;13;7;3;2;6;0;0;1;0;0;0;0;0;0;0;1
11;4;4030931.0;2019;4;12;7;2;6;4;0;0;1;1;0;0;0;0;0;0;1
11;10;10020414.0;2019;4;12;7;3;2;4;0;0;1;1;0;0;0;0;0;0;1
11;3;3010102.0;2019;4;11;7;3;5;3;0;1;1;0;0;0;0;0;0;0;1
11;1;1022206.0;2019;4;10;7;2;6;4;0;0;1;1;0;0;0;0;0;0;1
11;1;1022201.0;2019;4;0;7;3;4;6;2;0;1;0;0;0;0;0;0;0;1
11;7;7030301.0;2019;4;10;6;3;6;4;0;0;1;1;0;0;0;0;0;0;1
11;7;7040404.0;2019;4;14;6;3;5;5;0;0;1;0;0;0;0;0;0;0;1
11;4;4010101.0;2019;4;14;6;3;5;2;0;0;1;0;1;0;0;0;0;0;1
11;5;5010314.0;2019;4;11;4;3;0;2;0;0;1;0;0;0;1;0;0;0;1
11;12;12304313.0;2019;4;14;6;2;5;3;0;0;1;0;1;0;0;0;0;0;1
11;12;12214424.0;2019;4;13;6;3;1;5;0;0;1;0;0;0;1;0;0;0;1
11;8;8020625.0;2019;4;11;6;3;5;3;0;1;1;0;0;0;0;0;0;0;1
11;1;1033102.0;2019;4;11;6;3;5;3;0;1;1;0;0;0;0;0;0;0;1
11;11;11030721.0;2019;4;10;6;3;5;2;0;1;1;0;0;0;0;0;0;0;1
11;4;4020313.0;2019;4;9;6;3;3;6;0;0;1;0;0;0;1;0;0;0;1
11;3;3040818.0;2019;4;8;6;3;1;5;0;1;1;0;0;0;0;0;0;0;1
11;1;1011203.0;2019;4;8;6;3;3;6;0;1;0;0;0;1;0;0;0;0;1
11;1;1011103.0;2019;4;12;6;3;2;1;0;0;1;0;1;0;0;0;0;0;1
11;8;8041038.0;2019;4;7;6;3;5;3;0;1;1;0;0;0;0;0;0;0;1
11;2;2020204.0;2019;4;13;6;3;2;6;0;0;1;0;0;0;1;0;0;0;1
11;12;12301203.0;2019;4;10;6;3;5;2;0;0;1;0;0;0;1;0;0;0;1
11;1;1011203.0;2019;4;8;6;3;5;3;0;1;1;0;0;0;0;0;0;0;1
11;9;9041501.0;2019;4;8;6;2;6;4;0;0;1;1;0;0;0;0;0;0;1
11;9;9030901.0;2019;4;23;6;3;1;5;2;0;1;0;0;0;0;0;0;0;1
11;8;8030830.0;2019;4;21;6;3;5;3;2;0;1;0;0;0;0;0;0;0;1
11;2;2020206.0;2019;4;19;6;3;5;7;1;0;1;0;0;0;0;0;0;0;1
11;5;5010314.0;2019;4;17;6;2;6;4;0;0;1;1;0;0;0;0;0;0;1
11;1;1011101.0;2019;4;17;6;3;0;1;0;0;1;0;0;0;0;0;0;0;1
11;6;6030501.0;2019;4;17;6;3;5;3;0;1;1;0;0;0;0;0;0;0;1
11;3;3051017.0;2019;4;6;6;3;5;3;0;0;1;0;0;0;0;0;0;0;1
11;5;5040937.0;2019;4;3;6;2;8;1;2;0;1;0;0;0;1;0;0;0;1
11;9;9010202.0;2019;4;9;5;3;5;3;0;1;1;0;0;0;0;0;0;0;1
11;4;4051445.0;2019;4;9;5;3;6;2;0;0;1;1;0;0;0;0;0;0;1
11;1;1044202.0;2019;4;19;5;2;6;4;1;0;1;1;0;0;0;0;0;0;1
11;4;4020310.0;2019;4;14;5;3;2;6;0;0;1;0;0;1;0;0;0;0;1
11;2;2030302.0;2019;4;19;5;3;5;2;0;1;1;0;0;0;0;0;0;0;1
11;6;6040807.0;2019;4;14;5;3;5;2;0;1;0;0;1;0;0;0;0;0;1
11;6;6020410.0;2019;4;14;5;3;5;3;0;1;1;0;0;0;0;0;0;0;1
11;1;1022106.0;2019;4;17;5;3;0;1;1;1;0;0;0;0;0;0;0;0;1
11;1;1011305.0;2019;4;13;5;3;5;3;0;1;1;0;0;0;0;0;0;0;1
11;6;6010206.0;2019;4;17;5;3;5;3;0;0;1;0;1;0;1;0;0;0;1
11;12;12304313.0;2019;4;12;5;3;5;2;0;0;1;0;0;0;1;0;0;0;1
11;9;9041301.0;2019;4;12;5;3;5;2;0;1;1;0;0;0;0;0;0;0;1
11;10;10010308.0;2019;4;11;5;3;2;6;0;0;1;0;0;0;0;0;0;0;1
11;1;1033102.0;2019;4;10;5;3;5;2;0;1;1;0;0;0;0;0;0;0;1
11;7;7040403.0;2019;4;17;5;3;0;2;0;0;1;0;0;0;1;0;0;0;1
11;1;1033202.0;2019;4;10;5;3;6;4;0;0;1;1;0;0;0;0;0;0;1
11;12;12214527.0;2019;4;9;5;3;6;4;0;0;1;1;0;0;0;0;0;0;1
11;1;1011302.0;2019;4;9;5;3;3;6;0;1;1;0;0;0;0;0;0;0;1
11;6;6020305.0;2019;4;8;5;3;5;2;0;1;1;0;0;0;0;0;0;0;1
11;3;3061228.0;2019;4;8;5;3;2;6;0;0;1;0;0;0;1;0;0;0;1
11;1;1022205.0;2019;4;7;5;3;5;3;0;1;1;0;0;0;0;0;0;0;1
11;4;4041137.0;2019;4;7;5;3;5;3;0;0;0;0;1;1;0;0;0;0;1
11;1;1011302.0;2019;4;7;5;2;0;1;0;0;0;0;1;0;0;1;0;0;1
11;7;7040403.0;2019;4;20;4;3;5;2;2;1;1;0;0;0;0;0;0;0;1
11;1;1011201.0;2019;4;9;4;2;1;5;0;1;1;0;0;0;0;0;0;0;1
11;7;7050505.0;2019;4;9;5;3;0;1;0;0;0;0;1;0;0;0;0;0;1
11;1;1011303.0;2019;4;16;5;2;6;4;0;0;1;1;0;0;0;0;0;0;1
11;7;7070703.0;2019;4;16;5;3;2;6;0;0;1;0;0;0;0;0;0;0;1
11;11;11020513.0;2019;4;15;5;3;5;2;0;0;1;0;0;0;1;0;0;0;1
11;2;2020203.0;2019;4;18;5;3;5;3;0;0;1;0;0;0;1;0;0;0;1
11;9;9020501.0;2019;4;16;4;3;5;2;0;1;1;0;0;0;0;0;0;0;1
11;12;12224230.0;2019;4;16;4;3;5;2;0;1;1;0;0;0;0;0;0;0;1
11;9;9051702.0;2019;4;17;4;3;5;3;0;1;1;0;0;0;0;0;0;0;1
11;7;7070704.0;2019;4;18;4;3;5;2;1;1;1;0;0;0;0;0;0;0;1
11;9;9010402.0;2019;4;13;4;3;1;5;0;0;1;0;0;0;0;0;0;0;1
11;11;11030824.0;2019;4;13;4;3;6;4;0;0;1;1;0;0;0;0;0;0;1
11;4;4030519.0;2019;4;12;4;3;5;2;0;1;0;0;0;0;1;0;0;0;1
11;2;2040503.0;2019;4;12;4;3;2;6;0;0;1;0;0;0;0;0;0;0;1
11;6;6010205.0;2019;4;11;4;3;6;4;0;0;0;1;0;0;1;0;0;0;1
11;3;3071536.0;2019;4;20;4;3;0;6;2;1;1;0;0;0;0;0;0;0;1
11;8;8010214.0;2019;4;9;4;3;2;7;0;0;0;0;1;0;1;0;0;0;1
11;9;9052001.0;2019;4;9;3;3;6;7;0;0;1;1;0;0;0;0;0;0;1
11;3;3061228.0;2019;4;9;3;3;6;2;0;0;1;1;0;0;0;0;0;0;1
11;4;4030623.0;2019;4;14;3;3;0;3;0;1;0;0;1;0;0;0;0;0;1
11;1;1044101.0;2019;4;9;3;3;2;6;0;0;1;0;0;0;1;0;0;0;1
11;5;5030730.0;2019;4;6;3;2;5;2;0;1;0;0;0;0;1;0;0;0;1
11;4;4051656.0;2019;4;14;2;3;6;4;0;1;0;1;0;0;0;0;0;0;1
11;1;1011105.0;2019;4;8;3;2;5;3;0;1;1;0;0;0;0;0;0;0;1
11;6;6040810.0;2019;4;8;3;3;5;3;0;1;1;0;0;0;0;0;0;0;1
11;4;4051549.0;2019;4;8;3;3;0;2;0;1;1;0;0;0;0;0;0;0;1
11;6;6030605.0;2019;4;8;3;3;5;3;0;1;1;0;0;0;0;0;0;0;1