LAND;BEZ;LOR_ab_2021;UJAHR;UMONAT;USTUNDE;UWOCHENTAG;UKATEGORIE;UART;UTYP1;ULICHTVERH;IstRad;IstPKW;IstFuss;IstKrad;IstGkfz;IstSonstige;USTRZUSTAND;LOCKDOWN;COVID;FERIEN
11;9;9041501.0;2019;5;9;5;2;6;3;0;0;1;1;0;0;0;0;0;0;0
11;4;4051652.0;2019;5;8;5;3;3;6;0;1;1;0;0;0;0;0;0;0;0
11;1;1011302.0;2019;5;9;5;3;5;3;0;1;0;0;0;0;1;0;0;0;0
11;8;8010404.0;2019;5;7;5;3;2;3;0;1;0;0;0;0;0;0;0;0;0
11;2;2020201.0;2019;5;7;5;3;5;2;0;1;1;0;0;0;0;1;0;0;0
11;10;10020622.0;2019;5;7;5;3;5;3;0;1;1;0;0;0;0;0;0;0;0
11;2;2050601.0;2019;5;7;5;3;5;2;0;1;0;0;0;0;1;1;0;0;0
11;12;12214422.0;2019;5;7;5;3;5;2;0;1;0;0;0;0;1;0;0;0;0
11;10;10030724.0;2019;5;14;5;3;5;2;0;0;0;0;1;0;1;1;0;0;0
11;12;12103115.0;2019;5;13;5;3;5;3;0;1;1;0;0;0;0;1;0;0;0
11;2;2050601.0;2019;5;13;5;2;4;6;0;0;1;0;0;1;0;1;0;0;0
11;5;5020523.0;2019;5;13;5;2;5;2;0;0;1;0;0;0;0;0;0;0;0
11;9;9052001.0;2019;5;12;5;3;5;2;0;1;0;0;0;0;0;0;0;0;0
11;1;1011105.0;2019;5;11;5;2;5;3;0;0;1;0;0;0;0;0;0;0;0
11;4;4041137.0;2019;5;10;5;3;5;2;0;0;1;0;0;0;0;0;0;0;0
11;4;4020208.0;2019;5;10;5;3;6;2;0;0;1;1;0;0;0;0;0;0;0
11;10;10020414.0;2019;5;6;4;3;5;2;0;1;1;0;0;0;0;0;0;0;0
11;11;11041128.0;2019;5;10;4;3;3;6;0;0;0;0;1;0;1;0;0;0;0
11;3;3071537.0;2019;5;13;4;3;5;2;0;1;1;0;0;0;0;0;0;0;0
11;5;5040934.0;2019;5;10;4;3;2;6;0;0;1;0;0;0;0;0;0;0;0
11;7;7030303.0;2019;5;20;4;3;6;4;0;0;1;1;0;0;0;0;0;0;0
11;5;5040936.0;2019;5;18;4;3;5;3;0;0;1;0;0;0;0;0;0;0;0
11;2;2050802.0;2019;5;8;4;3;0;6;0;1;1;0;0;0;0;0;0;0;0
11;11;11041022.0;2019;5;7;4;2;6;4;0;0;0;1;0;0;1;0;0;0;0
11;5;5010101.0;2019;5;21;4;3;5;3;2;1;1;0;0;0;0;0;0;0;0
11;3;3061228.0;2019;5;20;4;2;5;2;1;1;1;0;0;0;0;0;0;0;0
11;10;10040933.0;2019;5;16;4;3;5;3;0;1;1;0;0;0;0;0;0;0;0
11;7;7030303.0;2019;5;16;4;3;5;2;0;0;1;0;1;0;0;0;0;0;0
11;8;8041036.0;2019;5;15;4;3;5;3;0;1;1;0;0;0;0;0;0;0;0
11;1;1011303.0;2019;5;15;4;3;2;2;0;1;1;0;0;0;0;0;0;0;0
11;1;1022206.0;2019;5;17;4;3;2;6;0;0;1;0;0;0;0;0;0;0;0
11;4;4020310.0;2019;5;17;4;3;5;3;0;0;1;0;0;0;0;0;0;0;0
11;1;1011303.0;2019;5;16;4;3;2;6;0;0;1;0;1;0;0;0;0;0;0
11;4;4030930.0;2019;5;16;4;3;2;6;0;0;1;0;0;0;0;0;0;0;0
11;6;6040805.0;2019;5;16;4;3;0;1;0;1;0;0;0;0;0;0;0;0;0
11;7;7030303.0;2019;5;15;4;3;2;6;0;0;1;0;0;0;0;0;0;0;0
11;7;7040403.0;2019;5;14;4;3;3;6;0;0;1;0;1;0;0;0;0;0;0
11;5;5010101.0;2019;5;7;4;2;5;3;0;1;1;0;0;0;0;0;0;0;0
11;2;2010101.0;2019;5;13;4;3;0;2;0;1;0;0;0;0;1;0;0;0;0
11;2;2050801.0;2019;5;15;4;2;0;1;0;0;0;0;1;0;0;0;0;0;0
11;4;4010101.0;2019;5;14;4;3;2;6;0;0;1;0;0;0;0;0;0;0;0
11;1;1044101.0;2019;5;13;4;2;5;2;0;0;1;0;1;0;0;0;0;0;0
11;9;9041301.0;2019;5;13;4;3;2;6;0;0;1;0;0;0;0;0;0;0;0
11;6;6030503.0;2019;5;12;4;3;6;7;0;0;1;1;0;0;0;0;0;0;0
11;8;8041037.0;2019;5;12;4;3;6;7;0;0;1;1;0;0;0;0;0;0;0
11;1;1011303.0;2019;5;11;4;3;2;6;0;0;1;0;0;0;0;0;0;0;0
11;8;8010213.0;2019;5;11;4;3;5;2;0;1;1;0;0;0;0;0;0;0;0
11;1;1011204.0;2019;5;9;4;3;5;2;0;0;1;0;1;0;0;0;0;0;0
11;1;1033202.0;2019;5;9;4;3;5;3;0;1;1;0;0;0;0;0;0;0;0
11;2;2030402.0;2019;5;9;4;3;5;2;0;0;1;0;1;0;0;0;0;0;0
11;8;8010509.0;2019;5;9;4;3;0;1;0;0;0;0;1;0;0;0;0;0;0
11;4;4041134.0;2019;5;9;4;2;2;6;0;0;1;0;0;0;0;0;0;0;0
11;5;5020417.0;2019;5;9;4;3;5;3;0;0;1;0;0;0;0;0;0;0;0
11;9;9020701.0;2019;5;9;4;3;5;3;0;0;1;0;0;0;0;0;0;0;0
11;3;3040818.0;2019;5;8;4;3;2;2;0;0;1;0;0;0;0;0;0;0;0
11;2;2040701.0;2019;5;8;4;3;5;2;0;1;1;0;0;0;0;0;0;0;0
11;11;11020513.0;2019;5;8;4;3;0;2;0;0;0;0;0;1;1;0;0;0;0
11;4;4030828.0;2019;5;7;4;3;0;5;0;1;1;0;0;0;0;0;0;0;0
11;1;1022202.0;2019;5;6;4;3;5;2;0;0;1;0;1;0;0;0;0;0;0
11;4;4020311.0;2019;5;8;3;3;0;6;0;0;1;0;0;0;0;0;0;0;0
11;1;1011101.0;2019;5;19;3;3;0;3;0;0;1;0;1;0;0;0;0;0;0
11;1;1011103.0;2019;5;19;3;3;5;3;0;1;1;0;0;0;0;0;0;0;0
11;2;2040703.0;2019;5;19;3;3;1;5;0;1;1;0;0;0;0;0;0;0;0
11;2;2030301.0;2019;5;22;3;3;1;5;2;1;1;0;0;0;0;0;0;0;0
11;3;3061429.0;2019;5;18;3;3;6;6;0;1;0;1;0;0;0;0;0;0;0
11;12;12302107.0;2019;5;18;3;3;5;2;0;0;1;0;1;0;0;0;0;0;0
11;7;7050503.0;2019;5;18;3;3;0;1;0;0;1;0;0;0;0;0;0;0;0
11;11;11020514.0;2019;5;13;3;3;2;6;0;0;1;0;0;0;0;0;0;0;0
11;8;8010214.0;2019;5;17;3;3;5;2;0;0;1;0;1;0;0;0;0;0;0
11;9;9020702.0;2019;5;17;3;2;0;1;0;1;1;0;0;0;0;0;0;0;0
11;3;3050924.0;2019;5;17;3;3;4;5;0;0;1;0;0;0;1;0;0;0;0
11;5;5010314.0;2019;5;16;3;3;2;6;0;0;1;0;0;0;0;0;0;0;0
11;3;3061228.0;2019;5;16;3;3;5;2;0;1;1;0;0;0;0;0;0;0;0
11;5;5010314.0;2019;5;15;3;3;2;6;0;0;1;0;1;0;0;0;0;0;0
11;4;4030622.0;2019;5;16;3;2;6;7;0;0;1;1;0;0;0;0;0;0;0
11;2;2050801.0;2019;5;15;3;2;3;6;0;1;1;0;0;0;0;0;0;0;0
11;2;2020203.0;2019;5;15;3;3;2;6;0;0;1;0;0;0;0;0;0;0;0
11;2;2050802.0;2019;5;12;3;3;1;5;0;1;1;0;0;0;0;0;0;0;0
11;4;4030518.0;2019;5;11;3;3;4;6;0;0;1;0;0;1;0;0;0;0;0
11;1;1011401.0;2019;5;10;3;3;3;6;0;1;1;0;0;0;0;0;0;0;0
11;4;4030929.0;2019;5;9;3;3;5;3;0;1;1;0;0;0;0;0;0;0;0
11;4;4030519.0;2019;5;8;3;3;5;3;0;0;1;0;1;0;0;0;0;0;0
11;12;12302107.0;2019;5;8;3;3;2;2;0;0;1;0;0;0;1;0;0;0;0
11;1;1011201.0;2019;5;7;3;3;1;5;0;1;1;0;0;0;0;0;0;0;0
11;12;12301205.0;2019;5;7;3;3;5;3;0;1;1;0;0;0;0;0;0;0;0
11;1;1011303.0;2019;5;7;3;3;3;6;0;0;1;0;0;0;0;0;0;0;0
11;12;12214421.0;2019;5;5;3;3;2;6;1;0;1;0;1;0;0;1;0;0;0
11;3;3061126.0;2019;5;15;2;2;5;2;0;1;1;0;0;0;0;0;0;0;0
11;6;6020409.0;2019;5;10;2;3;1;5;0;0;1;0;0;0;0;0;0;0;0
11;1;1011204.0;2019;5;16;2;3;2;2;0;0;1;0;0;0;1;0;0;0;0
11;1;1022104.0;2019;5;22;2;3;5;3;2;1;1;0;0;0;0;0;0;0;0
11;4;4030621.0;2019;5;20;2;2;6;4;2;0;1;1;0;0;0;0;0;0;0
11;1;1011305.0;2019;5;19;2;2;5;3;0;1;1;0;0;0;0;0;0;0;0
11;1;1011103.0;2019;5;19;2;3;2;6;2;0;1;0;0;0;0;0;0;0;0
11;2;2020202.0;2019;5;18;2;3;0;2;0;1;1;0;0;0;0;0;0;0;0
11;6;6040808.0;2019;5;18;2;3;2;6;0;0;1;0;0;0;0;1;0;0;0
11;7;7040403.0;2019;5;17;2;2;2;6;0;0;1;0;1;0;0;0;0;0;0
11;7;7010103.0;2019;5;16;2;3;5;3;0;1;1;0;0;0;0;0;0;0;0
11;11;11020412.0;2019;5;17;2;3;5;3;0;0;1;0;0;0;0;0;0;0;0
11;6;6040701.0;2019;5;16;2;3;1;5;0;1;1;0;0;0;0;0;0;0;0
11;6;6030610.0;2019;5;16;2;3;2;6;0;0;1;0;0;0;0;0;0;0;0
11;5;5010339.0;2019;5;17;2;3;1;5;0;0;1;0;0;0;1;0;0;0;0
11;3;3061126.0;2019;5;16;2;3;5;2;0;1;1;0;0;0;0;0;0;0;0
11;4;4030930.0;2019;5;16;2;3;0;3;0;0;1;0;0;0;1;0;0;0;0
11;8;8030831.0;2019;5;15;2;3;2;6;0;0;1;0;0;0;0;0;0;0;0
11;1;1011203.0;2019;5;15;2;3;1;5;0;1;1;0;0;0;1;0;0;0;0
11;3;3010102.0;2019;5;14;2;3;1;5;0;1;1;0;0;0;0;0;0;0;0
11;6;6040809.0;2019;5;14;2;3;5;2;0;1;1;0;0;0;0;0;0;0;0
11;4;4030623.0;2019;5;13;2;3;0;5;0;0;1;0;0;0;0;0;0;0;0
11;9;9041601.0;2019;5;13;2;3;5;3;0;1;1;0;0;0;0;0;0;0;0
11;12;12103115.0;2019;5;16;2;3;5;3;0;1;1;0;0;0;0;0;0;0;0
11;7;7040404.0;2019;5;13;2;3;5;3;0;1;1;0;0;0;0;0;0;0;0
11;6;6030608.0;2019;5;12;2;3;1;5;0;0;1;0;0;0;0;0;0;0;0
11;7;7050502.0;2019;5;11;2;2;3;6;0;1;0;0;0;1;0;0;0;0;0
11;7;7070702.0;2019;5;6;2;3;5;3;0;0;1;0;1;0;0;0;0;0;0
11;10;10020517.0;2019;5;7;2;3;6;2;0;0;1;1;0;0;0;0;0;0;0
11;4;4041241.0;2019;5;12;2;3;5;2;0;1;1;0;0;0;0;0;0;0;0
11;6;6040810.0;2019;5;7;2;3;6;4;0;1;0;1;0;0;0;0;0;0;0
11;8;8010509.0;2019;5;6;2;3;5;3;0;0;1;0;1;0;0;0;0;0;0
11;3;3020209.0;2019;5;6;2;3;5;3;0;0;1;0;1;0;0;0;0;0;0
11;6;6020304.0;2019;5;7;2;3;5;7;0;1;1;0;0;0;0;0;0;0;0
11;5;5010314.0;2019;5;7;2;3;5;2;0;0;1;0;0;0;0;0;0;0;0
11;12;12302110.0;2019;5;7;2;3;6;4;0;0;1;1;0;0;0;0;0;0;0
11;7;7040401.0;2019;5;8;2;2;5;3;0;0;1;0;0;0;0;0;0;0;0
11;6;6030607.0;2019;5;8;2;3;0;3;0;0;1;0;1;0;0;0;0;0;0
11;11;11041022.0;2019;5;8;2;2;6;4;0;0;1;1;0;0;0;0;0;0;0
11;1;1011203.0;2019;5;9;2;3;3;6;0;1;0;0;0;0;0;0;0;0;0
11;9;9020701.0;2019;5;9;2;3;3;6;0;0;1;0;0;0;1;0;0;0;0
11;4;4051655.0;2019;5;9;2;3;6;4;0;0;1;1;0;0;0;0;0;0;0
11;6;6040810.0;2019;5;10;2;3;5;2;0;0;1;0;0;0;0;0;0;0;0
11;1;1011304.0;2019;5;10;2;3;5;3;0;1;0;0;0;0;1;0;0;0;0
11;4;4020310.0;2019;5;10;2;2;2;6;0;0;1;0;0;0;0;0;0;0;0
11;4;4030929.0;2019;5;10;2;3;2;6;0;1;1;0;0;0;0;0;0;0;0
11;4;4030827.0;2019;5;11;2;3;1;5;0;1;1;0;0;0;0;0;0;0;0
11;9;9020601.0;2019;5;11;2;3;5;2;0;1;1;0;0;0;0;0;0;0;0
11;12;12103116.0;2019;5;11;2;3;6;4;0;0;1;1;0;0;0;0;0;0;0
11;5;5010312.0;2019;5;11;2;3;5;2;0;1;1;0;0;0;0;0;0;0;0
11;9;9051702.0;2019;5;12;2;3;0;1;0;1;0;0;0;0;0;0;0;0;0
11;5;5020417.0;2019;5;12;2;3;3;6;0;0;1;0;0;0;0;0;0;0;0
11;1;1033202.0;2019;5;5;1;3;6;4;1;1;0;1;0;0;0;0;0;0;0
11;1;1011201.0;2019;5;15;1;3;5;2;0;1;1;0;0;0;0;0;0;0;0
11;8;8010404.0;2019;5;17;1;3;0;7;0;0;1;0;1;0;0;0;0;0;0
11;6;6020303.0;2019;5;17;1;3;1;5;0;1;1;0;0;0;0;0;0;0;0
11;8;8010118.0;2019;5;14;1;3;5;2;0;1;1;0;0;0;0;0;0;0;0
11;3;3071537.0;2019;5;14;1;3;6;4;0;1;0;1;0;0;0;0;0;0;0
11;8;8010118.0;2019;5;12;1;3;6;4;0;0;0;1;1;0;0;0;0;0;0
11;2;2020204.0;2019;5;14;1;2;6;4;0;1;0;1;0;0;0;0;0;0;0
11;10;10020621.0;2019;5;18;1;2;6;4;0;0;1;1;0;0;0;0;0;0;0
11;8;8041037.0;2019;5;20;1;2;5;3;1;0;1;0;0;0;0;0;0;0;0
11;2;2010104.0;2019;5;11;1;2;6;4;0;0;1;1;0;0;0;0;0;0;0
11;8;8020726.0;2019;5;9;1;3;5;3;0;0;1;0;1;0;0;0;0;0;0
11;4;4030929.0;2019;5;8;1;2;0;2;0;0;1;0;0;0;0;0;0;0;0
11;12;12301205.0;2019;5;3;1;2;1;5;2;0;1;0;0;0;0;0;0;0;0
11;6;6010101.0;2019;5;13;1;3;2;6;0;0;1;0;0;0;1;0;0;0;0
11;12;12214527.0;2019;5;14;1;3;5;2;0;0;1;0;0;0;0;0;0;0;0
11;7;7010101.0;2019;5;16;7;2;6;2;0;0;0;1;0;0;1;0;0;0;0
11;4;4051655.0;2019;5;12;7;3;1;5;0;0;1;0;0;0;0;0;0;0;0
11;3;3040614.0;2019;5;19;7;3;5;2;1;1;1;0;0;0;0;0;0;0;0
11;1;1011402.0;2019;5;17;7;3;5;3;0;1;0;0;0;0;1;0;0;0;0
11;12;12302108.0;2019;5;21;7;2;6;4;2;0;1;1;0;0;0;0;0;0;0
11;12;12302108.0;2019;5;21;7;3;6;6;2;0;1;1;0;0;0;0;0;0;0
11;1;1044101.0;2019;5;19;7;3;5;2;0;1;1;0;0;0;0;0;0;0;0
11;9;9020802.0;2019;5;19;7;3;5;3;0;0;1;0;0;0;0;0;0;0;0
11;7;7050501.0;2019;5;17;7;3;5;2;0;0;1;0;1;0;0;0;0;0;0
11;9;9041501.0;2019;5;18;7;3;2;6;0;0;1;0;0;0;0;1;0;0;0
11;10;10040933.0;2019;5;18;7;2;1;5;0;0;1;0;1;0;0;0;0;0;0
11;1;1044202.0;2019;5;18;7;3;2;6;0;0;1;0;0;0;0;0;0;0;0
11;10;10020413.0;2019;5;17;7;3;5;3;0;0;1;0;1;0;0;0;0;0;0
11;1;1011306.0;2019;5;16;7;3;1;5;0;0;1;0;0;0;0;0;0;0;0
11;2;2030401.0;2019;5;1;7;3;5;3;2;0;1;0;0;0;0;1;0;0;0
11;5;5020523.0;2019;5;14;7;2;0;6;0;0;1;0;0;0;1;0;0;0;0
11;1;1044101.0;2019;5;14;7;3;6;4;0;0;1;1;0;0;0;1;0;0;0
11;10;10020413.0;2019;5;13;7;2;0;1;0;1;0;0;0;0;0;0;0;0;0
11;8;8041040.0;2019;5;13;7;3;5;2;0;1;1;0;0;0;0;0;0;0;0
11;12;12301206.0;2019;5;12;7;3;5;3;0;1;1;0;0;0;0;0;0;0;0
11;3;3030406.0;2019;5;11;7;3;5;3;0;0;1;0;0;0;0;0;0;0;0
11;6;6040701.0;2019;5;10;7;3;0;1;0;0;1;0;0;0;0;0;0;0;0
11;4;4051551.0;2019;5;3;6;3;1;1;2;0;1;0;0;0;0;0;0;0;0
11;10;10040933.0;2019;5;8;6;3;5;2;0;1;1;0;0;0;0;0;0;0;0
11;9;9051901.0;2019;5;12;6;3;6;7;0;0;1;1;0;0;0;0;0;0;0
11;5;5040936.0;2019;5;14;6;3;6;6;0;0;1;1;0;0;0;0;0;0;0
11;7;7030301.0;2019;5;22;6;3;2;2;2;0;1;0;0;0;0;0;0;0;0
11;7;7040403.0;2019;5;6;6;3;3;6;0;0;1;0;0;0;1;0;0;0;0
11;2;2030402.0;2019;5;21;6;3;6;4;2;1;0;1;0;0;0;0;0;0;0
11;8;8010303.0;2019;5;19;6;3;1;5;0;1;1;0;0;0;1;0;0;0;0
11;8;8010301.0;2019;5;7;6;3;5;3;0;0;1;0;0;0;0;0;0;0;0
11;12;12103219.0;2019;5;18;6;3;5;2;0;0;1;0;0;0;0;0;0;0;0
11;7;7010104.0;2019;5;18;6;3;1;5;0;1;1;0;0;0;1;0;0;0;0
11;11;11020411.0;2019;5;7;6;3;1;1;0;0;1;0;0;1;0;0;0;0;0
11;9;9020701.0;2019;5;17;6;3;5;3;0;1;1;0;0;0;0;0;0;0;0
11;1;1011302.0;2019;5;8;6;3;5;2;0;1;1;0;0;0;0;0;0;0;0
11;1;1011201.0;2019;5;8;6;3;1;5;0;1;1;0;0;0;0;0;0;0;0
11;6;6040701.0;2019;5;0;6;3;1;5;2;1;0;0;0;1;1;0;0;0;0
11;1;1011301.0;2019;5;8;6;3;2;6;0;0;1;0;1;0;0;0;0;0;0
11;5;5020626.0;2019;5;9;6;2;6;4;0;0;1;1;0;0;0;0;0;0;0
11;7;7060603.0;2019;5;9;6;2;6;4;0;0;1;1;0;0;0;0;0;0;0
11;1;1011204.0;2019;5;9;6;3;5;5;0;0;1;0;1;0;0;0;0;0;0
11;1;1022106.0;2019;5;10;6;3;1;5;0;0;1;0;1;0;0;0;0;0;0
11;6;6010209.0;2019;5;11;6;3;2;6;0;0;1;0;0;0;0;0;0;0;0
11;5;5020625.0;2019;5;12;6;3;2;6;0;0;1;0;0;0;0;0;0;0;0
11;8;8010301.0;2019;5;12;6;3;5;2;0;1;0;0;0;0;1;0;0;0;0
11;2;2020204.0;2019;5;13;6;2;5;3;0;0;1;0;1;0;0;0;0;0;0
11;6;6010101.0;2019;5;13;6;3;5;7;0;1;1;0;0;0;0;0;0;0;0
11;3;3061332.0;2019;5;13;6;3;0;7;0;0;1;0;1;0;0;0;0;0;0
11;1;1033102.0;2019;5;14;6;3;2;6;0;0;1;0;1;0;0;0;0;0;0
11;2;2020203.0;2019;5;15;6;3;5;7;0;0;1;0;1;0;0;0;0;0;0
11;12;12301203.0;2019;5;15;6;2;5;2;0;1;1;0;0;0;0;0;0;0;0
11;1;1011204.0;2019;5;16;5;3;1;5;0;1;1;0;0;0;1;0;0;0;0
11;3;3061429.0;2019;5;8;5;3;5;3;0;1;1;0;0;0;0;0;0;0;0
11;8;8010510.0;2019;5;6;5;2;2;7;0;0;1;0;1;0;0;0;0;0;0
11;1;1011203.0;2019;5;11;5;3;6;2;0;0;1;1;0;0;0;0;0;0;0
11;9;9020701.0;2019;5;18;5;3;5;2;0;1;1;0;0;0;0;0;0;0;0
11;1;1011305.0;2019;5;18;5;3;0;3;0;1;1;0;0;0;0;0;0;0;0
11;1;1011306.0;2019;5;8;5;3;5;3;0;1;1;0;0;0;0;0;0;0;0
11;12;12214422.0;2019;5;16;5;3;5;2;0;1;1;0;0;0;0;0;0;0;0
11;4;4030621.0;2019;5;15;5;3;1;5;0;0;1;0;1;0;0;0;0;0;0
11;2;2010103.0;2019;5;14;5;3;5;5;0;1;1;0;0;0;0;0;0;0;0
11;8;8030830.0;2019;5;15;5;2;5;2;0;0;1;0;0;0;0;0;0;0;0
11;12;12301203.0;2019;5;15;5;3;2;6;0;0;1;0;0;0;0;0;0;0;0
11;3;3051022.0;2019;5;15;5;2;5;2;0;0;1;0;1;0;0;0;0;0;0
11;6;6010101.0;2019;5;9;5;2;5;3;0;1;1;0;0;0;0;0;0;0;0
11;5;5030730.0;2019;5;12;5;3;5;3;0;0;0;0;1;0;1;0;0;0;0
11;1;1022103.0;2019;5;12;5;3;5;2;0;1;0;0;0;1;0;0;0;0;0
11;4;4030725.0;2019;5;11;5;3;5;3;0;0;1;0;0;0;0;0;0;0;0
11;6;6010102.0;2019;5;15;5;3;6;7;0;0;1;1;0;0;0;0;0;0;0
11;9;9030903.0;2019;5;15;5;3;6;7;0;0;1;1;0;0;0;0;0;0;0
11;7;7010104.0;2019;5;10;5;3;5;3;0;1;1;0;0;0;0;0;0;0;0
11;2;2050803.0;2019;5;10;5;3;5;2;0;0;1;0;0;0;1;0;0;0;0
11;7;7030303.0;2019;5;8;5;3;2;6;0;0;1;0;0;0;1;0;0;0;0
11;1;1011303.0;2019;5;8;5;3;3;6;0;0;0;0;0;0;1;0;0;0;0
11;2;2010102.0;2019;5;8;5;2;0;1;0;0;0;0;1;0;0;0;0;0;0
11;2;2040701.0;2019;5;0;5;3;1;5;2;1;1;0;0;0;0;0;0;0;0
11;7;7040403.0;2019;5;8;5;3;0;1;0;1;0;0;0;0;0;0;0;0;0
11;2;2040703.0;2019;5;16;4;3;6;2;0;1;0;1;0;0;0;0;0;0;0
11;6;6030610.0;2019;5;19;4;3;5;2;0;0;1;0;0;0;0;0;0;0;0
11;8;8010303.0;2019;5;19;4;2;3;6;0;0;1;0;0;0;0;0;0;0;0
11;2;2030401.0;2019;5;22;4;3;6;4;2;1;0;1;0;0;0;0;0;0;0
11;3;3030716.0;2019;5;12;4;3;5;2;0;1;1;0;0;0;0;0;0;0;0
11;5;5020625.0;2019;5;21;4;2;2;6;2;0;1;0;1;0;0;0;0;0;0
11;12;12302107.0;2019;5;19;4;3;5;2;0;0;1;0;1;0;0;0;0;0;0
11;2;2040701.0;2019;5;18;4;3;6;7;0;0;1;1;0;0;0;0;0;0;0
11;9;9010101.0;2019;5;18;4;3;6;2;0;0;1;1;0;0;0;0;0;0;0
11;7;7040403.0;2019;5;14;4;3;6;7;0;1;0;1;0;0;0;0;0;0;0
11;4;4031032.0;2019;5;13;4;3;5;2;0;0;1;0;1;0;0;0;0;0;0
11;6;6040809.0;2019;5;13;4;3;1;5;0;1;1;0;0;0;1;0;0;0;0
11;5;5030731.0;2019;5;12;4;3;2;2;0;0;1;0;1;0;0;0;0;0;0
11;4;4030620.0;2019;5;12;4;3;3;6;0;1;1;0;0;0;0;0;0;0;0
11;2;2010103.0;2019;5;17;4;3;5;2;0;0;1;0;1;0;0;0;0;0;0
11;8;8020625.0;2019;5;12;4;3;5;3;0;0;1;0;0;0;0;0;0;0;0
11;12;12231102.0;2019;5;12;4;3;5;3;0;1;1;0;0;0;0;0;0;0;0
11;4;4051448.0;2019;5;15;4;3;0;2;0;0;1;0;0;0;1;0;0;0;0
11;4;4051549.0;2019;5;15;4;3;0;6;0;1;1;0;0;0;0;0;0;0;0
11;10;10020622.0;2019;5;16;4;3;2;1;0;0;1;0;0;0;0;0;0;0;0
11;2;2010103.0;2019;5;10;4;3;0;1;0;0;0;0;1;0;0;1;0;0;0
11;12;12304313.0;2019;4;17;3;3;5;3;0;1;1;0;0;0;0;0;0;0;1
11;7;7010104.0;2019;4;6;3;2;5;3;0;0;1;0;1;0;0;0;0;0;1
11;1;1033102.0;2019;4;9;3;3;2;2;0;0;1;0;0;0;0;0;0;0;1
11;9;9020701.0;2019;4;15;3;3;6;6;0;1;0;1;0;0;0;0;0;0;1
11;2;2030301.0;2019;4;17;3;3;1;5;0;0;1;0;1;0;0;0;0;0;1
11;1;1044101.0;2019;4;7;3;3;2;6;1;0;1;0;0;0;0;0;0;0;1
11;9;9020701.0;2019;4;23;3;3;5;3;2;0;1;0;1;0;0;0;0;0;1
11;1;1033203.0;2019;4;15;3;2;5;2;0;0;0;0;1;0;1;0;0;0;1
11;1;1044201.0;2019;4;15;3;3;3;6;0;1;1;0;0;0;0;0;0;0;1
11;9;9010401.0;2019;4;15;3;3;5;3;0;1;1;0;0;0;0;0;0;0;1
11;7;7040401.0;2019;4;15;3;3;5;3;0;1;0;0;0;0;1;0;0;0;1
11;7;7030301.0;2019;4;15;3;3;5;3;0;1;1;0;0;0;0;0;0;0;1
11;4;4020314.0;2019;4;15;3;2;5;7;0;1;1;0;0;0;0;0;0;0;1
11;2;2010102.0;2019;4;15;3;2;5;2;0;1;1;0;0;0;0;0;0;0;1
11;1;1022201.0;2019;4;15;3;2;5;7;0;0;1;0;1;0;0;0;0;0;1
11;2;2010102.0;2019;4;14;3;3;5;3;0;1;1;0;0;0;0;0;0;0;1
11;1;1022101.0;2019;4;14;3;3;5;2;0;1;0;0;0;1;0;0;0;0;1
11;10;10040933.0;2019;4;14;3;3;3;6;0;1;0;0;0;0;1;0;0;0;1
11;4;4030724.0;2019;4;15;3;3;1;5;0;0;1;0;0;0;0;0;0;0;1
11;7;7020203.0;2019;4;13;3;3;5;7;0;1;1;0;0;0;0;0;0;0;1
11;4;4051446.0;2019;4;11;3;3;5;2;0;1;1;0;0;0;0;0;0;0;1
11;9;9020501.0;2019;4;6;3;3;5;7;0;0;1;0;0;1;0;0;0;0;1
11;3;3061228.0;2019;5;18;5;3;2;6;0;0;1;0;0;0;0;0;0;0;0
11;10;10010203.0;2019;4;6;3;3;1;5;0;0;1;0;0;1;0;0;0;0;1
11;5;5030731.0;2019;4;6;3;3;5;3;0;0;1;0;0;0;0;0;0;0;1
11;7;7050502.0;2019;5;18;5;3;5;3;0;0;1;0;0;0;0;0;0;0;0
11;3;3061126.0;2019;5;14;5;3;5;3;0;1;0;0;0;0;0;1;0;0;0
11;1;1044201.0;2019;4;6;3;3;2;6;0;0;1;0;0;0;0;0;0;0;1
11;10;10030724.0;2019;5;14;5;2;2;6;0;0;1;0;0;0;0;1;0;0;0
11;11;11040926.0;2019;5;14;5;3;5;3;0;1;1;0;0;0;0;1;0;0;0
11;6;6010102.0;2019;5;16;6;3;1;5;0;1;1;0;0;0;0;0;0;0;0
11;11;11030618.0;2019;5;16;6;3;2;2;0;0;0;0;1;0;1;0;0;0;0
11;2;2040701.0;2019;5;16;6;3;2;6;0;0;1;0;1;0;0;0;0;0;0
11;12;12214125.0;2019;5;15;6;2;2;6;0;0;1;0;0;0;0;0;0;0;0
11;1;1011301.0;2019;5;15;6;3;1;5;0;1;1;0;0;0;0;0;0;0;0
11;5;5040934.0;2019;5;15;6;3;5;2;0;0;1;0;1;0;0;0;0;0;0
11;2;2010102.0;2019;5;15;6;3;2;6;0;0;1;0;0;0;1;0;0;0;0
11;11;11020513.0;2019;5;13;6;3;5;2;0;0;0;0;0;1;1;0;0;0;0
11;4;4051448.0;2019;5;13;6;2;5;2;0;1;1;0;0;0;0;0;0;0;0
11;1;1011302.0;2019;5;13;6;3;0;5;0;1;0;0;0;0;1;0;0;0;0
11;2;2030301.0;2019;5;13;6;3;5;3;0;0;1;0;0;0;0;0;0;0;0