LAND;BEZ;LOR_ab_2021;UJAHR;UMONAT;USTUNDE;UWOCHENTAG;UKATEGORIE;UART;UTYP1;ULICHTVERH;IstRad;IstPKW;IstFuss;IstKrad;IstGkfz;IstSonstige;USTRZUSTAND;LOCKDOWN;COVID;FERIEN
11;6;6040703.0;2019;5;15;4;3;5;3;0;0;1;0;1;0;0;0;0;0;0
11;9;9010401.0;2019;5;7;3;3;5;2;0;0;1;0;0;0;0;0;0;0;0
11;5;5020627.0;2019;5;15;4;2;5;2;0;0;1;0;0;0;1;0;0;0;0
11;4;4020313.0;2019;5;8;3;3;0;3;0;0;1;0;1;0;0;0;0;0;0
11;4;4030417.0;2019;5;7;4;3;2;6;0;1;0;0;0;0;0;0;0;0;0
11;9;9020702.0;2019;5;7;3;2;2;6;0;0;1;0;1;0;0;0;0;0;0
11;1;1033201.0;2019;5;23;4;3;0;1;2;0;1;0;1;0;0;0;0;0;0
11;5;5020521.0;2019;5;7;3;3;2;6;0;0;1;0;0;0;0;0;0;0;0
11;9;9020502.0;2019;5;6;3;3;5;3;0;0;1;0;0;0;0;1;0;0;0
11;6;6030607.0;2019;5;7;4;3;2;6;0;0;1;0;0;0;0;0;0;0;0
11;1;1011304.0;2019;5;7;4;3;2;3;0;1;1;0;0;0;0;0;0;0;0
11;10;10020413.0;2019;5;22;3;3;5;2;2;0;1;0;0;0;1;1;0;0;0
11;6;6040805.0;2019;5;8;3;3;0;7;0;1;0;0;0;0;0;0;0;0;0
11;7;7070703.0;2019;5;7;4;3;5;3;0;1;1;0;0;0;0;0;0;0;0
11;4;4030725.0;2019;5;17;2;3;2;6;0;0;1;0;0;0;0;1;0;0;0
11;3;3061430.0;2019;5;8;4;3;5;2;0;1;1;0;0;0;0;0;0;0;0
11;6;6010205.0;2019;5;19;2;3;5;3;0;1;1;0;0;0;0;1;0;0;0
11;1;1033101.0;2019;5;8;4;3;6;2;0;0;1;1;0;0;0;0;0;0;0
11;8;8010404.0;2019;5;18;2;3;6;4;0;0;1;1;0;0;0;1;0;0;0
11;1;1011301.0;2019;5;9;4;3;2;6;0;1;1;0;0;0;0;0;0;0;0
11;11;11030619.0;2019;5;18;2;3;0;1;0;0;1;0;1;0;0;1;0;0;0
11;1;1011102.0;2019;5;9;4;2;5;2;0;1;1;0;0;0;0;0;0;0;0
11;10;10020416.0;2019;5;18;2;3;5;7;0;0;1;0;0;0;0;1;0;0;0
11;2;2020206.0;2019;5;7;4;3;5;3;0;0;1;0;0;0;0;0;0;0;0
11;4;4041137.0;2019;5;18;2;3;5;2;0;0;1;0;0;0;0;1;0;0;0
11;1;1033201.0;2019;5;17;2;3;5;2;0;1;1;0;0;0;0;1;0;0;0
11;4;4010101.0;2019;5;18;3;3;2;6;0;0;1;0;0;0;0;0;0;0;0
11;4;4041134.0;2019;5;17;2;3;5;3;0;1;1;0;0;0;0;1;0;0;0
11;4;4041136.0;2019;5;17;3;3;7;7;0;1;0;0;0;0;0;0;0;0;0
11;1;1011402.0;2019;5;18;2;3;1;5;0;1;1;0;0;0;0;1;0;0;0
11;6;6020409.0;2019;5;11;3;3;5;3;0;0;1;0;0;0;0;0;0;0;0
11;6;6020409.0;2019;5;17;2;3;5;3;0;0;1;0;0;0;0;1;0;0;0
11;12;12214527.0;2019;5;8;3;3;1;5;0;1;1;0;0;0;0;0;0;0;0
11;9;9041501.0;2019;5;19;2;3;0;1;0;1;0;0;0;0;0;1;0;0;0
11;2;2010102.0;2019;5;17;2;3;6;7;0;0;1;1;0;0;0;1;0;0;0
11;12;12302107.0;2019;5;8;3;3;1;5;0;0;1;0;0;0;0;0;0;0;0
11;9;9041501.0;2019;5;7;3;3;6;4;0;1;0;1;0;0;0;0;0;0;0
11;3;3050923.0;2019;5;16;2;2;5;3;0;1;1;0;0;0;0;1;0;0;0
11;1;1011402.0;2019;5;16;2;3;0;1;0;1;0;0;0;0;0;1;0;0;0
11;7;7020203.0;2019;5;7;3;3;6;4;0;0;1;1;0;0;0;0;0;0;0
11;4;4030726.0;2019;5;11;2;3;3;6;0;0;1;0;0;0;0;0;0;0;0
11;8;8030830.0;2019;5;8;3;3;2;6;0;0;1;0;0;0;0;0;0;0;0
11;1;1011204.0;2019;5;14;2;3;2;2;0;0;1;0;0;0;0;0;0;0;0
11;7;7030301.0;2019;5;14;2;3;5;2;0;1;1;0;0;0;0;0;0;0;0
11;1;1011105.0;2019;5;9;3;3;3;6;0;1;1;0;0;0;0;0;0;0;0
11;12;12304313.0;2019;5;12;2;3;6;7;0;1;0;1;0;0;0;0;0;0;0
11;2;2010104.0;2019;5;12;2;3;2;6;0;0;1;0;0;0;0;0;0;0;0
11;9;9010301.0;2019;5;7;3;2;5;2;0;1;0;0;0;1;0;0;0;0;0
11;11;11030721.0;2019;5;14;2;2;6;4;0;0;1;1;0;0;0;0;0;0;0
11;9;9051901.0;2019;5;12;2;2;2;6;0;0;1;0;0;1;1;0;0;0;0
11;8;8010404.0;2019;5;6;3;3;5;3;0;0;1;0;0;0;0;0;0;0;0
11;4;4020207.0;2019;5;16;2;3;2;7;0;0;1;0;0;1;0;0;0;0;0
11;4;4010101.0;2019;5;6;3;3;1;5;0;0;1;0;1;0;0;0;0;0;0
11;8;8020727.0;2019;5;11;2;3;5;2;0;0;1;0;0;0;0;0;0;0;0
11;9;9031101.0;2019;5;0;3;3;9;1;2;0;0;0;1;0;0;0;0;0;0
11;5;5030832.0;2019;5;13;2;3;0;1;0;1;0;0;0;0;0;0;0;0;0
11;1;1022206.0;2019;5;15;3;3;2;6;0;0;1;0;1;0;0;0;0;0;0
11;5;5010314.0;2019;5;9;2;3;3;6;0;0;1;0;0;0;1;0;0;0;0
11;11;11030720.0;2019;5;7;2;2;0;1;0;1;0;0;0;0;0;0;0;0;0
11;1;1011306.0;2019;5;15;3;3;3;2;0;1;1;0;0;0;0;0;0;0;0
11;2;2020206.0;2019;5;15;3;3;1;5;0;1;0;0;0;0;1;0;0;0;0
11;8;8010404.0;2019;5;7;2;3;2;7;0;0;1;0;0;0;1;0;0;0;0
11;12;12214527.0;2019;5;11;2;3;3;6;0;1;0;0;0;0;0;0;0;0;0
11;7;7020204.0;2019;5;15;3;3;2;7;0;0;1;0;0;0;0;0;0;0;0
11;8;8041037.0;2019;5;10;2;3;6;2;0;0;1;1;0;0;0;0;0;0;0
11;3;3010101.0;2019;5;14;3;3;5;2;0;1;1;0;0;0;0;0;0;0;0
11;12;12214125.0;2019;5;10;2;3;1;7;0;1;1;0;0;0;0;0;0;0;0
11;12;12231101.0;2019;5;14;3;3;5;3;0;0;1;0;1;0;0;0;0;0;0
11;4;4051448.0;2019;5;10;2;3;5;3;0;1;1;0;0;0;0;0;0;0;0
11;1;1033102.0;2019;5;13;3;3;5;7;0;0;1;0;0;0;0;0;0;0;0
11;2;2040501.0;2019;5;9;2;3;1;5;0;1;1;0;0;0;0;0;0;0;0
11;9;9041402.0;2019;5;11;2;3;5;3;0;1;1;0;0;0;0;0;0;0;0
11;3;3010102.0;2019;5;13;3;2;4;6;0;0;1;0;0;0;0;0;0;0;0
11;1;1044101.0;2019;5;16;3;3;5;7;2;1;0;0;1;0;0;0;0;0;0
11;2;2020204.0;2019;5;12;1;3;2;6;0;0;1;0;0;0;0;0;0;0;0
11;9;9030901.0;2019;5;16;3;2;5;3;0;1;1;0;0;0;0;0;0;0;0
11;1;1044203.0;2019;6;16;5;3;2;6;0;0;1;0;0;1;0;1;0;0;1
11;7;7050501.0;2019;6;16;5;2;0;2;0;1;1;0;0;0;0;1;0;0;1
11;8;8020619.0;2019;6;16;5;3;5;2;0;1;0;0;0;0;1;0;0;0;1
11;4;4030828.0;2019;6;16;5;3;5;2;0;1;1;0;0;0;0;1;0;0;1
11;2;2020203.0;2019;6;9;5;3;5;2;0;1;1;0;0;0;0;0;0;0;1
11;1;1022103.0;2019;6;13;5;3;5;2;0;1;1;0;0;0;0;0;0;0;1
11;11;11030721.0;2019;6;15;5;3;5;3;0;0;1;0;0;0;0;1;0;0;1
11;4;4051655.0;2019;6;8;5;3;0;7;0;0;1;0;0;0;1;0;0;0;1
11;4;4030725.0;2019;6;8;5;3;5;3;0;0;1;0;0;0;0;0;0;0;1
11;4;4051446.0;2019;6;8;5;3;5;3;0;1;1;0;0;0;0;0;0;0;1
11;4;4010103.0;2019;6;7;5;3;2;6;0;0;1;0;0;0;0;0;0;0;1
11;10;10020623.0;2019;6;7;5;3;5;3;0;1;1;0;0;0;0;0;0;0;1
11;8;8041038.0;2019;6;7;5;3;5;2;0;1;0;0;0;0;0;0;0;0;1
11;10;10020622.0;2019;6;6;5;3;1;5;0;0;1;0;0;0;0;0;0;0;1
11;7;7020203.0;2019;6;23;4;3;7;7;2;1;0;0;0;0;0;0;0;0;1
11;4;4010103.0;2019;6;16;4;3;4;6;0;1;1;0;0;0;0;0;0;0;1
11;12;12231102.0;2019;6;19;4;3;5;2;0;0;1;0;1;0;0;0;0;0;1
11;4;4041137.0;2019;6;18;4;3;2;6;0;0;1;0;0;0;0;0;0;0;1
11;2;2020202.0;2019;6;18;4;3;5;3;0;1;1;0;0;0;0;0;0;0;1
11;4;4030725.0;2019;6;23;4;3;1;5;2;0;1;0;1;0;0;0;0;0;1
11;2;2020203.0;2019;6;22;4;3;5;3;2;1;1;0;0;0;0;0;0;0;1
11;1;1044201.0;2019;6;22;4;2;2;6;2;0;1;0;0;0;0;0;0;0;1
11;2;2030302.0;2019;6;18;4;3;3;6;0;1;1;0;0;0;0;0;0;0;1
11;9;9020702.0;2019;6;18;4;3;5;3;0;1;1;0;0;0;0;0;0;0;1
11;6;6030610.0;2019;6;18;4;3;0;7;0;1;0;0;0;0;0;0;0;0;1
11;3;3061429.0;2019;6;18;4;3;5;3;0;1;0;0;1;0;0;0;0;0;1
11;12;12103218.0;2019;6;16;4;3;5;2;0;0;1;0;0;0;0;0;0;0;1
11;1;1022106.0;2019;6;16;4;3;5;2;0;1;1;0;0;0;0;0;0;0;1
11;1;1033202.0;2019;6;15;4;3;0;1;0;0;0;0;1;0;0;0;0;0;1
11;4;4010102.0;2019;6;22;4;3;5;2;2;0;1;0;0;0;0;0;0;0;1
11;2;2020204.0;2019;6;20;4;3;5;2;0;1;0;1;0;0;0;0;0;0;1
11;4;4030417.0;2019;6;15;4;3;5;3;0;1;0;0;0;0;1;0;0;0;1
11;11;11040926.0;2019;6;14;4;3;5;3;0;1;1;0;0;0;0;0;0;0;1
11;3;3020210.0;2019;6;14;4;3;5;3;0;0;1;0;0;0;1;0;0;0;1
11;10;10010310.0;2019;6;14;4;2;6;4;0;1;0;1;0;0;0;0;0;0;1
11;2;2050602.0;2019;6;13;4;3;5;2;0;0;1;0;0;0;0;0;0;0;1
11;8;8041037.0;2019;6;13;4;3;5;3;0;1;1;0;0;0;0;0;0;0;1
11;3;3061332.0;2019;6;13;4;3;1;7;0;0;0;0;1;0;0;0;0;0;1
11;9;9051901.0;2019;6;13;4;2;6;4;0;0;1;1;0;0;0;0;0;0;1
11;3;3030406.0;2019;6;8;4;3;0;1;0;0;0;0;1;0;0;0;0;0;1
11;11;11040926.0;2019;6;10;4;3;0;2;0;1;1;0;0;0;0;0;0;0;1
11;3;3071536.0;2019;6;10;4;3;2;7;0;0;0;0;1;1;0;0;0;0;1
11;6;6020304.0;2019;6;13;4;3;5;3;0;1;1;0;0;0;0;0;0;0;1
11;4;4010102.0;2019;6;10;4;3;2;6;0;0;1;0;1;0;0;0;0;0;1
11;11;11020411.0;2019;6;8;4;2;0;1;0;1;0;0;0;0;0;0;0;0;1
11;5;5010312.0;2019;6;12;4;3;2;2;0;0;1;0;0;0;1;0;0;0;1
11;3;3040614.0;2019;6;9;4;3;5;2;0;1;1;0;0;0;0;0;0;0;1
11;7;7040402.0;2019;6;11;4;3;5;2;0;1;1;0;0;0;0;0;0;0;1
11;8;8010115.0;2019;6;8;4;3;5;2;0;1;1;0;0;0;0;0;0;0;1
11;8;8020622.0;2019;6;8;4;3;5;2;0;1;1;0;0;0;0;0;0;0;1
11;9;9052001.0;2019;6;7;4;3;5;7;0;0;1;0;1;0;0;0;0;0;1
11;3;3061227.0;2019;6;7;4;2;5;3;0;1;1;0;0;0;0;0;0;0;1
11;1;1011301.0;2019;6;2;4;2;0;7;2;0;1;0;0;0;1;0;0;0;1
11;2;2020203.0;2019;6;8;3;3;3;6;0;0;1;0;1;0;0;0;0;0;1
11;4;4030827.0;2019;6;14;3;3;0;7;0;0;1;0;0;0;0;0;0;0;1
11;1;1011402.0;2019;6;13;3;3;0;3;0;1;0;0;0;0;1;0;0;0;1
11;1;1022104.0;2019;6;8;3;3;6;4;0;0;1;1;0;0;0;0;0;0;1
11;1;1011202.0;2019;6;16;3;3;2;2;0;1;1;0;0;0;0;0;0;0;1
11;12;12301203.0;2019;6;16;3;3;5;2;0;1;1;0;0;0;0;0;0;0;1
11;2;2030401.0;2019;6;16;3;3;5;2;0;1;1;0;0;0;0;0;0;0;1
11;7;7040401.0;2019;6;15;3;3;0;2;0;1;1;0;0;0;0;0;0;0;1
11;11;11030720.0;2019;6;15;3;3;2;6;0;0;1;0;0;0;0;0;0;0;1
11;3;3061227.0;2019;6;14;3;3;5;7;0;1;1;0;0;0;0;0;0;0;1
11;5;5020419.0;2019;6;14;3;3;0;6;0;1;0;0;0;0;0;0;0;0;1
11;9;9020501.0;2019;6;13;3;3;5;2;0;0;0;0;1;0;1;0;0;0;1
11;6;6020305.0;2019;6;18;3;3;6;4;0;0;1;1;0;0;0;0;0;0;1
11;4;4030929.0;2019;6;12;3;3;3;6;0;0;1;0;1;0;0;0;0;0;1
11;7;7050503.0;2019;6;12;3;3;6;7;0;0;1;1;0;0;0;0;0;0;1
11;5;5020625.0;2019;6;11;3;3;2;2;0;0;1;0;0;0;0;0;0;0;1
11;1;1011105.0;2019;6;11;3;3;5;2;0;1;1;0;0;0;0;0;0;0;1
11;9;9041301.0;2019;6;11;3;3;3;6;0;1;0;0;0;0;0;0;0;0;1
11;11;11041022.0;2019;6;13;3;2;5;3;0;1;1;0;0;0;0;0;0;0;1
11;4;4030622.0;2019;6;11;3;2;2;7;0;1;1;0;0;0;0;0;0;0;1
11;1;1044201.0;2019;6;11;3;3;2;2;0;0;1;0;0;0;0;0;0;0;1
11;1;1033201.0;2019;6;10;3;3;3;6;0;0;1;0;1;0;0;0;0;0;1
11;4;4010102.0;2019;6;10;3;3;5;2;0;0;1;0;0;0;0;0;0;0;1
11;8;8041037.0;2019;6;10;3;3;5;3;0;0;1;0;0;0;0;0;0;0;1
11;4;4030518.0;2019;6;9;3;3;5;3;0;1;1;0;0;0;0;0;0;0;1
11;2;2020202.0;2019;6;23;3;2;5;2;2;1;1;0;0;0;0;0;0;0;1
11;1;1022104.0;2019;6;20;3;3;2;6;0;0;1;0;0;0;0;0;0;0;1
11;2;2010102.0;2019;6;8;3;3;5;3;0;1;1;0;0;0;0;0;0;0;1
11;8;8010213.0;2019;6;9;3;3;1;5;0;1;1;0;0;0;0;0;0;0;1
11;3;3061430.0;2019;6;9;3;3;2;6;0;0;1;0;1;0;0;0;0;0;1
11;5;5020524.0;2019;6;7;3;3;0;1;0;1;0;0;0;0;0;0;0;0;1
11;11;11020514.0;2019;6;8;3;3;5;3;0;1;1;0;0;0;0;0;0;0;1
11;6;6020302.0;2019;6;20;3;3;6;7;0;1;0;1;0;0;0;0;0;0;1
11;10;10020413.0;2019;6;19;3;2;6;4;0;0;1;1;0;0;0;0;0;0;1
11;12;12214422.0;2019;6;8;3;2;5;2;0;1;1;0;0;0;0;0;0;0;1
11;3;3061430.0;2019;6;19;3;3;5;2;0;1;1;0;0;0;0;0;0;0;1
11;7;7040406.0;2019;6;8;3;3;3;6;0;0;1;0;0;1;0;0;0;0;1
11;8;8030831.0;2019;6;19;3;3;6;2;0;0;1;1;0;0;0;0;0;0;1
11;4;4051448.0;2019;6;19;3;3;1;5;0;1;1;0;0;0;1;0;0;0;1
11;3;3020209.0;2019;6;8;3;3;5;3;0;1;1;0;0;0;0;0;0;0;1
11;12;12214422.0;2019;6;7;3;3;2;6;0;0;1;0;0;0;0;0;0;0;1
11;4;4030828.0;2019;6;7;3;3;5;3;0;0;1;0;0;0;1;0;0;0;1
11;2;2020206.0;2019;6;18;3;3;3;6;0;1;1;0;0;0;0;0;0;0;1
11;4;4030518.0;2019;6;18;3;2;5;2;0;0;1;0;1;0;0;0;0;0;1
11;12;12214125.0;2019;6;18;3;3;2;6;0;0;1;0;0;0;0;0;0;0;1
11;2;2020203.0;2019;6;7;3;3;1;1;0;0;1;0;1;0;0;0;0;0;1
11;11;11020515.0;2019;6;4;3;3;5;3;1;0;1;0;0;0;0;0;0;0;1
11;9;9020502.0;2019;6;17;3;3;1;5;0;1;1;0;0;0;0;0;0;0;1
11;9;9051901.0;2019;6;4;3;3;0;1;1;1;0;0;0;0;0;0;0;0;1
11;1;1011101.0;2019;6;17;3;3;5;3;0;0;1;0;0;0;1;0;0;0;1
11;10;10010308.0;2019;6;17;3;3;0;2;0;1;1;0;0;0;0;0;0;0;1
11;9;9030901.0;2019;6;12;2;3;2;6;0;0;1;0;1;0;0;0;0;0;1
11;2;2010102.0;2019;6;18;2;3;1;5;0;1;1;0;0;0;0;0;0;0;1
11;11;11020411.0;2019;6;12;2;3;5;3;0;1;0;0;0;0;0;0;0;0;1
11;6;6030610.0;2019;6;12;2;3;6;7;0;1;0;1;0;0;0;0;0;0;1
11;11;11020411.0;2019;6;22;2;3;8;1;2;0;1;0;0;0;0;1;0;0;1
11;8;8010509.0;2019;6;22;2;3;0;3;2;1;1;0;0;0;0;1;0;0;1
11;1;1022206.0;2019;6;21;2;3;5;3;0;0;1;0;0;0;0;0;0;0;1
11;7;7040403.0;2019;6;20;2;3;5;2;0;0;1;0;0;0;1;0;0;0;1
11;9;9020501.0;2019;6;20;2;3;5;2;0;1;1;0;0;0;0;0;0;0;1
11;8;8010213.0;2019;6;19;2;3;0;3;0;1;1;0;0;0;0;1;0;0;1
11;10;10040933.0;2019;6;20;2;3;5;3;0;0;1;0;0;0;1;1;0;0;1
11;3;3061227.0;2019;6;20;2;3;5;3;1;1;1;0;0;0;0;1;0;0;1
11;9;9020702.0;2019;6;19;2;2;0;1;0;1;0;0;0;0;0;1;0;0;1
11;9;9031001.0;2019;6;20;2;2;1;7;1;0;1;0;0;0;0;1;0;0;1
11;7;7040405.0;2019;6;19;2;3;8;1;0;0;1;0;0;0;0;1;0;0;1
11;1;1044101.0;2019;6;18;2;3;2;2;0;1;1;0;0;0;0;0;0;0;1
11;4;4030621.0;2019;6;18;2;3;2;6;0;0;1;0;0;0;0;0;0;0;1
11;2;2050802.0;2019;6;18;2;2;5;2;0;1;1;0;0;0;0;0;0;0;1
11;4;4031032.0;2019;6;18;2;3;1;5;0;1;1;0;0;0;0;0;0;0;1
11;4;4051652.0;2019;6;17;2;3;2;6;0;0;1;0;0;0;0;0;0;0;1
11;6;6030503.0;2019;6;15;2;3;3;6;0;0;1;0;1;0;0;0;0;0;1
11;7;7040405.0;2019;6;17;2;3;5;3;0;0;1;0;0;0;0;0;0;0;1
11;10;10040931.0;2019;6;17;2;3;5;3;0;1;1;0;0;0;0;0;0;0;1
11;9;9010301.0;2019;6;22;2;3;5;2;2;1;1;0;0;0;0;1;0;0;1
11;3;3020307.0;2019;6;15;2;3;5;3;0;1;0;0;0;0;0;0;0;0;1
11;6;6010102.0;2019;6;14;2;3;5;3;0;1;1;0;0;0;0;0;0;0;1
11;1;1011104.0;2019;6;14;2;3;0;2;0;0;1;0;0;0;1;0;0;0;1
11;2;2020206.0;2019;6;14;2;3;2;6;0;0;1;0;0;0;0;0;0;0;1
11;3;3030715.0;2019;6;13;2;3;2;6;0;0;1;0;0;1;0;0;0;0;1
11;5;5010209.0;2019;6;12;2;3;1;5;0;1;0;0;0;0;1;0;0;0;1
11;8;8020619.0;2019;6;11;2;3;5;7;0;0;1;0;0;0;0;0;0;0;1
11;1;1044203.0;2019;6;12;2;3;2;6;0;0;1;0;0;0;0;0;0;0;1
11;1;1011302.0;2019;6;0;2;3;5;2;2;1;1;0;0;0;0;0;0;0;1
11;4;4030929.0;2019;6;12;2;3;5;7;0;0;1;0;1;0;0;0;0;0;1
11;1;1011402.0;2019;6;11;2;3;6;4;0;1;0;1;0;0;0;0;0;0;1
11;1;1033102.0;2019;6;11;2;2;5;2;0;0;1;0;0;0;0;0;0;0;1
11;9;9041301.0;2019;6;16;2;3;5;3;0;0;1;0;1;0;0;0;0;0;1
11;2;2020203.0;2019;6;11;2;3;5;2;0;1;1;0;0;0;0;0;0;0;1
11;1;1044201.0;2019;6;11;2;3;3;6;0;0;1;0;1;0;0;0;0;0;1
11;10;10030725.0;2019;6;16;2;2;0;5;0;1;1;0;0;0;0;0;0;0;1
11;5;5010101.0;2019;6;10;2;2;5;2;0;0;1;0;1;0;0;0;0;0;1
11;9;9051901.0;2019;6;16;2;3;5;3;0;1;1;0;0;0;0;0;0;0;1
11;4;4030415.0;2019;6;10;2;3;2;6;0;0;1;0;1;0;0;0;0;0;1
11;8;8030830.0;2019;6;10;2;3;5;7;0;1;1;0;0;0;0;0;0;0;1
11;3;3061430.0;2019;6;15;2;3;0;7;0;0;1;0;0;0;0;0;0;0;1
11;9;9010401.0;2019;6;15;2;3;0;6;0;1;1;0;0;0;0;0;0;0;1
11;2;2040701.0;2019;6;9;2;3;5;3;0;1;1;0;0;0;0;0;0;0;1
11;5;5020626.0;2019;6;9;2;3;5;2;0;1;1;0;0;0;0;0;0;0;1
11;2;2020204.0;2019;6;8;2;3;5;2;0;1;1;0;0;0;0;0;0;0;1
11;4;4020310.0;2019;6;8;2;3;5;2;0;0;1;0;0;0;0;0;0;0;1
11;2;2030301.0;2019;6;7;2;3;2;6;0;0;1;0;0;1;0;0;0;0;1
11;5;5020625.0;2019;6;15;2;3;6;4;0;0;1;1;0;0;0;0;0;0;1
11;9;9052001.0;2019;6;7;2;3;5;3;0;0;1;0;0;0;0;0;0;0;1
11;1;1011105.0;2019;6;6;2;3;5;7;0;0;1;0;0;0;0;0;0;0;1
11;12;12214125.0;2019;6;15;2;3;0;2;0;0;1;0;0;0;1;0;0;0;1
11;1;1011302.0;2019;6;6;2;3;2;6;0;0;1;0;0;0;0;0;0;0;1
11;9;9020702.0;2019;6;6;2;3;0;3;0;1;1;0;0;0;0;0;0;0;1
11;1;1011304.0;2019;6;15;2;2;2;2;0;0;1;0;0;0;0;0;0;0;1
11;3;3061228.0;2019;6;5;2;3;1;5;0;0;1;0;1;0;0;0;0;0;1
11;2;2050601.0;2019;6;1;2;3;5;2;2;0;1;0;0;0;0;0;0;0;1
11;1;1011401.0;2019;6;8;2;3;0;1;0;1;0;0;0;0;0;0;0;0;1
11;11;11030720.0;2019;6;20;2;3;5;2;0;1;1;0;0;0;0;1;0;0;1
11;6;6040810.0;2019;6;9;2;3;5;2;0;1;0;0;0;0;1;0;0;0;1
11;10;10010203.0;2019;6;17;2;1;1;7;0;0;1;0;0;0;0;0;0;0;1
11;4;4030724.0;2019;6;14;1;3;2;6;0;1;0;0;0;0;0;0;0;0;1
11;4;4041238.0;2019;6;14;1;3;5;3;0;1;1;0;0;0;0;0;0;0;1
11;1;1011401.0;2019;6;14;1;3;6;7;0;0;1;1;0;0;0;0;0;0;1
11;9;9041501.0;2019;6;19;1;3;3;6;0;1;1;0;0;0;0;0;0;0;1
11;1;1044201.0;2019;6;21;1;3;5;3;0;0;1;0;0;0;0;0;0;0;1
11;11;2050803.0;2019;6;20;1;2;4;6;0;0;1;0;1;0;0;0;0;0;1
11;2;2040701.0;2019;6;20;1;3;1;5;0;1;1;0;0;0;1;0;0;0;1
11;4;4010102.0;2019;6;17;1;3;0;2;0;1;1;0;0;0;0;0;0;0;1
11;2;2010102.0;2019;6;17;1;2;5;3;0;0;1;0;1;0;0;0;0;0;1
11;10;10040933.0;2019;6;15;1;2;5;3;0;0;1;0;1;0;0;0;0;0;1
11;7;7010104.0;2019;6;16;1;3;5;2;0;1;1;0;0;0;0;0;0;0;1
11;3;3071633.0;2019;6;16;1;3;0;1;0;1;0;0;0;0;0;0;0;0;1
11;11;11051331.0;2019;6;14;1;3;5;3;0;0;1;0;0;0;0;0;0;0;1
11;7;7010102.0;2019;6;14;1;3;5;3;0;0;1;0;1;0;0;0;0;0;1
11;1;1011101.0;2019;6;14;1;3;5;3;0;0;1;0;0;0;0;0;0;0;1
11;1;1011202.0;2019;6;14;1;3;5;2;0;0;1;0;1;0;0;0;0;0;1
11;11;11051331.0;2019;6;14;1;2;5;3;0;1;1;0;0;0;0;0;0;0;1
11;3;3061126.0;2019;6;13;1;3;2;6;0;0;1;0;0;0;0;0;0;0;1
11;11;11051330.0;2019;6;12;6;3;5;2;0;1;1;0;0;0;0;0;0;0;1
11;8;8020619.0;2019;6;13;1;3;2;6;0;0;1;0;0;0;0;0;0;0;1
11;7;7040403.0;2019;6;12;1;2;5;3;0;0;1;0;1;0;0;0;0;0;1
11;1;1033102.0;2019;6;12;6;3;5;2;0;1;0;0;0;0;1;0;0;0;1
11;1;1044101.0;2019;6;1;1;2;5;2;2;0;1;0;0;0;0;0;0;0;1
11;6;6040809.0;2019;6;17;6;2;5;2;0;1;1;0;0;0;0;0;0;0;1
11;11;11020411.0;2019;6;2;1;3;5;3;2;0;1;0;0;0;0;0;0;0;1
11;8;8020625.0;2019;6;12;6;3;3;6;0;1;0;0;0;1;0;0;0;0;1
11;12;12301203.0;2019;6;10;1;3;4;5;0;0;1;0;0;0;0;0;0;0;1
11;12;12301203.0;2019;6;7;6;2;5;2;0;1;0;0;0;1;0;0;0;0;1
11;1;1044202.0;2019;6;10;1;3;5;2;0;0;1;0;0;0;0;0;0;0;1
11;1;1033102.0;2019;6;11;1;3;5;3;0;0;1;0;0;0;1;0;0;0;1
11;5;5010101.0;2019;6;12;6;3;5;3;0;1;1;0;0;0;0;0;0;0;1
11;6;6030607.0;2019;6;12;1;2;2;1;0;0;1;0;0;0;0;0;0;0;1
11;4;4051448.0;2019;6;12;6;3;0;6;0;0;1;0;1;0;0;0;0;0;1
11;11;11030618.0;2019;6;1;1;3;0;1;2;0;0;0;1;0;0;0;0;0;1
11;4;4041342.0;2019;6;11;6;3;5;2;0;0;1;0;1;0;0;0;0;0;1
11;8;8010301.0;2019;6;0;1;3;0;1;2;1;0;0;0;0;0;0;0;0;1
11;8;8020727.0;2019;6;11;6;3;5;2;0;1;1;0;0;0;0;0;0;0;1
11;2;2040701.0;2019;6;12;7;3;5;3;0;0;1;0;0;0;0;0;0;0;1
11;3;3071536.0;2019;6;18;7;3;5;3;0;0;1;0;0;0;0;0;0;0;1
11;9;9041401.0;2019;6;12;6;3;5;3;0;0;1;0;0;0;1;0;0;0;1
11;3;3051017.0;2019;6;13;6;2;5;3;0;1;1;0;0;0;0;0;0;0;1
11;6;6030606.0;2019;6;15;7;3;1;5;0;1;1;0;0;0;0;0;0;0;1
11;10;10010206.0;2019;6;18;7;2;5;3;0;1;1;0;0;0;0;0;0;0;1
11;9;9020802.0;2019;6;12;6;2;3;6;0;1;0;0;0;1;0;0;0;0;1
11;7;7040401.0;2019;6;15;7;3;5;2;0;1;0;0;0;0;0;0;0;0;1
11;4;4020311.0;2019;6;16;6;3;5;3;0;1;1;0;0;0;0;0;0;0;1
11;1;1022104.0;2019;6;14;7;3;5;2;0;0;1;0;1;0;0;0;0;0;1
11;1;1044201.0;2019;6;19;7;3;2;6;0;0;1;0;0;0;0;0;0;0;1
11;8;8020727.0;2019;6;16;6;3;5;3;0;0;1;0;1;0;0;0;0;0;1
11;2;2030301.0;2019;6;19;7;3;5;3;0;1;1;0;0;0;0;0;0;0;1
11;4;4030931.0;2019;6;13;7;3;5;2;0;1;1;0;0;0;0;0;0;0;1