LAND;BEZ;LOR_ab_2021;UJAHR;UMONAT;USTUNDE;UWOCHENTAG;UKATEGORIE;UART;UTYP1;ULICHTVERH;IstRad;IstPKW;IstFuss;IstKrad;IstGkfz;IstSonstige;USTRZUSTAND;LOCKDOWN;COVID;FERIEN
11;11;11040926.0;2019;8;19;6;3;0;2;1;0;1;0;1;0;0;1;0;0;0
11;3;3040818.0;2019;8;19;6;3;1;5;0;1;1;0;0;0;0;1;0;0;0
11;9;9051901.0;2019;8;18;6;3;2;2;0;0;1;0;0;0;0;1;0;0;0
11;4;4030519.0;2019;8;18;6;2;5;3;0;0;1;0;1;0;0;1;0;0;0
11;11;11051330.0;2019;8;18;6;3;1;5;1;1;1;0;0;0;0;1;0;0;0
11;3;3061430.0;2019;8;17;6;2;0;1;0;1;0;0;0;0;0;1;0;0;0
11;3;11030618.0;2019;8;17;6;3;2;6;0;0;1;0;0;0;0;1;0;0;0
11;4;4030828.0;2019;8;17;6;3;6;4;0;0;1;1;0;0;0;1;0;0;0
11;3;3061435.0;2019;8;17;6;3;5;3;0;0;1;0;0;0;0;1;0;0;0
11;4;4020311.0;2019;8;16;6;3;5;3;0;0;1;0;0;0;0;1;0;0;0
11;1;1033203.0;2019;8;16;6;3;2;6;0;0;1;0;0;0;0;1;0;0;0
11;5;5020625.0;2019;8;22;6;3;6;4;2;0;1;1;0;0;0;0;0;0;0
11;1;1044201.0;2019;8;20;6;3;0;1;0;1;0;0;0;0;0;0;0;0;0
11;3;3061227.0;2019;8;18;6;3;0;2;1;1;1;0;0;0;0;1;0;0;0
11;1;1033101.0;2019;8;15;5;3;2;6;0;0;1;0;1;0;0;0;0;0;0
11;4;4030931.0;2019;8;22;5;3;1;5;2;1;1;0;0;0;0;0;0;0;0
11;6;6010101.0;2019;8;21;5;2;5;2;2;0;1;0;0;0;0;0;0;0;0
11;3;3050923.0;2019;8;21;5;2;5;3;1;1;0;0;0;0;1;0;0;0;0
11;2;2050801.0;2019;8;20;5;3;1;5;1;1;1;0;0;0;0;0;0;0;0
11;2;2010101.0;2019;8;20;5;3;6;4;1;1;0;1;0;0;0;0;0;0;0
11;3;3071536.0;2019;8;19;5;3;6;4;0;0;1;1;0;0;0;0;0;0;0
11;10;10030726.0;2019;8;19;5;3;5;3;0;1;1;0;0;0;0;0;0;0;0
11;5;5010101.0;2019;8;16;5;3;2;6;0;0;1;0;1;0;0;1;0;0;0
11;8;8010117.0;2019;8;18;5;3;1;5;0;1;1;0;0;0;0;0;0;0;0
11;2;2030302.0;2019;8;18;5;3;0;3;0;0;1;0;1;0;0;0;0;0;0
11;5;5010209.0;2019;8;17;5;3;5;2;0;0;1;0;0;0;0;0;0;0;0
11;4;4030620.0;2019;8;16;5;3;2;6;0;0;1;0;0;0;1;0;0;0;0
11;7;7040404.0;2019;8;16;5;3;0;1;0;1;0;0;0;0;0;0;0;0;0
11;4;4051550.0;2019;8;16;5;3;5;3;0;1;1;0;0;0;0;0;0;0;0
11;7;7040401.0;2019;8;14;5;3;5;3;0;0;1;0;0;0;0;0;0;0;0
11;5;5010311.0;2019;8;14;5;3;2;6;0;0;1;0;0;0;0;0;0;0;0
11;12;12302212.0;2019;8;14;5;3;0;6;0;1;0;0;0;1;0;0;0;0;0
11;3;3030715.0;2019;8;14;5;2;6;4;0;0;1;1;0;0;0;0;0;0;0
11;4;4020204.0;2019;8;13;5;3;5;2;0;0;1;0;1;0;0;0;0;0;0
11;1;1033203.0;2019;8;15;5;3;5;3;0;0;1;0;0;0;0;0;0;0;0
11;3;3061227.0;2019;8;13;5;3;6;4;0;0;0;1;1;0;0;0;0;0;0
11;1;1011305.0;2019;8;13;5;2;6;4;0;0;1;1;0;0;0;0;0;0;0
11;11;11040926.0;2019;8;13;5;3;5;2;0;1;1;0;0;0;0;0;0;0;0
11;10;10040829.0;2019;8;12;5;3;0;6;0;1;1;0;0;0;0;0;0;0;0
11;2;2020204.0;2019;8;12;5;3;1;5;0;1;0;0;0;1;0;0;0;0;0
11;3;3040614.0;2019;8;12;5;2;5;3;0;0;1;0;0;1;0;0;0;0;0
11;4;4020310.0;2019;8;12;5;3;2;6;0;0;1;0;0;0;0;0;0;0;0
11;8;8020621.0;2019;8;12;5;3;5;7;0;0;1;0;0;0;0;0;0;0;0
11;4;4020311.0;2019;8;10;5;3;5;3;0;0;1;0;0;0;0;0;0;0;0
11;2;2020204.0;2019;8;12;5;3;2;2;0;0;1;0;1;0;0;1;0;0;0
11;3;3071536.0;2019;8;9;5;3;5;2;0;1;1;0;0;0;0;0;0;0;0
11;11;11030618.0;2019;8;8;5;3;5;3;0;0;0;0;0;1;1;0;0;0;0
11;3;3061227.0;2019;8;11;5;3;5;7;0;0;1;0;0;0;0;0;0;0;0
11;11;11030618.0;2019;8;8;5;3;5;5;0;0;1;0;1;0;0;1;0;0;0
11;7;7010103.0;2019;8;10;5;3;0;6;0;1;1;0;0;0;0;0;0;0;0
11;3;3020210.0;2019;8;10;5;3;1;5;0;0;1;0;0;0;0;0;0;0;0
11;4;4041344.0;2019;8;8;5;3;0;3;0;0;1;0;1;0;0;0;0;0;0
11;12;12103218.0;2019;8;8;5;3;5;2;0;1;1;0;0;0;0;0;0;0;0
11;1;1011105.0;2019;8;7;5;3;8;1;0;0;1;0;0;0;0;0;0;0;0
11;2;2030402.0;2019;8;6;5;3;0;4;0;1;0;1;0;0;0;1;0;0;0
11;11;11040925.0;2019;8;6;5;3;2;6;0;0;1;0;1;0;0;0;0;0;0
11;1;1033201.0;2019;8;5;5;3;5;3;1;0;1;0;0;0;0;1;0;0;0
11;4;4051655.0;2019;8;2;5;3;5;2;2;0;1;0;0;0;0;0;0;0;0
11;2;2030302.0;2019;8;0;5;3;0;2;2;1;1;0;0;0;0;1;0;0;0
11;12;12214421.0;2019;7;2;4;3;0;7;2;1;0;0;0;0;0;0;0;0;2
11;4;4041136.0;2019;7;20;4;3;5;2;1;0;1;0;0;0;0;1;0;0;2
11;12;12103218.0;2019;7;20;4;3;1;5;2;0;1;0;0;0;0;1;0;0;2
11;12;12103117.0;2019;7;20;4;3;0;1;1;0;0;0;1;0;0;1;0;0;2
11;2;2020203.0;2019;7;19;4;3;5;5;1;0;1;0;1;0;0;0;0;0;2
11;2;2040701.0;2019;7;23;4;3;5;7;2;0;1;0;1;0;0;1;0;0;2
11;4;4051447.0;2019;7;22;4;3;0;1;2;0;0;0;1;0;0;1;0;0;2
11;4;4030827.0;2019;7;18;4;3;5;2;0;0;1;0;0;0;0;0;0;0;2
11;8;8041036.0;2019;7;18;4;3;5;3;0;0;1;0;0;0;0;0;0;0;2
11;1;1011303.0;2019;7;17;4;3;2;6;0;0;1;0;0;0;0;1;0;0;2
11;4;4030929.0;2019;7;17;4;3;0;6;0;0;1;0;1;0;0;1;0;0;2
11;4;4030725.0;2019;7;17;4;2;0;1;0;1;0;0;0;0;0;1;0;0;2
11;10;10030727.0;2019;7;17;4;3;6;4;0;0;1;1;0;0;0;1;0;0;2
11;1;1011303.0;2019;7;17;4;2;5;2;0;1;1;0;0;0;0;1;0;0;2
11;1;1022106.0;2019;7;16;4;3;0;5;0;0;1;0;1;0;0;1;0;0;2
11;7;7050505.0;2019;7;16;4;3;2;6;0;0;1;0;0;0;0;1;0;0;2
11;1;1011301.0;2019;7;16;4;3;5;3;0;0;1;0;0;0;0;1;0;0;2
11;12;12231101.0;2019;7;15;4;3;5;2;0;1;1;0;0;0;0;1;0;0;2
11;1;1011101.0;2019;7;15;4;3;2;6;0;0;1;0;0;0;0;1;0;0;2
11;4;4010102.0;2019;7;10;4;3;5;2;0;0;1;0;0;0;0;0;0;0;2
11;1;1022204.0;2019;7;9;4;3;5;7;0;1;1;0;0;0;0;0;0;0;2
11;12;12214422.0;2019;7;9;4;2;4;6;0;1;0;0;0;0;0;0;0;0;2
11;2;2020203.0;2019;7;9;4;3;2;6;0;0;1;0;1;0;0;0;0;0;2
11;2;2030301.0;2019;7;7;4;3;5;2;0;1;1;0;0;0;0;0;0;0;2
11;1;1011302.0;2019;7;15;4;2;5;7;0;0;1;0;0;0;0;0;0;0;2
11;1;1011402.0;2019;7;7;4;3;5;3;0;1;0;0;0;0;1;0;0;0;2
11;5;5030731.0;2019;7;7;4;3;5;2;0;0;0;0;1;0;1;0;0;0;2
11;12;12214422.0;2019;7;4;4;3;5;3;1;1;1;0;0;0;0;0;0;0;2
11;11;11010204.0;2019;7;2;4;3;0;1;2;1;0;0;0;0;0;0;0;0;2
11;5;5010312.0;2019;7;14;4;3;6;4;0;0;1;1;0;0;0;0;0;0;2
11;1;1044101.0;2019;7;14;4;3;5;3;0;0;1;0;0;0;0;0;0;0;2
11;6;6040810.0;2019;7;12;4;3;5;3;0;0;0;0;1;0;1;0;0;0;2
11;4;4030929.0;2019;7;12;4;3;5;3;0;0;1;0;0;0;1;0;0;0;2
11;12;12214527.0;2019;7;11;4;2;5;7;0;0;1;0;1;0;0;0;0;0;2
11;7;7020203.0;2019;7;10;4;3;1;5;0;1;1;0;0;0;0;0;0;0;2
11;4;4061757.0;2019;7;10;4;3;5;3;0;1;0;0;0;0;0;0;0;0;2
11;8;8010118.0;2019;7;10;4;3;6;4;0;0;1;1;0;0;0;0;0;0;2
11;12;12103218.0;2019;7;9;3;3;0;6;0;1;1;0;0;0;0;0;0;0;2
11;3;3040818.0;2019;7;7;3;3;6;7;0;0;1;1;0;0;0;0;0;0;2
11;10;10040933.0;2019;7;9;3;3;5;3;0;0;1;0;0;0;0;0;0;0;2
11;3;3051017.0;2019;7;8;3;3;2;2;0;0;1;0;0;0;0;1;0;0;2
11;1;1011401.0;2019;7;8;3;3;3;6;0;1;0;0;0;0;0;0;0;0;2
11;1;1011204.0;2019;7;0;3;2;5;2;2;0;1;0;1;0;0;0;0;0;2
11;9;9010401.0;2019;7;6;3;2;1;5;0;1;1;0;0;0;0;0;0;0;2
11;11;11051331.0;2019;7;17;3;3;5;3;0;0;1;0;0;0;0;0;0;0;2
11;4;4041241.0;2019;7;16;3;2;1;5;0;1;1;0;0;0;0;0;0;0;2
11;5;5020625.0;2019;7;16;3;2;5;7;0;0;1;0;1;0;0;0;0;0;2
11;1;1044102.0;2019;7;15;3;3;5;2;0;1;1;0;0;0;0;0;0;0;2
11;4;4030828.0;2019;7;15;3;3;5;7;0;0;1;0;1;0;0;0;0;0;2
11;1;1011101.0;2019;7;15;3;3;0;3;0;0;1;0;1;0;0;0;0;0;2
11;2;2020203.0;2019;7;23;3;3;0;1;2;1;0;0;0;0;0;0;0;0;2
11;1;1033102.0;2019;7;15;3;3;6;4;0;0;0;1;1;0;0;0;0;0;2
11;3;3061228.0;2019;7;20;3;3;1;5;1;1;1;0;0;0;0;0;0;0;2
11;4;4020312.0;2019;7;13;3;3;0;7;0;0;1;0;1;0;0;0;0;0;2
11;1;1011101.0;2019;7;20;3;2;0;1;0;1;0;0;0;0;0;0;0;0;2
11;8;8010117.0;2019;7;14;3;3;5;3;0;0;1;0;1;0;0;0;0;0;2
11;1;1011101.0;2019;7;20;3;3;5;3;0;0;1;0;0;0;0;0;0;0;2
11;5;5020417.0;2019;7;20;3;3;5;3;0;1;1;0;0;0;0;0;0;0;2
11;7;7010101.0;2019;7;19;3;3;5;7;0;0;1;0;1;0;0;0;0;0;2
11;9;9010202.0;2019;7;13;3;3;3;1;0;1;0;0;0;0;1;0;0;0;2
11;5;5040936.0;2019;7;12;3;3;2;2;0;1;1;0;0;0;0;0;0;0;2
11;8;8010404.0;2019;7;18;3;3;2;6;0;0;1;0;0;0;0;0;0;0;2
11;6;6040804.0;2019;7;18;3;3;5;2;0;1;1;0;0;0;0;0;0;0;2
11;4;4030725.0;2019;7;18;3;3;3;6;0;0;1;0;0;0;0;0;0;0;2
11;9;9010402.0;2019;7;17;3;3;2;7;0;0;1;0;1;0;0;0;0;0;2
11;8;8020728.0;2019;7;17;3;3;5;3;0;1;0;0;0;0;1;0;0;0;2
11;9;9051702.0;2019;7;10;3;2;1;5;0;0;1;0;1;0;0;0;0;0;2
11;1;1033101.0;2019;7;9;3;3;1;5;0;1;0;0;0;1;0;0;0;0;2
11;8;8041037.0;2019;7;12;3;3;5;2;0;0;1;0;0;0;1;0;0;0;2
11;7;7010102.0;2019;7;14;3;1;6;2;0;0;0;1;0;1;0;0;0;0;2
11;2;2040502.0;2019;7;13;2;3;5;2;0;1;0;0;0;0;1;0;0;0;2
11;7;7070701.0;2019;7;15;2;3;0;7;0;1;0;0;0;0;0;0;0;0;2
11;10;10040933.0;2019;7;12;2;3;0;1;0;1;0;0;0;0;0;0;0;0;2
11;1;1033102.0;2019;7;22;2;3;2;6;2;0;1;0;1;0;0;1;0;0;2
11;3;3040614.0;2019;7;21;2;3;0;2;2;0;1;0;1;0;0;1;0;0;2
11;2;2050802.0;2019;7;20;2;3;1;1;0;0;1;0;1;0;0;1;0;0;2
11;1;1033202.0;2019;7;18;2;3;5;2;0;1;0;0;0;0;1;1;0;0;2
11;4;4030930.0;2019;7;18;2;3;0;6;0;0;1;0;1;0;0;1;0;0;2
11;6;6030610.0;2019;7;18;2;3;0;5;0;1;1;0;0;0;0;1;0;0;2
11;1;1033203.0;2019;7;18;2;3;2;6;0;0;1;0;0;0;0;1;0;0;2
11;1;1011302.0;2019;7;16;2;3;2;6;0;0;1;0;0;0;0;0;0;0;2
11;5;5010311.0;2019;7;16;2;3;5;7;0;1;1;0;0;0;0;0;0;0;2
11;6;6010210.0;2019;7;19;2;3;2;6;0;0;1;0;0;0;0;1;0;0;2
11;1;1011203.0;2019;7;17;2;3;1;5;0;1;1;0;0;0;0;1;0;0;2
11;4;4051655.0;2019;7;16;2;3;5;2;0;0;1;0;1;0;0;0;0;0;2
11;1;1033102.0;2019;7;16;2;3;5;2;0;1;1;0;0;0;0;0;0;0;2
11;3;3030715.0;2019;7;19;2;3;0;7;0;0;1;0;0;0;0;1;0;0;2
11;4;4051655.0;2019;7;15;2;2;5;3;0;1;1;0;0;0;0;0;0;0;2
11;11;11020516.0;2019;7;15;2;3;5;2;0;1;0;0;0;0;1;0;0;0;2
11;1;1011301.0;2019;7;15;2;3;2;7;0;1;1;0;0;0;0;0;0;0;2
11;4;4041342.0;2019;7;14;2;2;2;6;0;0;1;0;1;0;0;0;0;0;2
11;9;9020502.0;2019;7;15;2;3;2;2;0;0;1;0;0;0;0;0;0;0;2
11;5;5010206.0;2019;7;14;2;3;0;1;0;0;0;0;1;0;0;0;0;0;2
11;4;4051446.0;2019;7;14;2;3;5;2;0;0;0;0;0;1;1;0;0;0;2
11;2;2050802.0;2019;7;14;2;3;5;3;0;0;1;0;0;0;0;0;0;0;2
11;9;9020701.0;2019;7;13;2;3;3;2;0;0;1;0;1;0;0;0;0;0;2
11;7;7020204.0;2019;7;12;2;2;6;7;0;0;0;1;0;0;1;0;0;0;2
11;4;4020310.0;2019;7;12;2;3;2;6;0;0;1;0;0;0;0;0;0;0;2
11;3;3061126.0;2019;7;12;2;3;5;2;0;1;1;0;0;0;0;0;0;0;2
11;2;2020203.0;2019;7;11;2;3;5;3;0;1;1;0;0;0;0;0;0;0;2
11;10;10020622.0;2019;7;11;2;2;5;2;0;0;1;0;0;0;0;0;0;0;2
11;9;9030901.0;2019;7;9;2;3;6;4;0;0;1;1;0;0;0;0;0;0;2
11;2;2040502.0;2019;7;9;2;3;5;2;0;1;1;0;0;0;0;0;0;0;2
11;4;4051551.0;2019;7;9;2;3;2;6;0;0;1;0;0;0;0;0;0;0;2
11;5;5020627.0;2019;7;11;2;2;8;1;0;0;1;0;0;0;0;0;0;0;2
11;2;2030302.0;2019;7;18;2;3;0;1;0;1;0;0;0;0;0;1;0;0;2
11;2;2010102.0;2019;7;19;2;3;0;1;0;1;0;0;0;0;0;1;0;0;2
11;4;4010102.0;2019;7;8;2;3;3;6;0;0;1;0;0;0;1;0;0;0;2
11;8;8010118.0;2019;7;7;2;3;2;2;0;1;1;0;0;0;0;0;0;0;2
11;2;2050802.0;2019;7;6;2;3;2;6;0;0;1;0;1;0;0;0;0;0;2
11;6;6020408.0;2019;7;20;1;3;0;1;0;1;0;0;0;0;0;0;0;0;2
11;7;7010101.0;2019;7;14;1;3;2;6;0;0;1;0;1;0;0;0;0;0;2
11;5;5030731.0;2019;7;13;1;3;2;6;0;0;1;0;0;0;0;0;0;0;2
11;1;1011202.0;2019;7;17;1;3;0;7;0;0;0;0;0;0;1;0;0;0;2
11;1;1011303.0;2019;7;22;1;3;0;4;2;0;0;1;1;0;0;0;0;0;2
11;8;8010510.0;2019;7;18;1;3;0;1;0;1;0;0;0;0;0;0;0;0;2
11;8;8040933.0;2019;7;16;1;3;5;7;0;0;1;0;0;0;0;0;0;0;2
11;1;1011102.0;2019;7;16;1;3;1;5;0;0;1;0;0;0;1;0;0;0;2
11;7;7030303.0;2019;7;15;1;2;2;6;0;0;1;0;1;0;0;0;0;0;2
11;1;1011304.0;2019;7;15;1;3;0;1;0;0;0;0;0;0;1;0;0;0;2
11;2;2050804.0;2019;7;9;1;3;5;2;0;1;0;0;0;0;1;0;0;0;2
11;2;2010103.0;2019;7;10;7;3;0;1;0;1;0;0;0;0;0;0;0;0;2
11;2;2040502.0;2019;7;17;7;3;0;3;0;1;1;0;0;0;0;0;0;0;2
11;8;8010404.0;2019;7;23;7;3;0;7;2;1;0;0;0;0;1;0;0;0;2
11;6;6030503.0;2019;7;18;7;3;5;3;0;1;1;0;0;0;0;0;0;0;2
11;8;8010301.0;2019;7;18;7;3;0;6;0;0;1;0;1;0;0;0;0;0;2
11;1;1022103.0;2019;7;17;7;3;2;6;0;0;1;0;0;0;0;0;0;0;2
11;4;4051448.0;2019;7;16;7;3;2;6;0;0;1;0;0;0;0;0;0;0;2
11;4;4030725.0;2019;7;16;7;3;5;2;0;0;1;0;0;0;0;0;0;0;2
11;1;1033101.0;2019;7;16;7;3;5;2;0;1;1;0;0;0;0;0;0;0;2
11;6;6040806.0;2019;7;15;7;2;6;4;0;0;1;1;0;0;0;0;0;0;2
11;8;8010301.0;2019;7;23;7;3;0;6;2;0;0;0;1;0;0;0;0;0;2
11;1;1022207.0;2019;8;7;4;3;6;4;0;0;1;1;0;0;0;0;0;0;0
11;5;5020524.0;2019;8;6;4;3;5;2;0;0;1;0;0;0;0;0;0;0;0
11;9;9051702.0;2019;8;7;4;2;6;7;0;0;0;1;0;0;1;0;0;0;0
11;5;5010101.0;2019;8;7;4;3;0;1;0;1;0;0;0;0;0;0;0;0;0
11;3;3061126.0;2019;8;18;3;3;0;5;0;1;1;0;0;0;0;0;0;0;0
11;1;1022206.0;2019;8;17;3;2;6;7;0;0;0;1;0;0;1;0;0;0;0
11;1;1011202.0;2019;8;13;3;3;6;4;0;1;0;1;0;0;0;0;0;0;0
11;3;3071536.0;2019;8;18;3;3;1;5;0;1;1;0;0;0;1;0;0;0;0
11;9;9020502.0;2019;8;16;3;2;6;4;0;0;0;1;1;0;0;0;0;0;0
11;3;3061429.0;2019;8;16;3;3;5;2;0;1;1;0;0;0;0;0;0;0;0
11;1;1022101.0;2019;8;15;3;3;2;6;0;0;1;0;0;0;0;0;0;0;0
11;8;8010406.0;2019;8;18;3;3;1;5;1;1;1;0;0;0;0;0;0;0;0
11;7;7040403.0;2019;8;18;3;3;6;2;0;0;1;1;0;0;0;0;0;0;0
11;7;7010102.0;2019;8;18;3;3;6;4;0;0;1;1;0;0;0;0;0;0;0
11;10;10040933.0;2019;8;18;3;3;1;5;0;1;1;0;0;0;0;0;0;0;0
11;3;3071633.0;2019;8;17;3;3;3;6;0;1;0;0;0;0;0;0;0;0;0
11;8;8010214.0;2019;8;17;3;3;5;2;0;1;1;0;0;0;0;0;0;0;0
11;2;2050801.0;2019;8;17;3;3;5;2;0;1;1;0;0;0;0;0;0;0;0
11;7;7030301.0;2019;8;17;3;3;2;2;0;1;1;0;0;0;0;0;0;0;0
11;7;7040403.0;2019;8;17;3;2;0;1;0;0;0;0;0;0;1;0;0;0;0
11;1;1011303.0;2019;8;8;3;3;0;6;0;1;0;0;0;0;0;0;0;0;0
11;2;2050803.0;2019;8;12;3;3;0;7;0;0;0;0;1;0;0;0;0;0;0
11;1;1011204.0;2019;8;16;3;3;5;3;0;1;1;0;1;0;0;0;0;0;0
11;7;7040403.0;2019;8;15;3;3;5;2;0;0;1;0;1;0;0;0;0;0;0
11;9;9010202.0;2019;8;15;3;3;2;1;0;0;1;0;0;0;0;0;0;0;0
11;4;4030725.0;2019;8;14;3;3;5;3;0;0;1;0;1;0;0;0;0;0;0
11;12;12214125.0;2019;8;14;3;3;2;6;0;0;1;0;0;0;0;0;0;0;0
11;5;5020628.0;2019;8;13;3;3;2;6;0;0;1;0;0;0;0;0;0;0;0
11;4;4051653.0;2019;8;13;3;3;5;2;0;1;0;0;0;1;0;0;0;0;0
11;3;3050925.0;2019;8;16;3;3;3;6;0;1;1;0;0;0;0;0;0;0;0
11;4;4051655.0;2019;8;15;3;2;5;2;0;0;1;0;0;0;0;0;0;0;0
11;9;9052001.0;2019;8;12;3;3;5;7;0;0;1;0;0;0;1;0;0;0;0
11;8;8020727.0;2019;8;15;3;3;1;5;0;0;1;0;0;0;0;0;0;0;0
11;9;9051702.0;2019;8;12;3;3;1;5;0;1;0;0;0;0;1;0;0;0;0
11;1;1011304.0;2019;8;11;3;3;3;7;0;1;1;0;0;0;0;0;0;0;0
11;1;1011103.0;2019;8;8;3;3;2;6;0;1;1;0;0;0;0;0;0;0;0
11;5;5020626.0;2019;8;8;3;3;5;7;0;0;1;0;1;0;0;0;0;0;0
11;10;10010310.0;2019;8;11;3;3;2;6;0;0;1;0;0;1;0;0;0;0;0
11;3;3061126.0;2019;8;6;3;2;0;7;0;1;0;0;0;0;0;0;0;0;0
11;5;5020524.0;2019;8;10;3;3;0;2;0;1;1;0;0;0;0;0;0;0;0
11;1;1044101.0;2019;8;6;3;3;5;2;0;1;1;0;0;0;0;0;0;0;0
11;8;8010404.0;2019;8;1;3;3;6;7;2;0;0;1;0;0;1;0;0;0;0
11;9;9010302.0;2019;8;9;3;3;5;3;0;1;1;0;0;0;0;0;0;0;0
11;10;10020413.0;2019;8;9;3;3;0;7;0;0;1;0;1;0;0;1;0;0;0
11;8;8010404.0;2019;8;9;3;3;5;2;0;1;1;0;0;0;0;0;0;0;0
11;2;2040502.0;2019;8;8;3;3;5;3;0;0;1;0;1;0;0;0;0;0;0
11;5;5020523.0;2019;8;20;2;3;2;2;0;1;0;0;0;0;0;0;0;0;0
11;7;7030301.0;2019;8;12;2;3;2;7;0;1;1;0;0;0;0;0;0;0;0
11;4;4020310.0;2019;8;15;2;3;2;6;2;0;1;0;0;0;0;0;0;0;0
11;8;8030829.0;2019;8;20;2;3;5;2;0;1;0;0;0;1;0;0;0;0;0
11;11;11030618.0;2019;8;19;2;3;6;4;0;1;0;1;0;0;0;0;0;0;0
11;10;10020416.0;2019;8;18;2;3;5;2;0;1;1;0;0;0;0;0;0;0;0
11;7;7050505.0;2019;8;18;2;2;5;5;0;0;1;0;0;0;0;0;0;0;0
11;1;1011401.0;2019;8;20;2;2;1;5;1;1;0;0;0;0;1;0;0;0;0
11;11;11020514.0;2019;8;15;2;3;0;2;0;0;1;0;1;0;0;0;0;0;0
11;5;5020627.0;2019;8;18;2;3;5;2;0;1;1;0;0;0;0;0;0;0;0
11;1;1011204.0;2019;8;17;2;3;5;2;0;0;1;0;1;0;0;0;0;0;0
11;7;7010104.0;2019;8;13;2;3;6;7;0;1;0;1;0;0;0;0;0;0;0
11;2;2010101.0;2019;8;13;2;3;2;6;0;1;0;0;0;0;0;0;0;0;0
11;4;4041137.0;2019;8;13;2;3;5;3;0;0;1;0;0;0;0;0;0;0;0
11;2;2020203.0;2019;8;17;2;3;0;2;0;0;1;0;1;0;0;0;0;0;0
11;5;5020521.0;2019;8;16;2;3;0;2;0;1;1;0;0;0;0;0;0;0;0
11;11;11051229.0;2019;8;16;2;2;0;7;0;1;0;0;0;0;0;0;0;0;0
11;12;12301205.0;2019;8;16;2;3;5;3;0;1;1;0;0;0;0;0;0;0;0
11;5;5020523.0;2019;8;16;2;3;0;4;0;0;0;1;0;0;1;0;0;0;0
11;5;5010314.0;2019;8;15;2;3;2;2;0;0;1;0;0;0;1;0;0;0;0
11;10;10010102.0;2019;8;15;2;2;5;3;0;0;1;0;1;0;0;0;0;0;0
11;12;12214421.0;2019;8;15;2;3;6;2;0;0;1;1;0;0;0;0;0;0;0
11;11;11030721.0;2019;8;14;2;3;0;2;0;1;0;0;0;0;1;0;0;0;0
11;1;1011301.0;2019;8;14;2;3;3;5;0;1;1;0;0;0;0;0;0;0;0
11;6;6030609.0;2019;8;15;2;3;5;3;0;0;1;0;0;0;0;0;0;0;0
11;4;4051551.0;2019;8;10;2;3;5;3;0;1;1;0;0;0;0;0;0;0;0
11;12;12214424.0;2019;8;10;2;3;5;2;0;1;1;0;0;0;0;0;0;0;0
11;3;3020307.0;2019;8;9;2;3;6;3;0;0;1;1;0;0;0;0;0;0;0
11;11;11041023.0;2019;8;12;2;2;5;3;0;1;1;0;0;0;0;0;0;0;0
11;2;2030302.0;2019;8;12;2;3;0;1;0;1;0;0;0;0;0;0;0;0;0
11;9;9041601.0;2019;8;10;2;3;5;5;0;0;1;0;0;0;0;0;0;0;0
11;1;3071537.0;2019;8;8;2;3;2;6;0;0;1;0;1;0;0;0;0;0;0
11;7;7010102.0;2019;8;8;2;3;5;3;0;1;1;0;0;0;0;0;0;0;0
11;7;7020203.0;2019;8;8;2;3;3;6;0;1;1;0;0;0;0;0;0;0;0
11;1;1033202.0;2019;8;7;2;3;5;3;0;0;1;0;0;0;0;0;0;0;0
11;4;4051446.0;2019;8;14;1;3;0;6;0;0;1;0;1;0;0;0;0;0;0
11;8;8020623.0;2019;8;10;1;3;0;6;0;1;1;0;0;0;0;0;0;0;0
11;8;8010117.0;2019;8;22;1;3;5;2;2;1;1;0;0;0;0;0;0;0;0
11;8;8010303.0;2019;8;21;1;3;0;1;2;0;0;0;1;0;0;0;0;0;0
11;2;2020203.0;2019;8;14;1;3;5;3;0;1;1;0;0;0;0;0;0;0;0
11;12;12214423.0;2019;8;14;1;3;1;5;0;0;1;0;0;0;0;0;0;0;0
11;6;6040808.0;2019;8;13;1;3;0;1;0;1;0;0;0;0;0;0;0;0;0
11;4;4020311.0;2019;8;13;1;3;5;3;0;0;1;0;1;0;0;0;0;0;0
11;6;6020410.0;2019;8;13;1;3;2;6;0;0;1;0;1;0;0;0;0;0;0
11;8;8010117.0;2019;8;13;1;3;5;2;0;0;1;0;0;0;0;0;0;0;0
11;3;3061228.0;2019;8;12;1;3;0;1;0;1;0;0;0;0;0;0;0;0;0
11;2;2030302.0;2019;8;12;1;3;5;3;0;0;1;0;0;0;0;0;0;0;0
11;4;4041134.0;2019;8;12;1;3;2;6;0;0;1;0;1;0;0;0;0;0;0
11;1;1044201.0;2019;8;12;1;3;2;6;0;0;1;0;0;0;0;0;0;0;0
11;9;9051702.0;2019;8;20;1;3;2;5;0;0;1;0;0;0;0;0;0;0;0
11;11;11040926.0;2019;8;20;1;2;5;2;1;1;1;0;0;0;0;0;0;0;0
11;1;1022106.0;2019;8;19;1;3;5;2;0;1;1;0;0;0;0;0;0;0;0
11;9;9020802.0;2019;8;18;1;3;5;2;0;1;1;0;0;0;0;0;0;0;0
11;8;8010303.0;2019;8;18;1;3;5;3;0;0;1;0;1;0;0;0;0;0;0
11;10;10040932.0;2019;8;17;1;3;5;3;0;0;1;0;0;0;0;0;0;0;0
11;12;12231102.0;2019;8;17;1;3;5;3;0;0;1;0;1;0;0;0;0;0;0
11;5;5010207.0;2019;8;15;1;2;5;2;0;0;1;0;0;0;0;0;0;0;0