LAND;BEZ;LOR_ab_2021;UJAHR;UMONAT;USTUNDE;UWOCHENTAG;UKATEGORIE;UART;UTYP1;ULICHTVERH;IstRad;IstPKW;IstFuss;IstKrad;IstGkfz;IstSonstige;USTRZUSTAND;LOCKDOWN;COVID;FERIEN
11;12;12302110.0;2019;8;15;1;3;2;6;0;0;1;0;0;0;1;0;0;0;0
11;6;6030503.0;2019;8;15;1;3;0;7;0;1;0;0;0;0;0;0;0;0;0
11;8;8020727.0;2019;8;14;1;3;0;7;0;0;1;0;1;0;0;0;0;0;0
11;1;1044202.0;2019;8;10;1;3;1;5;0;1;1;0;0;0;0;0;0;0;0
11;9;9020702.0;2019;8;8;1;3;5;3;0;0;1;0;0;0;1;0;0;0;0
11;5;5010206.0;2019;8;7;4;3;5;2;0;0;1;0;1;0;0;0;0;0;0
11;5;5010314.0;2019;8;8;1;3;6;2;0;0;1;1;0;0;0;0;0;0;0
11;3;3020209.0;2019;8;1;1;3;1;5;2;1;1;0;0;0;0;0;0;0;0
11;3;3030716.0;2019;8;17;7;1;0;7;0;0;0;0;0;0;1;0;0;0;0
11;3;3061131.0;2019;8;12;7;3;0;4;0;1;0;1;0;0;0;0;0;0;0
11;3;3040614.0;2019;8;13;7;3;5;2;0;1;1;0;0;0;0;0;0;0;0
11;4;4030623.0;2019;8;13;7;3;5;3;0;0;1;0;1;0;0;0;0;0;0
11;11;11020412.0;2019;8;12;7;3;2;6;0;0;1;0;0;0;0;0;0;0;0
11;3;3030406.0;2019;8;12;7;3;5;3;0;0;1;0;0;0;0;0;0;0;0
11;9;9020501.0;2019;8;12;7;3;5;3;0;0;1;0;0;0;0;0;0;0;0
11;4;4041241.0;2019;8;11;7;3;5;3;0;1;1;0;0;0;0;0;0;0;0
11;5;5010101.0;2019;8;11;7;2;5;2;0;1;1;0;0;0;0;0;0;0;0
11;6;6020410.0;2019;8;11;7;3;2;2;0;0;1;0;0;0;0;0;0;0;0
11;9;9031001.0;2019;8;11;7;2;5;3;0;0;1;0;0;0;0;0;0;0;0
11;5;5020419.0;2019;8;11;7;3;5;3;0;1;1;0;0;0;0;0;0;0;0
11;9;9010302.0;2019;8;9;7;3;2;2;0;0;1;0;0;0;0;0;0;0;0
11;1;1011203.0;2019;8;9;7;3;5;3;0;0;1;0;0;0;0;0;0;0;0
11;12;12302212.0;2019;8;0;7;3;4;6;2;0;1;0;0;0;0;1;0;0;0
11;5;5030832.0;2019;8;19;7;3;2;6;0;0;1;0;0;0;0;0;0;0;0
11;4;4051655.0;2019;8;18;7;3;2;6;0;0;1;0;0;0;0;0;0;0;0
11;3;3071633.0;2019;8;17;7;3;2;2;0;0;1;0;0;0;0;0;0;0;0
11;4;4051445.0;2019;8;17;7;3;0;1;0;0;0;0;1;0;0;0;0;0;0
11;1;1044102.0;2019;8;16;7;3;4;6;0;0;1;0;0;0;0;0;0;0;0
11;9;9020502.0;2019;8;16;7;3;5;3;0;1;1;0;0;0;0;0;0;0;0
11;4;4010102.0;2019;8;15;7;3;5;2;0;0;1;0;0;0;0;0;0;0;0
11;2;2010103.0;2019;8;23;7;3;5;3;2;0;1;0;0;0;0;0;0;0;0
11;7;7070706.0;2019;8;20;7;3;5;3;0;0;1;0;0;0;0;0;0;0;0
11;3;3061131.0;2019;8;3;7;3;0;1;2;0;0;0;1;0;0;0;0;0;0
11;1;1011301.0;2019;8;17;6;3;5;2;0;1;1;0;0;0;0;0;0;0;0
11;2;2010101.0;2019;8;16;6;3;0;4;0;1;0;1;0;0;0;0;0;0;0
11;2;2020205.0;2019;8;19;6;3;1;7;0;0;1;0;0;0;0;0;0;0;0
11;4;4030931.0;2019;8;21;6;3;3;6;2;1;1;0;0;0;0;0;0;0;0
11;12;12214424.0;2019;8;17;6;3;2;6;0;1;1;0;0;0;0;0;0;0;0
11;8;8010211.0;2019;8;22;6;3;1;5;2;1;1;0;0;0;0;0;0;0;0
11;2;2010102.0;2019;8;17;6;3;1;5;0;1;1;0;0;0;0;0;0;0;0
11;2;2010103.0;2019;8;20;6;3;5;3;0;0;1;0;1;0;0;0;0;0;0
11;8;8010211.0;2019;8;17;6;3;3;6;0;1;1;0;0;0;0;0;0;0;0
11;9;9031001.0;2019;8;19;6;3;5;3;0;1;0;0;0;0;1;0;0;0;0
11;3;3061227.0;2019;8;18;6;3;5;7;0;0;1;0;0;0;0;0;0;0;0
11;6;6020409.0;2019;8;21;6;3;1;7;2;0;1;0;0;0;0;0;0;0;0
11;4;4041238.0;2019;8;17;6;2;1;5;0;1;1;0;0;0;0;0;0;0;0
11;4;4030726.0;2019;8;19;6;2;0;1;0;0;0;0;1;0;0;0;0;0;0
11;8;8010211.0;2019;8;18;6;3;0;7;0;0;1;0;1;0;0;0;0;0;0
11;7;7050503.0;2019;8;8;6;3;0;7;0;0;0;1;0;0;1;0;0;0;0
11;9;9020502.0;2019;8;8;6;3;0;2;0;1;1;0;0;0;0;0;0;0;0
11;12;12214125.0;2019;8;8;6;3;5;2;0;1;1;0;0;0;0;0;0;0;0
11;7;7010102.0;2019;8;8;6;3;2;2;0;1;1;0;0;0;0;0;0;0;0
11;12;12214527.0;2019;8;8;6;3;3;6;0;0;1;0;0;1;0;0;0;0;0
11;4;4010102.0;2019;8;7;6;3;0;7;0;0;1;0;1;0;0;0;0;0;0
11;12;12231102.0;2019;8;7;6;3;4;6;0;1;0;0;0;0;0;0;0;0;0
11;4;4061757.0;2019;8;13;6;3;5;2;0;0;1;0;1;0;0;0;0;0;0
11;1;1011401.0;2019;8;16;6;3;1;1;0;1;1;0;0;0;0;0;0;0;0
11;9;9010202.0;2019;8;13;6;3;6;4;0;1;0;1;0;0;0;0;0;0;0
11;11;11020412.0;2019;8;16;6;2;5;3;0;1;1;0;0;0;0;0;0;0;0
11;1;1011301.0;2019;8;13;6;3;1;5;0;1;1;0;0;0;0;0;0;0;0
11;7;7020204.0;2019;8;13;6;3;2;6;0;0;1;0;0;0;0;0;0;0;0
11;3;3040513.0;2019;8;13;6;3;5;3;0;0;1;0;1;0;0;0;0;0;0
11;9;9051901.0;2019;8;11;6;3;0;1;0;1;0;0;0;0;0;0;0;0;0
11;1;1011203.0;2019;8;11;6;3;2;7;0;0;1;0;1;0;0;0;0;0;0
11;12;12224230.0;2019;8;10;6;2;6;4;0;0;1;1;0;0;0;0;0;0;0
11;5;5010314.0;2019;8;10;6;3;0;2;0;0;1;0;1;0;0;0;0;0;0
11;3;3050920.0;2019;8;9;6;3;5;2;0;1;0;0;0;0;0;0;0;0;0
11;1;1044202.0;2019;8;9;6;3;5;2;0;1;1;0;0;0;0;0;0;0;0
11;9;9010101.0;2019;8;9;6;3;5;2;0;1;1;0;0;0;0;0;0;0;0
11;5;5020625.0;2019;8;15;6;2;6;4;0;0;1;1;0;0;0;0;0;0;0
11;1;1044103.0;2019;8;15;6;3;5;2;0;1;1;0;1;0;0;0;0;0;0
11;2;2010101.0;2019;8;14;6;3;3;6;0;1;0;0;0;0;1;0;0;0;0
11;5;5010209.0;2019;8;14;6;3;5;2;0;0;1;0;0;0;0;0;0;0;0
11;11;11030619.0;2019;8;13;6;3;2;6;0;0;1;0;0;0;1;0;0;0;0
11;4;4051549.0;2019;8;2;6;3;0;1;2;1;0;0;0;0;0;0;0;0;0
11;3;3071536.0;2019;8;23;6;3;9;1;2;0;0;0;0;0;1;0;0;0;0
11;4;4030931.0;2019;8;14;5;2;5;2;0;0;1;0;1;0;0;0;0;0;0
11;5;5020625.0;2019;8;16;5;2;5;2;0;0;1;0;0;0;0;0;0;0;0
11;11;11030618.0;2019;8;19;5;3;4;6;0;1;0;0;0;0;0;0;0;0;0
11;4;4030931.0;2019;8;17;5;3;6;4;0;1;0;1;0;0;0;0;0;0;0
11;9;9020501.0;2019;8;18;5;3;5;2;0;1;1;0;0;0;0;0;0;0;0
11;6;6020301.0;2019;8;17;5;3;2;6;0;0;1;0;1;0;0;0;0;0;0
11;6;6030504.0;2019;8;16;5;3;5;3;0;1;1;0;0;0;0;0;0;0;0
11;1;1011101.0;2019;8;16;5;3;2;2;0;0;1;0;1;0;0;0;0;0;0
11;1;1011305.0;2019;8;18;5;3;3;2;0;1;1;0;0;0;0;0;0;0;0
11;9;9020502.0;2019;8;16;5;2;5;2;0;1;1;0;0;0;0;0;0;0;0
11;8;8010405.0;2019;8;15;5;3;5;3;0;1;0;0;0;0;0;0;0;0;0
11;2;2010102.0;2019;8;15;5;3;1;5;0;1;1;0;0;0;0;0;0;0;0
11;1;1011204.0;2019;8;15;5;3;2;6;0;1;1;0;0;0;0;0;0;0;0
11;8;8010301.0;2019;8;14;5;3;0;3;0;0;1;0;0;0;1;0;0;0;0
11;1;1033202.0;2019;8;14;5;3;5;2;0;1;0;0;0;0;1;0;0;0;0
11;5;5010314.0;2019;8;14;5;3;3;6;0;0;1;0;1;0;0;0;0;0;0
11;2;2040701.0;2019;8;14;5;3;2;6;0;0;1;0;0;0;1;0;0;0;0
11;8;8020619.0;2019;8;14;5;3;5;2;0;1;1;0;0;0;0;0;0;0;0
11;11;11010204.0;2019;8;13;5;3;5;3;0;1;1;0;0;0;0;0;0;0;0
11;1;1022106.0;2019;8;10;5;3;5;2;0;1;1;0;0;0;0;0;0;0;0
11;7;7020203.0;2019;8;21;5;3;6;7;2;1;0;1;0;0;0;0;0;0;0
11;4;4031032.0;2019;8;19;5;2;5;2;0;0;1;0;1;0;0;0;0;0;0
11;6;6040810.0;2019;8;8;5;3;5;5;0;1;1;0;0;0;0;0;0;0;0
11;12;12304313.0;2019;8;10;5;2;5;3;0;0;1;0;0;0;0;0;0;0;0
11;3;3051017.0;2019;8;8;5;3;5;3;0;1;0;0;0;0;0;0;0;0;0
11;3;3061430.0;2019;8;8;5;3;5;7;0;0;1;0;1;0;0;0;0;0;0
11;1;1011201.0;2019;8;9;5;3;0;1;0;1;0;0;0;0;0;1;0;0;0
11;8;8020622.0;2019;8;8;5;3;2;6;0;0;1;0;0;0;0;0;0;0;0
11;5;5010205.0;2019;8;8;5;3;5;3;0;1;1;0;0;0;0;0;0;0;0
11;10;10010204.0;2019;8;6;5;2;6;4;0;0;1;1;0;0;0;0;0;0;0
11;5;5030731.0;2019;8;8;4;3;6;7;0;1;0;1;0;0;0;0;0;0;0
11;1;1011203.0;2019;8;14;4;3;5;2;0;1;0;0;0;0;0;1;0;0;0
11;9;9020601.0;2019;8;12;4;2;6;7;0;1;0;1;0;0;0;0;0;0;0
11;7;7040405.0;2019;8;11;4;3;3;6;0;0;1;0;0;0;0;0;0;0;0
11;4;4051446.0;2019;8;11;4;2;6;4;0;0;1;1;0;0;0;0;0;0;0
11;2;2020203.0;2019;8;11;4;3;2;6;0;0;1;0;0;0;0;0;0;0;0
11;2;2020204.0;2019;8;9;4;3;6;4;0;1;0;1;0;0;0;0;0;0;0
11;8;8020728.0;2019;8;9;4;3;6;4;0;0;1;1;0;0;0;0;0;0;0
11;4;4030724.0;2019;8;9;4;3;5;7;0;0;1;0;0;0;0;0;0;0;0
11;4;4051446.0;2019;8;9;4;3;5;3;0;1;1;0;0;0;0;0;0;0;0
11;6;6030608.0;2019;8;9;4;2;5;3;0;1;1;0;0;0;0;0;0;0;0
11;1;1011402.0;2019;8;8;4;3;0;6;0;0;1;0;1;0;0;0;0;0;0
11;1;1011201.0;2019;8;7;4;3;2;2;0;0;1;0;1;0;0;0;0;0;0
11;8;8010510.0;2019;8;3;4;3;5;3;2;1;1;0;0;0;0;0;0;0;0
11;1;1011103.0;2019;8;20;4;3;5;3;0;0;1;0;1;0;0;0;0;0;0
11;4;4051653.0;2019;8;7;4;3;5;2;0;0;1;0;0;0;0;0;0;0;0
11;12;12231101.0;2019;8;12;4;3;5;3;0;0;1;0;0;0;0;0;0;0;0
11;12;12214424.0;2019;8;12;4;3;0;1;0;1;0;0;0;0;0;0;0;0;0
11;3;3040512.0;2019;8;7;4;3;2;6;0;0;1;0;0;0;0;0;0;0;0
11;6;6020301.0;2019;8;2;4;3;9;1;2;0;1;0;0;0;0;0;0;0;0
11;2;2020204.0;2019;8;16;4;3;5;3;0;0;1;0;0;0;0;0;0;0;0
11;3;3040818.0;2019;8;8;4;3;3;6;0;1;1;0;0;0;0;0;0;0;0
11;1;1011402.0;2019;8;15;4;3;6;7;0;0;0;1;0;0;1;0;0;0;0
11;7;7020204.0;2019;8;15;4;3;3;7;0;1;0;0;0;0;0;0;0;0;0
11;1;1011204.0;2019;8;15;4;3;5;2;0;1;0;0;0;0;1;1;0;0;0
11;2;2030402.0;2019;8;14;4;3;0;6;0;1;1;0;0;0;0;0;0;0;0
11;1;1011303.0;2019;8;14;4;3;0;1;0;0;0;0;1;0;0;1;0;0;0
11;7;7050501.0;2019;8;14;4;3;0;3;0;1;1;0;0;0;0;1;0;0;0
11;2;2020204.0;2019;8;14;4;3;0;2;0;0;0;0;1;0;1;1;0;0;0
11;3;3061430.0;2019;8;14;4;3;5;2;0;1;1;0;0;0;0;1;0;0;0
11;4;4030623.0;2019;8;19;4;3;5;2;0;1;1;0;0;0;0;0;0;0;0
11;5;5020419.0;2019;8;18;4;3;5;3;0;0;1;0;0;0;0;0;0;0;0
11;11;11041128.0;2019;8;17;4;3;5;3;0;0;1;0;1;0;0;0;0;0;0
11;11;11030720.0;2019;8;13;4;3;5;7;0;0;1;0;0;1;0;1;0;0;0
11;10;10040828.0;2019;8;13;4;3;5;7;0;0;1;0;0;0;0;0;0;0;0
11;1;1022106.0;2019;8;13;4;3;5;2;0;1;1;0;0;0;0;0;0;0;0
11;1;1022104.0;2019;8;5;3;3;5;3;1;0;1;0;1;0;0;0;0;0;0
11;6;6010209.0;2019;8;12;3;2;1;5;0;1;1;0;0;0;0;0;0;0;0
11;4;4051653.0;2019;8;15;3;3;0;6;0;0;1;0;1;0;0;1;0;0;0
11;7;7020202.0;2019;8;16;3;3;1;7;0;0;1;0;0;0;0;0;0;0;0
11;4;4020310.0;2019;8;10;3;3;2;2;0;0;1;0;1;0;0;0;0;0;0
11;1;1011203.0;2019;8;20;3;3;5;3;2;1;1;0;0;0;0;0;0;0;0
11;7;7010104.0;2019;8;20;3;3;3;6;0;1;0;0;0;0;1;0;0;0;0
11;6;6030501.0;2019;8;19;3;3;1;1;0;0;1;0;0;0;0;0;0;0;0
11;7;7030301.0;2019;8;19;3;3;2;6;0;0;1;0;0;0;0;0;0;0;0
11;5;5010314.0;2019;8;18;3;3;0;2;0;0;1;0;0;0;1;0;0;0;0
11;5;5020625.0;2019;8;18;3;3;0;4;0;1;0;1;0;0;0;0;0;0;0
11;1;1011301.0;2019;8;18;3;3;2;2;0;1;1;0;0;0;0;0;0;0;0
11;1;1033203.0;2019;8;18;3;3;5;3;0;1;1;0;0;0;0;0;0;0;0
11;2;2020206.0;2019;8;16;3;3;0;7;0;1;1;0;0;0;0;1;0;0;0
11;2;2020206.0;2019;8;17;3;2;2;6;0;0;0;0;1;0;1;0;0;0;0
11;9;9031101.0;2019;8;17;3;3;3;6;0;1;1;0;0;0;0;0;0;0;0
11;1;1011105.0;2019;8;17;4;3;5;2;0;1;1;0;0;0;0;0;0;0;0
11;1;1011204.0;2019;8;17;3;3;0;3;0;0;1;0;1;0;0;1;0;0;0
11;4;4030620.0;2019;8;17;3;3;5;7;0;1;1;0;0;0;0;0;0;0;0
11;1;1022202.0;2019;8;17;4;3;0;2;0;1;1;0;0;0;0;0;0;0;0
11;3;3061126.0;2019;8;17;3;3;5;2;0;1;1;0;0;0;0;0;0;0;0
11;7;7070702.0;2019;8;17;4;3;5;3;0;1;1;0;0;0;0;0;0;0;0
11;1;1011203.0;2019;8;17;3;3;5;3;0;0;1;0;0;0;1;0;0;0;0
11;10;10010203.0;2019;8;17;4;3;5;3;0;1;0;0;0;0;1;0;0;0;0
11;6;6020303.0;2019;8;17;3;3;5;2;0;0;1;0;1;0;0;0;0;0;0
11;1;1011202.0;2019;8;8;4;3;5;2;0;1;0;0;1;0;0;0;0;0;0
11;3;3051021.0;2019;8;11;3;3;2;5;0;0;1;0;1;0;0;0;0;0;0
11;2;2010104.0;2019;8;16;4;3;6;7;0;1;0;1;0;0;0;0;0;0;0
11;8;8010117.0;2019;8;12;3;3;2;6;0;1;1;0;0;0;0;0;0;0;0
11;1;1044201.0;2019;8;16;4;2;1;5;0;0;1;0;1;0;0;0;0;0;0
11;1;1033101.0;2019;8;11;3;3;5;3;0;0;1;0;1;0;0;0;0;0;0
11;5;5030832.0;2019;8;11;3;3;6;7;0;0;1;1;0;0;0;0;0;0;0
11;1;1044201.0;2019;8;15;4;3;5;2;0;0;1;0;1;0;0;0;0;0;0
11;6;6040806.0;2019;8;10;3;3;1;5;0;1;1;0;0;0;0;0;0;0;0
11;4;4030623.0;2019;8;15;4;2;5;2;0;1;0;0;0;0;1;0;0;0;0
11;8;8010117.0;2019;8;9;3;3;5;3;0;0;1;0;1;0;1;0;0;0;0
11;12;12214527.0;2019;8;12;4;3;5;7;0;0;1;0;1;0;0;0;0;0;0
11;3;3030406.0;2019;8;9;3;3;0;3;0;0;1;0;0;0;1;0;0;0;0
11;6;6040703.0;2019;8;11;4;3;5;3;0;0;1;0;0;0;0;0;0;0;0
11;8;8010510.0;2019;8;8;3;3;5;2;0;1;1;0;0;0;0;0;0;0;0
11;4;4030620.0;2019;8;7;3;3;5;2;0;1;1;0;0;0;0;0;0;0;0
11;11;11030721.0;2019;8;10;4;3;5;5;0;0;1;0;0;0;1;0;0;0;0
11;1;1022105.0;2019;8;10;4;3;5;2;0;0;1;0;0;0;0;0;0;0;0
11;3;3040614.0;2019;8;7;3;3;5;3;0;1;1;0;0;0;0;0;0;0;0
11;11;11010103.0;2019;8;7;3;2;3;6;0;0;0;0;1;0;1;0;0;0;0
11;1;1022206.0;2019;8;10;4;2;6;7;0;0;1;1;0;0;0;0;0;0;0
11;9;9020802.0;2019;8;7;3;3;2;6;0;0;1;0;1;0;0;0;0;0;0
11;9;9010201.0;2019;8;9;4;3;5;2;0;1;1;0;0;0;0;0;0;0;0
11;4;4041238.0;2019;8;15;3;3;1;5;0;0;1;0;0;0;0;0;0;0;0
11;11;11030721.0;2019;8;16;3;3;4;6;0;1;1;0;0;0;0;0;0;0;0
11;7;7060603.0;2019;8;9;4;3;5;2;0;1;1;0;0;0;0;0;0;0;0
11;12;12231102.0;2019;8;15;3;3;0;3;0;0;0;0;1;0;1;1;0;0;0
11;5;5010206.0;2019;8;15;3;3;0;3;0;0;1;0;1;0;0;1;0;0;0
11;3;3071536.0;2019;8;7;4;3;5;2;0;1;0;0;0;0;1;0;0;0;0
11;4;4020207.0;2019;8;16;3;2;5;7;0;0;1;0;0;0;0;0;0;0;0
11;5;5020628.0;2019;8;15;3;3;0;3;0;0;1;0;1;0;0;0;0;0;0
11;1;1044201.0;2019;8;15;4;3;5;2;0;1;1;0;0;0;0;0;0;0;0
11;1;1044201.0;2019;8;14;3;3;6;4;0;1;0;1;0;0;0;0;0;0;0
11;3;3071537.0;2019;8;15;4;3;4;5;0;1;1;0;0;0;0;0;0;0;0
11;11;11030618.0;2019;8;16;3;3;3;6;0;1;0;0;0;0;0;0;0;0;0
11;7;7010102.0;2019;8;15;4;3;3;6;0;1;1;0;0;0;0;0;0;0;0
11;8;8010118.0;2019;8;14;3;3;0;2;0;0;1;0;1;0;0;0;0;0;0
11;3;3040614.0;2019;8;14;4;3;5;3;0;0;1;0;1;0;0;0;0;0;0
11;9;9020701.0;2019;8;14;3;2;5;2;0;0;1;0;1;0;0;0;0;0;0
11;9;9051702.0;2019;8;16;3;3;5;7;0;0;1;0;1;0;0;0;0;0;0
11;4;4020313.0;2019;8;14;4;3;6;2;0;0;1;1;0;0;0;0;0;0;0
11;12;12304314.0;2019;8;14;4;3;1;5;0;1;1;0;0;0;0;0;0;0;0
11;5;5030730.0;2019;8;13;3;3;5;2;0;1;1;0;0;0;0;0;0;0;0
11;1;1011402.0;2019;8;8;3;3;5;3;0;1;1;0;0;0;0;0;0;0;0
11;8;8010404.0;2019;8;13;4;2;5;3;0;0;1;0;1;0;0;0;0;0;0
11;4;4051550.0;2019;8;12;3;3;5;7;0;1;1;0;0;0;0;0;0;0;0
11;2;2040701.0;2019;8;13;4;3;5;3;0;0;1;0;0;0;0;0;0;0;0
11;12;12301203.0;2019;8;16;3;3;3;6;0;0;1;0;0;0;0;0;0;0;0
11;3;3050920.0;2019;8;13;4;3;5;3;0;0;1;0;0;0;0;0;0;0;0
11;2;2050802.0;2019;8;15;3;3;5;3;0;0;1;0;0;0;0;1;0;0;0
11;4;4030620.0;2019;8;13;4;2;1;5;0;0;1;0;0;0;1;0;0;0;0
11;3;3061430.0;2019;8;15;3;3;5;2;0;1;1;0;0;0;0;1;0;0;0
11;6;6040810.0;2019;8;7;4;3;0;2;0;0;1;0;1;0;0;0;0;0;0
11;12;12301203.0;2019;8;15;3;3;0;1;0;0;0;0;1;0;0;1;0;0;0
11;7;7010102.0;2019;8;12;4;3;1;5;0;1;1;0;0;0;1;0;0;0;0
11;9;9051901.0;2019;8;13;5;3;5;7;0;0;1;0;0;0;1;0;0;0;0
11;10;10040829.0;2019;8;13;5;3;1;5;0;1;1;0;0;0;0;0;0;0;0
11;1;1044101.0;2019;8;13;5;3;5;2;0;1;1;0;0;0;0;0;0;0;0
11;1;1011202.0;2019;8;12;5;3;2;7;0;1;1;0;0;0;0;0;0;0;0
11;1;1022106.0;2019;8;9;5;2;2;7;0;0;1;0;0;0;0;0;0;0;0
11;4;4020310.0;2019;8;9;5;2;5;2;0;1;0;0;0;1;0;0;0;0;0
11;1;1011306.0;2019;8;9;5;3;5;2;0;0;1;0;1;0;0;0;0;0;0
11;1;1044202.0;2019;8;9;5;3;0;5;0;0;1;0;1;0;0;0;0;0;0
11;11;11020411.0;2019;8;9;5;3;5;3;0;1;1;0;0;0;0;0;0;0;0
11;1;1044201.0;2019;8;8;5;3;5;3;0;0;1;0;0;0;0;0;0;0;0
11;7;7030303.0;2019;8;8;5;3;5;2;0;0;1;0;1;0;0;0;0;0;0
11;12;12214424.0;2019;8;8;5;3;3;6;0;0;1;0;0;1;0;0;0;0;0
11;1;1022206.0;2019;8;8;5;3;5;2;0;1;1;0;0;0;0;0;0;0;0
11;2;2040502.0;2019;8;8;5;3;5;2;0;1;1;0;0;0;0;0;0;0;0
11;9;9020601.0;2019;8;7;5;3;5;2;0;1;1;0;0;0;0;0;0;0;0
11;7;7010101.0;2019;8;3;5;3;6;6;2;0;0;1;0;0;1;0;0;0;0
11;12;12231101.0;2019;8;10;5;3;0;1;0;0;0;0;1;0;0;0;0;0;0
11;12;12214424.0;2019;8;16;4;3;5;2;0;1;1;0;0;0;0;0;0;0;0
11;12;12304314.0;2019;8;16;4;3;0;1;0;0;1;0;1;0;0;0;0;0;0
11;2;2020202.0;2019;8;4;4;3;5;3;2;0;1;0;0;0;0;1;0;0;0
11;3;3061126.0;2019;8;19;4;3;2;2;2;0;1;0;1;0;0;0;0;0;0
11;4;4030620.0;2019;8;19;4;3;5;3;1;0;1;0;1;0;0;0;0;0;0
11;6;6010205.0;2019;8;18;4;3;5;2;0;0;1;0;1;0;0;0;0;0;0
11;7;7030301.0;2019;8;18;4;3;5;7;0;1;0;0;0;0;1;0;0;0;0
11;2;2010101.0;2019;8;17;4;3;1;5;0;0;1;0;1;0;0;0;0;0;0
11;2;2050602.0;2019;8;16;4;3;1;5;0;1;1;0;0;0;0;0;0;0;0
11;2;2020206.0;2019;8;18;4;3;3;6;0;1;1;0;0;0;0;0;0;0;0
11;5;5020521.0;2019;8;17;4;3;0;3;0;1;1;0;0;0;0;0;0;0;0
11;6;6020409.0;2019;8;14;4;2;2;6;0;0;1;0;0;0;1;0;0;0;0
11;7;7030301.0;2019;8;17;4;3;3;6;0;1;1;0;0;0;0;0;0;0;0
11;4;4051652.0;2019;8;17;4;3;0;4;0;1;0;1;0;0;0;0;0;0;0
11;7;7010102.0;2019;8;15;4;3;3;6;0;1;1;0;0;0;0;0;0;0;0
11;7;7040403.0;2019;8;22;4;3;5;3;2;0;1;0;0;0;0;0;0;0;0
11;7;7020203.0;2019;8;19;4;3;5;2;0;1;1;0;0;0;0;0;0;0;0
11;1;1033201.0;2019;8;8;4;2;6;4;0;1;0;1;0;0;0;0;0;0;0
11;1;1011204.0;2019;8;8;4;3;5;3;0;1;1;0;0;0;0;0;0;0;0
11;5;5040934.0;2019;8;8;4;3;5;3;0;0;1;0;1;0;0;0;0;0;0
11;2;2040701.0;2019;8;7;4;3;5;2;0;0;1;0;0;0;0;0;0;0;0
11;12;12214422.0;2019;8;7;4;3;6;2;0;0;1;1;0;0;0;0;0;0;0
11;3;3020307.0;2019;8;7;4;3;6;2;0;0;1;1;0;0;0;0;0;0;0
11;5;5010314.0;2019;8;6;4;2;0;6;1;0;1;0;1;0;0;0;0;0;0
11;8;8020622.0;2019;8;6;4;3;5;3;0;1;0;0;0;0;1;0;0;0;0
11;7;7050504.0;2019;8;9;4;3;9;1;0;0;1;0;0;0;1;0;0;0;0
11;10;10010308.0;2019;8;17;4;2;5;2;0;0;1;0;1;0;0;0;0;0;0
11;1;1011203.0;2019;8;16;4;2;5;3;0;1;1;0;0;0;0;0;0;0;0
11;7;7020203.0;2019;8;15;4;3;0;1;0;0;1;0;1;0;0;0;0;0;0
11;12;12214527.0;2019;8;15;4;3;5;3;0;1;1;0;0;0;0;0;0;0;0
11;10;10010308.0;2019;8;15;4;3;5;3;0;1;1;0;0;0;0;0;0;0;0
11;9;9010401.0;2019;8;15;4;3;6;4;0;0;1;1;0;0;0;0;0;0;0
11;8;8010301.0;2019;8;15;4;3;5;2;0;1;1;0;0;0;0;0;0;0;0
11;6;6040809.0;2019;8;14;4;2;5;3;0;1;1;0;0;0;0;0;0;0;0
11;9;9020701.0;2019;8;14;4;3;5;2;0;0;1;0;0;0;0;0;0;0;0
11;2;2010101.0;2019;8;12;4;3;5;3;0;1;1;0;0;0;0;0;0;0;0
11;4;4030417.0;2019;8;11;4;3;5;2;0;1;0;0;1;0;0;0;0;0;0
11;8;8020728.0;2019;8;10;4;2;2;6;0;0;1;0;1;0;0;0;0;0;0
11;9;9031101.0;2019;8;9;4;3;5;3;0;0;1;0;0;0;1;0;0;0;0
11;4;4010102.0;2019;8;9;4;2;5;3;0;0;1;0;1;0;0;0;0;0;0
11;11;11010103.0;2019;8;9;4;3;5;2;0;1;0;0;0;0;1;0;0;0;0
11;10;10020517.0;2019;8;11;3;2;0;7;0;1;0;0;0;0;0;0;0;0;0
11;7;7040405.0;2019;8;15;3;3;2;6;0;0;1;0;0;0;0;0;0;0;0
11;7;7010101.0;2019;8;8;3;3;5;3;0;1;0;0;0;0;0;0;0;0;0
11;12;12214421.0;2019;8;21;3;3;0;1;2;0;0;0;1;0;0;0;0;0;0
11;3;3040614.0;2019;8;20;3;3;2;6;2;1;0;0;0;0;0;0;0;0;0
11;1;1011201.0;2019;8;18;3;3;5;3;0;1;0;0;0;0;0;0;0;0;0
11;6;6030609.0;2019;8;16;3;3;5;3;0;0;1;0;0;0;0;0;0;0;0
11;8;8030829.0;2019;8;19;3;2;1;1;0;0;1;0;0;0;1;0;0;0;0
11;2;2010102.0;2019;8;16;3;3;2;6;0;0;1;0;0;0;0;0;0;0;0
11;8;8010303.0;2019;8;16;3;3;2;6;0;0;1;0;0;0;1;0;0;0;0
11;12;12302110.0;2019;8;15;3;3;0;1;0;0;1;0;1;0;0;0;0;0;0
11;12;12224230.0;2019;8;15;3;3;5;3;0;1;0;0;0;0;0;0;0;0;0
11;2;2010102.0;2019;8;14;3;3;6;2;0;0;0;1;0;1;0;0;0;0;0
11;4;4010103.0;2019;8;14;3;3;5;3;0;1;1;0;0;0;0;0;0;0;0
11;1;1044202.0;2019;8;18;3;3;5;2;0;1;1;0;0;0;0;0;0;0;0