LAND;BEZ;LOR_ab_2021;UJAHR;UMONAT;USTUNDE;UWOCHENTAG;UKATEGORIE;UART;UTYP1;ULICHTVERH;IstRad;IstPKW;IstFuss;IstKrad;IstGkfz;IstSonstige;USTRZUSTAND;LOCKDOWN;COVID;FERIEN
11;8;8041037.0;2019;8;9;5;2;5;3;0;0;1;0;1;0;0;0;0;0;0
11;2;2030302.0;2019;8;7;5;2;2;6;0;0;1;0;1;0;0;0;0;0;0
11;1;1044203.0;2019;8;12;5;3;3;6;0;0;1;0;0;0;0;0;0;0;0
11;7;7010104.0;2019;8;5;5;3;1;5;2;1;1;0;0;0;0;0;0;0;0
11;5;5010314.0;2019;8;13;5;3;1;5;0;1;1;0;0;0;0;0;0;0;0
11;3;3040818.0;2019;8;7;4;3;6;4;0;1;0;1;0;0;0;0;0;0;0
11;8;8010404.0;2019;8;8;4;3;6;4;0;1;0;1;0;0;0;0;0;0;0
11;6;6040808.0;2019;8;21;4;3;1;5;2;1;1;0;0;0;0;0;0;0;0
11;1;1011102.0;2019;8;20;4;3;0;7;1;0;0;0;1;0;1;1;0;0;0
11;5;5010207.0;2019;8;20;4;3;0;2;0;0;1;0;1;0;0;0;0;0;0
11;7;7020203.0;2019;8;18;4;3;0;3;0;0;1;0;1;0;0;0;0;0;0
11;3;3061429.0;2019;8;17;4;3;6;4;0;1;0;1;0;0;0;0;0;0;0
11;2;2020206.0;2019;8;18;4;3;3;6;0;1;1;0;0;0;0;0;0;0;0
11;1;1033203.0;2019;8;18;4;3;2;6;0;0;1;0;1;0;0;0;0;0;0
11;10;10040931.0;2019;8;17;4;3;1;5;0;1;1;0;0;0;0;0;0;0;0
11;11;11051229.0;2019;8;17;4;3;5;2;0;1;0;0;0;0;1;0;0;0;0
11;3;3050925.0;2019;8;15;4;3;6;2;0;0;1;1;0;0;0;0;0;0;0
11;2;2050601.0;2019;8;17;4;3;5;3;0;1;1;0;0;0;0;0;0;0;0
11;4;4030622.0;2019;8;16;4;3;2;6;0;0;1;0;0;0;1;0;0;0;0
11;12;12214421.0;2019;8;17;4;3;5;2;0;1;1;0;0;0;0;0;0;0;0
11;2;2050802.0;2019;8;16;4;3;2;6;0;0;0;0;0;0;1;0;0;0;0
11;2;2040502.0;2019;8;16;4;3;0;3;0;0;1;0;1;0;0;0;0;0;0
11;8;8020625.0;2019;8;16;4;3;5;3;0;0;1;0;0;0;0;0;0;0;0
11;4;4051654.0;2019;8;15;4;3;6;4;0;1;0;1;0;0;0;0;0;0;0
11;6;6030605.0;2019;8;15;4;3;0;1;0;1;0;0;0;0;0;0;0;0;0
11;8;8020619.0;2019;8;15;4;3;5;2;0;0;1;0;0;0;0;0;0;0;0
11;1;1022106.0;2019;8;15;4;3;0;6;0;0;1;0;1;0;0;0;0;0;0
11;3;3061441.0;2019;8;15;4;3;5;3;0;1;0;0;0;0;0;0;0;0;0
11;9;9020702.0;2019;8;14;4;3;0;1;0;1;0;0;0;0;0;0;0;0;0
11;9;9020501.0;2019;8;14;4;3;5;7;0;0;1;0;1;0;0;0;0;0;0
11;1;1044102.0;2019;8;14;4;3;1;5;0;0;1;0;0;0;0;0;0;0;0
11;9;9051701.0;2019;8;14;4;3;5;3;0;0;1;0;0;0;1;0;0;0;0
11;1;1044203.0;2019;8;13;4;3;5;3;0;0;1;0;0;0;0;0;0;0;0
11;4;4041137.0;2019;8;13;4;3;2;6;0;0;1;0;0;0;0;0;0;0;0
11;8;8010115.0;2019;8;13;4;3;5;2;0;1;1;0;0;0;0;0;0;0;0
11;5;5030731.0;2019;8;12;4;3;6;4;0;1;0;1;0;0;0;0;0;0;0
11;1;1033101.0;2019;8;12;4;3;1;5;0;1;1;0;0;0;0;0;0;0;0
11;2;2020204.0;2019;8;11;4;3;5;3;0;1;1;0;0;0;0;0;0;0;0
11;1;1011401.0;2019;8;11;4;3;6;4;0;0;0;1;0;0;1;0;0;0;0
11;8;8010117.0;2019;8;10;4;3;2;6;0;0;1;0;1;0;0;0;0;0;0
11;4;4051655.0;2019;8;10;4;3;5;2;0;1;1;0;0;0;0;0;0;0;0
11;4;4041239.0;2019;8;10;4;3;5;2;0;1;0;0;0;0;1;0;0;0;0
11;1;1011302.0;2019;8;9;4;3;5;2;0;1;1;0;0;0;0;0;0;0;0
11;12;12304314.0;2019;8;9;4;3;4;6;0;1;0;0;0;0;0;0;0;0;0
11;3;3061430.0;2019;8;8;4;3;6;4;0;0;1;1;0;0;0;0;0;0;0
11;1;1044101.0;2019;8;8;4;3;2;7;0;0;1;0;0;0;0;0;0;0;0
11;1;1033203.0;2019;8;7;4;3;6;4;0;1;0;1;0;0;0;0;0;0;0
11;1;1033102.0;2019;8;7;4;3;1;5;0;1;0;0;0;0;1;0;0;0;0
11;5;5030731.0;2019;8;7;4;3;3;6;0;0;1;0;0;1;0;0;0;0;0
11;7;7040404.0;2019;8;1;4;3;8;1;2;0;1;0;0;0;0;0;0;0;0
11;8;8010211.0;2019;8;1;4;3;5;2;2;0;1;0;0;0;0;0;0;0;0
11;1;1022206.0;2019;8;20;4;3;5;2;1;1;1;0;0;0;0;0;0;0;0
11;2;2050803.0;2019;8;12;4;3;0;2;0;1;1;0;0;0;0;0;0;0;0
11;5;5010314.0;2019;8;17;4;2;5;3;0;1;1;0;0;0;0;0;0;0;0
11;9;9020601.0;2019;8;14;4;2;3;6;0;1;0;0;0;0;0;0;0;0;0
11;1;1044102.0;2019;8;12;4;2;6;4;0;0;0;1;1;0;0;0;0;0;0
11;10;10040829.0;2019;8;7;4;2;5;3;0;1;1;0;0;0;0;0;0;0;0
11;11;11020412.0;2019;8;6;4;2;5;3;0;1;1;0;0;0;0;0;0;0;0
11;4;4030519.0;2019;8;8;3;3;2;2;0;0;1;0;1;0;0;0;0;0;0
11;6;6030608.0;2019;8;7;3;3;5;2;0;1;1;0;0;0;0;0;0;0;0
11;4;4030518.0;2019;8;20;3;3;5;3;2;0;1;0;0;0;1;0;0;0;0
11;1;1011304.0;2019;8;19;3;3;0;1;1;1;0;0;0;0;0;0;0;0;0
11;4;4020311.0;2019;8;19;3;3;1;5;1;1;1;0;0;0;0;0;0;0;0
11;3;3061228.0;2019;8;19;3;3;3;6;0;1;0;0;0;0;0;0;0;0;0
11;1;1011301.0;2019;8;18;3;3;0;1;0;1;0;0;0;0;0;0;0;0;0
11;1;1011303.0;2019;8;18;3;3;1;5;0;1;1;0;0;0;1;0;0;0;0
11;1;1011301.0;2019;8;17;3;3;6;2;0;0;1;1;0;0;0;0;0;0;0
11;3;3020210.0;2019;8;17;3;3;5;3;0;0;1;0;1;0;0;0;0;0;0
11;1;1044202.0;2019;8;17;3;3;2;6;0;1;1;0;0;0;0;0;0;0;0
11;4;4030725.0;2019;8;17;3;3;6;4;0;0;1;1;0;0;0;0;0;0;0
11;8;8030829.0;2019;8;17;3;3;2;6;0;0;1;0;0;0;0;0;0;0;0
11;4;4030623.0;2019;8;16;3;3;5;3;0;1;1;0;0;0;0;0;0;0;0
11;9;9030901.0;2019;8;16;3;3;5;2;0;0;1;0;0;0;0;0;0;0;0
11;4;4041241.0;2019;8;16;3;3;5;2;0;1;1;0;0;0;0;0;0;0;0
11;7;7040401.0;2019;8;16;3;3;5;2;0;1;1;0;0;0;0;0;0;0;0
11;10;10030724.0;2019;8;15;3;3;1;5;0;1;1;0;0;0;0;0;0;0;0
11;4;4030417.0;2019;8;9;3;3;5;2;0;1;1;0;0;0;0;0;0;0;0
11;7;7010104.0;2019;8;12;1;2;0;7;0;1;0;0;0;0;0;0;0;0;0
11;1;1044203.0;2019;8;4;3;3;5;3;2;0;1;0;0;0;0;1;0;0;0
11;3;3030711.0;2019;8;15;3;3;0;3;0;0;1;0;1;0;0;0;0;0;0
11;7;7030303.0;2019;8;14;3;3;0;5;0;1;1;0;0;0;0;0;0;0;0
11;7;7040405.0;2019;8;14;3;3;5;3;0;0;1;0;0;0;1;0;0;0;0
11;1;1011104.0;2019;8;14;3;3;5;2;0;1;1;0;0;0;0;0;0;0;0
11;8;8041038.0;2019;8;14;3;3;6;4;0;0;1;1;0;0;0;0;0;0;0
11;10;10020517.0;2019;8;13;3;3;5;2;0;1;1;0;0;0;0;0;0;0;0
11;1;1011301.0;2019;8;12;3;3;5;3;0;0;1;0;1;0;0;0;0;0;0
11;4;4010102.0;2019;8;12;3;3;2;6;0;0;1;0;0;0;0;0;0;0;0
11;3;3050919.0;2019;8;12;3;3;2;6;0;0;1;0;0;0;0;0;0;0;0
11;1;1044203.0;2019;8;5;3;3;5;3;1;1;1;0;0;0;0;0;0;0;0
11;7;7020204.0;2019;8;11;3;3;3;6;0;1;0;0;0;0;1;0;0;0;0
11;4;4020311.0;2019;8;11;3;3;5;3;0;0;1;0;0;0;0;0;0;0;0
11;6;6020411.0;2019;8;10;3;3;5;3;0;1;1;0;0;0;0;0;0;0;0
11;7;7030301.0;2019;8;10;3;3;4;6;0;1;0;0;0;0;0;0;0;0;0
11;9;9030901.0;2019;8;9;3;3;5;3;0;0;1;0;0;1;0;0;0;0;0
11;6;6030607.0;2019;8;9;3;3;6;4;0;1;0;1;0;0;0;0;0;0;0
11;3;3040513.0;2019;8;8;3;3;5;2;0;0;1;0;1;0;0;0;0;0;0
11;1;1022104.0;2019;8;8;3;3;5;7;0;0;1;0;1;0;0;0;0;0;0
11;7;7030303.0;2019;8;7;3;3;6;4;0;1;0;1;0;0;0;0;0;0;0
11;4;4030726.0;2019;8;8;3;3;3;6;0;1;0;0;0;0;1;0;0;0;0
11;8;8041037.0;2019;8;7;3;3;5;2;0;1;0;0;0;0;1;0;0;0;0
11;3;3030406.0;2019;8;7;3;3;5;2;0;1;0;0;0;0;0;0;0;0;0
11;1;1011306.0;2019;8;7;3;3;5;5;0;1;1;0;0;0;0;0;0;0;0
11;1;3071537.0;2019;8;6;3;3;3;6;0;0;1;0;1;0;0;0;0;0;0
11;11;11030721.0;2019;8;16;3;2;0;3;0;1;0;0;0;0;0;0;0;0;0
11;10;10010102.0;2019;8;6;3;3;5;2;1;1;0;0;0;0;1;0;0;0;0
11;12;12304313.0;2019;8;13;3;2;8;6;0;0;1;0;0;0;0;0;0;0;0
11;9;9010401.0;2019;8;9;3;2;1;5;0;1;0;0;0;0;1;0;0;0;0
11;2;2030301.0;2019;8;9;3;3;1;5;0;1;1;0;0;0;1;0;0;0;0
11;7;7030303.0;2019;8;10;3;3;2;6;0;0;1;0;0;0;0;0;0;0;0
11;12;12103117.0;2019;8;15;2;3;6;4;0;0;0;1;1;0;0;0;0;0;0
11;6;6040804.0;2019;8;18;2;3;6;7;0;1;0;1;0;0;0;0;0;0;0
11;6;6030504.0;2019;8;18;2;3;2;6;0;1;1;0;0;0;0;0;0;0;0
11;12;12103219.0;2019;8;17;2;3;5;2;0;1;0;0;0;0;1;0;0;0;0
11;2;2030301.0;2019;8;17;2;3;5;3;0;1;1;0;0;0;0;0;0;0;0
11;3;3061441.0;2019;8;17;2;3;2;7;0;0;1;0;0;0;0;0;0;0;0
11;6;6030504.0;2019;8;16;2;3;2;6;0;1;1;0;0;0;0;0;0;0;0
11;7;7030301.0;2019;8;16;2;3;0;7;0;1;0;0;0;0;0;0;0;0;0
11;1;1022102.0;2019;8;16;2;3;5;3;0;1;0;0;0;0;0;0;0;0;0
11;4;4041136.0;2019;8;16;2;3;1;5;0;0;1;0;0;0;0;0;0;0;0
11;11;11041128.0;2019;8;10;2;3;0;7;0;1;0;0;0;0;0;0;0;0;0
11;1;1044201.0;2019;9;12;2;3;0;4;0;0;0;1;0;0;1;0;0;0;0
11;1;1033102.0;2019;8;20;2;3;5;3;2;1;1;0;0;0;0;0;0;0;0
11;9;9010402.0;2019;9;15;2;3;5;3;0;1;1;0;0;0;0;0;0;0;0
11;11;11030721.0;2019;9;7;2;3;3;2;0;1;1;0;0;0;0;0;0;0;0
11;11;11010310.0;2019;8;16;2;3;2;6;0;0;1;0;0;0;1;0;0;0;0
11;2;2050801.0;2019;8;15;2;3;5;2;0;1;0;0;1;0;0;0;0;0;0
11;4;4051445.0;2019;9;11;2;3;2;2;0;0;1;0;0;1;0;0;0;0;0
11;6;6040808.0;2019;9;11;2;3;2;6;0;0;1;0;1;0;0;0;0;0;0
11;10;10020517.0;2019;8;15;2;3;2;6;0;0;1;0;0;0;0;0;0;0;0
11;6;6020301.0;2019;9;10;2;2;2;6;0;0;1;0;0;0;0;0;0;0;0
11;9;9020802.0;2019;8;15;2;3;0;3;0;1;1;0;0;0;0;0;0;0;0
11;1;1033202.0;2019;9;11;2;3;2;2;0;0;1;0;0;0;0;0;0;0;0
11;1;1033102.0;2019;8;15;2;3;2;6;0;0;1;0;0;0;1;0;0;0;0
11;8;8041036.0;2019;9;11;2;3;5;3;0;0;1;0;0;0;0;0;0;0;0
11;5;5010101.0;2019;8;15;2;3;5;3;0;1;1;0;0;0;0;0;0;0;0
11;12;12214424.0;2019;9;11;2;3;3;6;0;0;1;0;0;0;0;0;0;0;0
11;7;7010104.0;2019;9;7;2;3;2;7;0;0;0;0;1;0;1;0;0;0;0
11;6;6030608.0;2019;8;14;2;3;0;1;0;1;0;0;0;0;0;0;0;0;0
11;4;4030621.0;2019;8;12;2;3;5;3;0;1;1;0;0;0;0;0;0;0;0
11;9;9051901.0;2019;9;10;2;3;0;1;0;1;0;0;0;0;0;0;0;0;0
11;1;1011203.0;2019;8;11;2;3;2;6;0;1;1;0;0;0;0;0;0;0;0
11;1;1011203.0;2019;9;7;2;3;1;5;0;1;1;0;0;0;0;0;0;0;0
11;2;2050602.0;2019;8;13;2;3;5;3;0;1;1;0;0;0;0;0;0;0;0
11;9;9010401.0;2019;9;14;2;3;5;3;0;1;1;0;0;0;0;0;0;0;0
11;6;6040807.0;2019;8;11;2;2;5;2;0;1;1;0;0;0;0;0;0;0;0
11;1;1011401.0;2019;9;10;2;3;0;1;0;1;1;0;0;0;0;0;0;0;0
11;11;11030619.0;2019;8;10;2;3;0;6;0;0;1;0;1;0;0;0;0;0;0
11;10;10040933.0;2019;9;10;2;3;2;6;0;0;0;0;1;1;0;0;0;0;0
11;1;1011102.0;2019;9;14;2;3;5;3;0;0;1;0;1;0;0;0;0;0;0
11;2;2050801.0;2019;8;10;2;3;5;5;0;1;0;0;0;0;1;0;0;0;0
11;2;2010104.0;2019;9;10;2;3;5;3;0;0;1;0;0;0;1;0;0;0;0
11;8;8041035.0;2019;8;9;2;3;5;3;0;0;1;0;0;0;0;0;0;0;0
11;10;10030727.0;2019;9;9;2;3;2;6;0;1;1;0;0;0;0;0;0;0;0
11;1;1022204.0;2019;9;9;2;2;5;2;0;0;1;0;1;0;0;0;0;0;0
11;4;4030623.0;2019;8;9;2;3;0;1;0;1;0;0;0;0;0;0;0;0;0
11;4;4020311.0;2019;9;9;2;2;6;7;0;0;0;1;0;0;1;0;0;0;0
11;12;12214422.0;2019;8;8;2;3;1;1;0;0;1;0;0;0;0;0;0;0;0
11;4;4051653.0;2019;9;8;2;3;2;6;0;0;1;0;1;0;0;0;0;0;0
11;2;2010104.0;2019;8;8;2;3;2;6;0;0;1;0;0;0;0;0;0;0;0
11;9;9041501.0;2019;9;8;2;2;2;6;0;0;1;0;0;0;0;0;0;0;0
11;4;4051446.0;2019;8;7;2;3;5;2;0;1;1;0;0;0;0;0;0;0;0
11;4;4030417.0;2019;9;8;2;3;5;2;0;1;1;0;0;0;0;0;0;0;0
11;7;7030303.0;2019;9;10;2;2;9;7;0;0;1;0;0;0;0;0;0;0;0
11;6;6020410.0;2019;8;7;2;3;5;2;0;1;1;0;0;0;0;0;0;0;0
11;2;2040701.0;2019;8;5;2;3;5;2;1;0;1;0;1;0;0;0;0;0;0
11;2;2020204.0;2019;9;13;1;3;6;7;0;0;0;1;0;0;1;0;0;0;0
11;2;2050802.0;2019;8;0;2;3;0;1;2;0;0;0;1;0;0;0;0;0;0
11;3;3071537.0;2019;9;0;1;3;5;3;2;0;1;0;0;0;1;0;0;0;0
11;3;3040614.0;2019;8;23;2;3;0;1;2;1;0;0;0;0;0;1;0;0;0
11;6;6030607.0;2019;9;17;1;2;6;4;0;0;1;1;0;0;0;0;0;0;0
11;1;1044203.0;2019;8;21;2;3;5;3;2;1;1;0;0;0;0;1;0;0;0
11;1;1044202.0;2019;9;20;1;3;6;4;2;1;0;1;0;0;0;0;0;0;0
11;4;4020313.0;2019;9;18;1;3;5;2;0;1;1;0;0;0;0;0;0;0;0
11;11;11041023.0;2019;8;20;2;3;0;7;1;1;1;0;0;0;0;1;0;0;0
11;8;8010303.0;2019;9;18;1;3;0;6;0;0;1;0;0;0;1;0;0;0;0
11;6;6010205.0;2019;8;19;2;3;1;5;2;1;0;0;0;0;1;1;0;0;0
11;10;10010102.0;2019;9;17;1;3;5;2;0;0;1;0;0;0;0;0;0;0;0
11;5;5030730.0;2019;8;18;2;3;3;2;0;0;1;0;0;1;0;0;0;0;0
11;10;10010311.0;2019;9;16;1;3;6;6;0;1;0;1;0;0;0;0;0;0;0
11;12;12103116.0;2019;8;22;2;2;5;3;2;0;1;0;0;0;1;1;0;0;0
11;11;11041128.0;2019;9;11;1;3;5;3;0;1;1;0;0;0;0;0;0;0;0
11;2;2010102.0;2019;9;11;1;3;5;3;0;1;1;0;0;0;0;0;0;0;0
11;2;2050801.0;2019;8;20;2;2;1;1;2;0;1;0;1;0;0;1;0;0;0
11;5;5030730.0;2019;9;10;1;3;5;2;0;1;1;0;0;0;0;0;0;0;0
11;5;5010313.0;2019;8;20;2;2;5;2;1;0;1;0;1;0;0;1;0;0;0
11;1;1011301.0;2019;9;10;1;3;1;5;0;1;1;0;0;0;0;0;0;0;0
11;10;10020414.0;2019;8;17;2;3;3;6;0;0;1;0;1;0;0;0;0;0;0
11;9;9010301.0;2019;9;8;1;3;2;6;0;0;1;0;0;0;0;0;0;0;0
11;3;3020307.0;2019;8;14;2;2;3;6;0;1;0;0;0;0;1;0;0;0;0
11;2;2050801.0;2019;8;22;7;3;2;6;2;0;1;0;1;0;0;0;0;0;0
11;1;1011302.0;2019;8;21;7;2;5;3;2;1;0;0;0;0;1;0;0;0;0
11;8;8010212.0;2019;8;13;2;2;2;6;0;1;1;0;0;0;0;0;0;0;0
11;4;4030620.0;2019;8;8;2;2;3;6;0;1;1;0;0;0;0;0;0;0;0
11;2;2050801.0;2019;8;21;7;3;0;1;2;0;0;0;1;0;0;0;0;0;0
11;3;3040512.0;2019;8;20;7;3;1;5;1;0;1;0;0;0;0;0;0;0;0
11;7;7070702.0;2019;8;5;2;3;0;3;1;0;1;0;1;0;0;0;0;0;0
11;11;11010205.0;2019;8;19;7;2;0;7;1;0;0;1;0;0;1;0;0;0;0
11;1;1011201.0;2019;8;7;2;3;6;2;0;1;0;1;0;0;0;0;0;0;0
11;4;4041238.0;2019;8;18;7;3;5;3;0;0;1;0;0;0;0;0;0;0;0
11;8;8020620.0;2019;8;18;7;2;5;3;0;1;0;0;0;0;1;0;0;0;0
11;8;8010118.0;2019;8;13;1;3;2;6;0;0;1;0;1;0;0;0;0;0;0
11;8;8010214.0;2019;8;17;7;3;1;5;0;1;0;0;0;0;1;0;0;0;0
11;10;10040830.0;2019;8;17;7;3;5;2;0;1;1;0;0;0;0;0;0;0;0
11;6;6040810.0;2019;8;8;1;3;5;2;0;1;1;0;0;0;0;0;0;0;0
11;4;4030931.0;2019;8;17;7;3;2;6;0;1;1;0;0;0;0;0;0;0;0
11;4;4030931.0;2019;8;23;1;3;2;6;2;0;1;0;0;0;0;0;0;0;0
11;11;11010204.0;2019;8;16;7;2;5;3;0;0;1;0;1;0;0;0;0;0;0
11;1;1044103.0;2019;8;15;7;3;5;3;0;1;0;0;1;0;0;0;0;0;0
11;1;1022106.0;2019;8;22;1;3;5;3;2;1;0;0;1;0;0;0;0;0;0
11;1;1011306.0;2019;8;14;7;3;0;1;0;0;0;0;1;0;0;0;0;0;0
11;6;6010209.0;2019;8;19;1;3;0;2;0;1;1;0;0;0;0;0;0;0;0
11;1;1033102.0;2019;8;13;7;3;5;3;0;1;1;0;0;0;0;0;0;0;0
11;1;1011101.0;2019;8;18;1;3;1;5;0;1;1;0;0;0;0;0;0;0;0
11;8;8020727.0;2019;8;13;7;3;6;4;0;1;0;1;0;0;0;0;0;0;0
11;4;4051446.0;2019;8;13;7;3;2;6;0;0;1;0;0;0;0;0;0;0;0
11;5;5010206.0;2019;8;17;1;3;5;2;0;0;1;0;1;0;0;0;0;0;0
11;12;12301204.0;2019;8;17;1;3;0;1;0;0;0;0;1;0;0;0;0;0;0
11;2;2010102.0;2019;8;13;7;3;1;5;0;1;1;0;0;0;0;0;0;0;0
11;8;8020620.0;2019;8;13;7;3;2;6;0;0;1;0;0;0;0;0;0;0;0
11;6;6030504.0;2019;8;17;1;3;2;6;0;0;1;0;1;0;0;0;0;0;0
11;1;1044201.0;2019;8;13;7;3;1;6;0;0;1;0;0;0;0;0;0;0;0
11;6;6010103.0;2019;8;15;1;3;5;3;0;0;1;0;1;0;0;0;0;0;0
11;1;1033102.0;2019;8;12;7;3;2;6;0;0;1;0;0;0;0;0;0;0;0
11;2;2030302.0;2019;8;12;7;3;2;6;0;0;1;0;0;0;0;0;0;0;0
11;9;9020502.0;2019;8;14;1;3;1;6;0;0;1;0;1;0;0;0;0;0;0
11;8;8010301.0;2019;8;11;7;3;3;6;0;1;1;0;0;0;0;0;0;0;0
11;12;12302107.0;2019;8;10;7;3;2;2;0;0;1;0;1;0;0;0;0;0;0
11;4;4020311.0;2019;8;14;1;3;3;6;0;0;1;0;1;0;0;0;0;0;0
11;2;3061441.0;2019;8;9;7;3;1;6;0;1;1;0;0;0;0;0;0;0;0
11;1;1011201.0;2019;8;14;1;3;6;2;0;1;0;1;0;0;0;0;0;0;0
11;3;3040818.0;2019;8;8;7;3;1;5;0;1;1;0;0;0;0;0;0;0;0
11;9;9010301.0;2019;8;7;7;2;5;2;0;0;1;0;0;0;0;0;0;0;0
11;10;10010205.0;2019;8;21;1;2;0;1;2;1;0;0;0;0;0;0;0;0;0
11;1;1011304.0;2019;8;11;1;3;5;7;0;0;1;0;0;0;1;0;0;0;0
11;1;1011102.0;2019;8;4;7;3;8;1;2;0;1;0;0;0;0;0;0;0;0
11;7;7060601.0;2019;8;12;7;3;6;7;0;0;1;1;0;0;0;0;0;0;0
11;2;2040502.0;2019;8;10;1;3;5;2;0;0;1;0;0;0;0;0;0;0;0
11;2;2030301.0;2019;8;0;7;2;6;4;2;1;0;1;0;0;0;0;0;0;0
11;12;12214527.0;2019;8;3;1;3;0;1;2;1;0;0;0;0;0;0;0;0;0
11;5;5010314.0;2019;8;0;1;3;5;3;2;1;1;0;0;0;0;0;0;0;0
11;4;4030725.0;2019;8;13;7;3;5;2;0;1;1;0;0;0;0;0;0;0;0
11;7;7040405.0;2019;8;18;6;3;5;3;0;1;0;0;0;0;0;0;0;0;0
11;11;11030721.0;2019;8;22;7;2;0;1;2;1;0;0;0;0;0;0;0;0;0
11;4;4030931.0;2019;8;23;6;3;6;7;2;0;1;1;0;0;0;0;0;0;0
11;2;2020206.0;2019;8;22;7;3;2;7;2;1;1;0;0;0;0;0;0;0;0
11;8;8010212.0;2019;8;21;6;2;5;3;2;1;1;0;0;0;0;0;0;0;0
11;11;11051229.0;2019;8;10;7;3;0;7;0;1;0;0;0;0;0;0;0;0;0
11;3;3061429.0;2019;8;19;6;3;5;3;0;1;1;0;0;0;0;0;0;0;0
11;7;7010104.0;2019;8;18;7;3;5;3;0;0;1;0;0;0;0;0;0;0;0
11;4;4020312.0;2019;8;19;6;3;5;3;0;1;1;0;0;0;0;0;0;0;0
11;12;12214424.0;2019;8;18;7;3;2;6;0;0;1;0;0;0;0;0;0;0;0
11;6;6020411.0;2019;8;18;6;3;5;3;0;1;1;0;0;0;0;0;0;0;0
11;1;1011201.0;2019;8;17;7;3;5;2;0;1;1;0;0;0;0;0;0;0;0
11;3;3061228.0;2019;8;17;6;3;5;5;0;0;1;0;1;0;0;0;0;0;0
11;2;2030301.0;2019;8;23;7;3;1;5;2;1;1;0;0;0;0;0;0;0;0
11;4;4030725.0;2019;8;17;6;2;5;3;0;1;1;0;0;0;0;0;0;0;0
11;4;4030827.0;2019;8;17;6;2;0;7;0;1;0;0;0;0;0;0;0;0;0
11;5;5030730.0;2019;8;18;7;3;0;6;0;0;1;0;1;0;0;0;0;0;0
11;7;7010102.0;2019;8;16;6;3;5;2;0;0;1;0;1;0;0;0;0;0;0
11;7;7040402.0;2019;8;17;7;3;5;3;0;1;1;0;0;0;0;0;0;0;0
11;3;3010102.0;2019;8;13;6;3;4;6;0;0;1;0;0;0;0;0;0;0;0
11;1;1011303.0;2019;8;9;6;3;3;6;0;0;1;0;0;0;1;0;0;0;0
11;10;10030727.0;2019;8;15;7;3;0;7;0;1;0;0;0;0;0;0;0;0;0
11;1;1044202.0;2019;8;15;6;3;0;7;0;0;0;0;1;0;0;0;0;0;0
11;5;5010311.0;2019;8;23;7;3;2;6;2;0;1;0;0;0;0;0;0;0;0
11;4;4030725.0;2019;8;15;6;3;1;5;0;1;1;0;0;0;0;0;0;0;0
11;8;8010118.0;2019;8;21;7;3;3;6;2;0;1;0;1;0;0;0;0;0;0
11;12;12301203.0;2019;8;15;6;3;2;6;0;0;1;0;1;0;0;0;0;0;0
11;5;5010312.0;2019;8;19;7;3;6;4;1;0;1;1;0;0;0;0;0;0;0
11;12;12103220.0;2019;8;14;6;3;5;2;0;1;0;0;0;0;1;0;0;0;0
11;1;1011102.0;2019;8;13;6;3;5;3;0;1;1;0;0;0;0;0;0;0;0
11;5;5020627.0;2019;8;15;7;3;2;2;0;0;1;0;0;0;0;0;0;0;0
11;1;1033202.0;2019;8;19;7;2;0;7;0;1;0;0;0;0;0;0;0;0;0
11;7;7040403.0;2019;8;13;6;3;5;7;0;0;1;0;0;0;0;0;0;0;0
11;9;9020702.0;2019;8;14;7;3;5;3;0;1;1;0;0;0;0;0;0;0;0
11;8;8020622.0;2019;8;13;6;3;5;2;0;1;1;0;0;0;0;0;0;0;0
11;3;3040818.0;2019;8;14;7;3;2;3;0;0;1;0;0;0;0;0;0;0;0
11;4;4030827.0;2019;8;13;6;3;2;6;0;0;1;0;0;0;0;0;0;0;0
11;4;4030519.0;2019;8;12;6;3;5;2;0;1;1;0;0;0;0;0;0;0;0
11;9;9041501.0;2019;8;13;7;3;2;6;0;0;1;0;0;0;0;0;0;0;0
11;8;8030831.0;2019;8;13;7;3;5;2;0;0;1;0;0;0;0;0;0;0;0
11;9;9010302.0;2019;8;12;6;3;5;3;0;1;0;0;0;0;1;0;0;0;0
11;3;3040614.0;2019;8;11;6;3;0;3;0;1;0;0;0;0;1;0;0;0;0
11;9;9051901.0;2019;8;12;7;3;5;3;0;1;0;0;0;0;0;0;0;0;0
11;5;5020417.0;2019;8;11;6;3;0;3;0;0;1;0;1;0;0;0;0;0;0
11;7;7030303.0;2019;8;11;7;3;5;2;0;1;1;0;0;0;0;0;0;0;0
11;7;7050501.0;2019;8;9;6;3;1;5;0;1;1;0;0;0;0;0;0;0;0
11;1;1011204.0;2019;8;9;6;3;5;3;0;1;1;0;0;0;0;0;0;0;0
11;9;9041601.0;2019;8;11;7;2;8;1;0;0;0;0;1;0;0;0;0;0;0
11;8;8010404.0;2019;8;9;6;3;2;6;0;0;1;0;0;0;0;0;0;0;0
11;4;4030931.0;2019;8;6;7;2;8;7;0;0;1;0;0;0;0;1;0;0;0
11;12;12224229.0;2019;8;8;6;3;5;2;0;1;1;0;0;0;0;0;0;0;0
11;2;2030401.0;2019;8;12;7;3;5;3;0;0;1;0;0;0;0;0;0;0;0
11;8;8020727.0;2019;8;8;6;3;6;4;0;0;1;1;0;0;0;0;0;0;0
11;8;8010213.0;2019;8;16;7;3;5;3;0;1;1;0;0;0;0;0;0;0;0