LAND;BEZ;LOR_ab_2021;UJAHR;UMONAT;USTUNDE;UWOCHENTAG;UKATEGORIE;UART;UTYP1;ULICHTVERH;IstRad;IstPKW;IstFuss;IstKrad;IstGkfz;IstSonstige;USTRZUSTAND;LOCKDOWN;COVID;FERIEN
11;5;5010314.0;2019;9;9;4;3;0;2;0;0;1;0;0;0;1;0;0;0;0
11;8;8041035.0;2019;9;14;4;3;5;2;0;0;1;0;1;0;0;0;0;0;0
11;12;12231102.0;2019;9;12;4;3;1;5;0;1;1;0;0;0;0;0;0;0;0
11;6;6010210.0;2019;9;12;4;3;5;3;0;0;1;0;1;0;0;0;0;0;0
11;4;4051549.0;2019;9;10;4;2;5;2;0;1;0;0;0;0;1;0;0;0;0
11;2;2030401.0;2019;9;11;4;3;0;7;0;0;1;0;0;0;0;0;0;0;0
11;4;4041137.0;2019;9;13;4;2;6;4;0;0;0;1;1;0;0;0;0;0;0
11;9;9020501.0;2019;9;11;4;3;5;2;0;1;0;0;0;1;0;0;0;0;0
11;1;1044203.0;2019;9;10;4;3;1;5;0;1;1;0;0;0;1;0;0;0;0
11;10;10030724.0;2019;9;9;4;3;5;7;0;0;1;0;0;0;0;0;0;0;0
11;8;8010301.0;2019;9;10;4;3;5;2;0;1;1;0;0;0;0;0;0;0;0
11;4;4030622.0;2019;9;9;4;3;1;5;0;1;1;0;0;0;0;0;0;0;0
11;7;7020201.0;2019;9;12;4;3;5;2;0;0;1;0;0;0;0;0;0;0;0
11;1;1011102.0;2019;9;8;4;3;2;2;0;0;1;0;1;0;0;0;0;0;0
11;11;11040926.0;2019;9;8;4;3;5;2;0;1;1;0;0;0;0;0;0;0;0
11;11;11030618.0;2019;9;9;4;3;0;6;0;0;1;0;0;1;0;0;0;0;0
11;2;2040703.0;2019;9;8;4;3;5;2;0;1;1;0;0;0;0;0;0;0;0
11;7;7010102.0;2019;9;7;4;3;6;7;0;0;0;0;0;0;1;0;0;0;0
11;12;12304314.0;2019;9;7;4;3;5;2;0;1;1;0;0;0;0;0;0;0;0
11;9;9051801.0;2019;9;12;4;3;5;3;0;1;1;0;0;0;0;0;0;0;0
11;2;2010102.0;2019;9;7;4;3;3;6;0;1;1;0;0;0;0;0;0;0;0
11;4;4010101.0;2019;9;6;4;2;0;3;0;0;1;0;1;0;0;0;0;0;0
11;12;12301203.0;2019;9;5;4;3;0;3;2;1;1;0;0;0;0;0;0;0;0
11;5;5010101.0;2019;9;5;4;3;0;7;1;0;0;0;1;0;0;0;0;0;0
11;9;9051901.0;2019;9;6;4;3;5;2;0;1;1;0;0;0;0;0;0;0;0
11;9;9041402.0;2019;9;14;4;3;0;2;0;0;1;0;0;0;1;0;0;0;0
11;5;5010101.0;2019;9;0;4;3;6;4;2;0;0;1;0;0;1;0;0;0;0
11;12;12214527.0;2019;9;16;4;3;9;1;0;0;1;0;0;0;0;0;0;0;0
11;12;12214424.0;2019;9;12;3;3;5;3;0;0;1;0;0;0;0;0;0;0;0
11;8;8010117.0;2019;9;15;4;3;5;2;0;1;1;0;0;0;0;0;0;0;0
11;11;11030721.0;2019;9;17;3;3;1;5;0;1;1;0;0;0;0;0;0;0;0
11;12;12214424.0;2019;9;15;4;3;3;6;0;0;1;0;1;0;0;0;0;0;0
11;4;4030415.0;2019;9;15;4;2;0;7;0;1;1;0;0;0;0;0;0;0;0
11;11;11040926.0;2019;9;8;3;3;5;3;0;1;0;0;0;0;0;0;0;0;0
11;11;11051330.0;2019;9;15;4;3;5;2;0;1;1;0;0;0;0;0;0;0;0
11;10;10010310.0;2019;9;15;4;3;5;7;0;0;0;0;1;0;1;0;0;0;0
11;3;3040614.0;2019;9;14;3;3;5;3;0;0;1;0;1;0;0;0;0;0;0
11;1;1011202.0;2019;9;11;4;3;0;1;0;1;0;0;0;0;0;0;0;0;0
11;2;2030402.0;2019;9;23;3;3;1;5;2;0;0;0;0;0;1;0;0;0;0
11;7;7040405.0;2019;9;13;4;3;5;3;0;0;1;0;0;0;0;0;0;0;0
11;1;1044201.0;2019;9;12;4;3;5;2;0;1;1;0;0;0;0;0;0;0;0
11;1;1022202.0;2019;9;15;3;3;5;2;0;1;1;0;0;0;0;0;0;0;0
11;5;5010314.0;2019;9;20;3;2;6;4;1;0;1;1;0;0;0;0;0;0;0
11;1;1022202.0;2019;9;8;4;2;0;7;0;0;1;0;0;0;0;0;0;0;0
11;5;5020523.0;2019;9;13;3;3;2;7;0;0;1;0;0;0;0;0;0;0;0
11;1;1011201.0;2019;9;20;3;3;2;6;2;1;1;0;0;0;0;0;0;0;0
11;1;1033101.0;2019;9;16;3;2;5;3;0;0;1;0;1;0;0;0;0;0;0
11;12;12214527.0;2019;9;15;3;3;5;3;0;1;1;0;0;0;0;0;0;0;0
11;8;8020622.0;2019;9;19;3;3;5;2;1;0;1;0;0;0;0;0;0;0;0
11;6;6030606.0;2019;9;12;3;3;1;5;0;0;1;0;1;0;0;0;0;0;0
11;5;5020625.0;2019;9;16;3;3;5;2;0;0;1;0;0;0;0;0;0;0;0
11;1;1011202.0;2019;9;14;3;2;0;1;0;0;0;0;0;0;1;0;0;0;0
11;2;2030401.0;2019;9;16;3;3;3;6;0;0;1;0;1;0;0;0;0;0;0
11;9;9020802.0;2019;9;18;3;3;2;6;0;0;1;0;0;0;0;0;0;0;0
11;9;9010301.0;2019;9;16;3;3;5;3;0;0;1;0;0;0;0;0;0;0;0
11;2;2040502.0;2019;9;14;3;3;2;7;0;1;1;0;0;0;0;0;0;0;0
11;5;5010311.0;2019;9;16;3;3;5;7;0;0;1;0;1;0;0;0;0;0;0
11;6;6030607.0;2019;9;13;3;3;5;3;0;0;1;0;0;0;1;0;0;0;0
11;4;4051446.0;2019;9;15;3;3;1;5;0;1;1;0;0;0;0;0;0;0;0
11;12;12103220.0;2019;9;16;3;3;5;3;0;0;1;0;1;0;0;0;0;0;0
11;6;6030609.0;2019;9;15;3;3;2;6;0;0;1;0;0;0;1;0;0;0;0
11;9;9020701.0;2019;9;17;3;3;5;2;0;1;0;0;0;0;1;0;0;0;0
11;1;1044102.0;2019;9;15;3;3;2;6;0;1;1;0;0;0;0;0;0;0;0
11;4;4030725.0;2019;9;13;3;3;0;3;0;0;1;0;0;0;1;1;0;0;0
11;1;1022102.0;2019;9;15;3;3;0;4;0;0;0;1;0;0;1;0;0;0;0
11;2;2030302.0;2019;9;15;3;3;2;7;0;1;1;0;0;0;0;0;0;0;0
11;10;10020415.0;2019;9;13;3;2;1;5;0;0;1;0;0;0;1;1;0;0;0
11;12;12301205.0;2019;9;14;3;3;2;6;0;0;1;0;0;0;0;0;0;0;0
11;6;6030501.0;2019;9;16;3;2;5;3;0;1;1;0;0;0;0;0;0;0;0
11;10;10040933.0;2019;9;14;3;3;3;6;0;1;1;0;0;0;0;0;0;0;0
11;11;11040925.0;2019;9;14;3;3;5;3;0;1;1;0;0;0;0;0;0;0;0
11;3;3040614.0;2019;9;12;3;3;5;2;0;1;1;0;0;0;0;0;0;0;0
11;10;10010310.0;2019;9;14;3;3;5;2;0;1;1;0;0;0;0;0;0;0;0
11;8;8010211.0;2019;9;11;3;3;5;7;0;0;1;0;0;0;0;0;0;0;0
11;4;4041342.0;2019;9;13;3;3;0;5;0;0;1;0;1;0;0;0;0;0;0
11;8;8020622.0;2019;9;11;3;3;5;2;0;0;1;0;0;0;1;0;0;0;0
11;4;4030931.0;2019;9;12;3;3;6;7;0;0;1;1;0;0;0;0;0;0;0
11;2;2020202.0;2019;9;10;3;3;5;2;0;1;1;0;0;0;0;0;0;0;0
11;3;3051017.0;2019;9;10;3;3;0;2;0;0;0;0;1;1;0;0;0;0;0
11;8;8041036.0;2019;9;10;3;2;5;7;0;0;1;0;1;0;0;0;0;0;0
11;1;1011303.0;2019;9;10;3;3;5;2;0;0;1;0;0;0;1;0;0;0;0
11;3;3040818.0;2019;9;10;3;3;6;2;0;0;1;1;0;0;0;1;0;0;0
11;1;1044202.0;2019;9;10;3;3;5;2;0;1;1;0;0;0;0;0;0;0;0
11;4;4030725.0;2019;9;10;3;2;5;2;0;0;1;0;1;0;0;1;0;0;0
11;9;9020701.0;2019;9;9;3;3;6;2;0;0;1;1;0;0;0;0;0;0;0
11;4;4030417.0;2019;9;10;3;3;0;1;0;1;0;0;0;0;0;1;0;0;0
11;3;3061126.0;2019;9;22;3;3;0;1;2;1;0;0;0;0;0;0;0;0;0
11;11;11051229.0;2019;9;9;3;3;1;5;0;1;0;0;0;1;0;0;0;0;0
11;1;1044103.0;2019;9;10;3;3;0;7;0;1;0;0;0;0;0;1;0;0;0
11;11;11030721.0;2019;9;8;3;3;0;6;0;1;1;0;0;0;0;0;0;0;0
11;7;7040401.0;2019;9;8;3;3;5;2;0;1;1;0;0;0;0;0;0;0;0
11;5;5010101.0;2019;9;8;3;3;2;6;0;0;1;0;0;0;1;0;0;0;0
11;8;8020727.0;2019;9;9;3;3;6;7;0;0;1;1;0;0;0;0;0;0;0
11;4;4051448.0;2019;9;8;3;3;5;3;0;0;1;0;0;0;0;0;0;0;0
11;2;2020203.0;2019;9;9;3;3;5;2;0;1;0;0;0;0;1;1;0;0;0
11;11;11030618.0;2019;9;7;3;3;6;4;0;0;0;1;1;0;0;0;0;0;0
11;2;2020205.0;2019;9;21;3;2;3;7;2;1;1;0;0;0;0;0;0;0;0
11;3;3051017.0;2019;9;7;3;3;5;2;0;1;1;0;0;0;0;0;0;0;0
11;1;1011103.0;2019;9;7;3;3;2;6;0;0;1;0;0;0;0;1;0;0;0
11;6;6010205.0;2019;9;7;3;2;6;4;0;0;1;1;0;0;0;0;0;0;0
11;2;2050803.0;2019;9;7;3;3;5;2;0;1;1;0;0;0;0;1;0;0;0
11;1;1011202.0;2019;9;6;3;3;5;3;0;1;1;0;0;0;0;0;0;0;0
11;1;1011302.0;2019;9;23;3;3;5;3;2;1;0;0;1;0;0;0;0;0;0
11;8;8041036.0;2019;9;16;3;3;5;3;0;1;1;0;0;0;0;0;0;0;0
11;10;10010205.0;2019;9;18;3;3;5;3;0;1;1;0;0;0;0;0;0;0;0
11;4;4030620.0;2019;9;17;3;3;0;4;0;1;0;1;0;0;0;0;0;0;0
11;10;10030724.0;2019;9;8;3;3;0;3;0;0;1;0;0;0;1;0;0;0;0
11;8;8010117.0;2019;9;14;3;3;2;6;0;0;1;0;0;0;1;0;0;0;0
11;4;4051652.0;2019;9;17;3;2;5;2;0;0;1;0;1;0;0;0;0;0;0
11;6;6020409.0;2019;9;16;3;3;5;3;0;0;1;0;0;0;1;0;0;0;0
11;12;12301203.0;2019;9;19;3;1;5;3;2;0;1;0;1;0;0;0;0;0;0
11;5;5010207.0;2019;9;11;3;3;2;6;0;0;1;0;0;0;1;0;0;0;0
11;2;2030402.0;2019;9;14;2;3;1;5;0;1;1;0;0;0;0;0;0;0;0
11;3;3061228.0;2019;9;1;3;3;5;3;2;0;1;0;0;0;0;1;0;0;0
11;8;8010212.0;2019;9;14;2;3;2;2;0;0;1;0;1;0;0;0;0;0;0
11;2;2040701.0;2019;9;14;3;3;1;5;0;0;1;0;0;0;1;0;0;0;0
11;10;10040828.0;2019;9;10;2;3;5;3;0;1;0;0;0;0;1;0;0;0;0
11;11;11020513.0;2019;9;6;2;2;6;7;1;1;0;1;0;0;0;0;0;0;0
11;11;11051332.0;2019;9;8;2;3;2;2;0;1;1;0;0;0;0;0;0;0;0
11;11;11020411.0;2019;9;22;2;3;1;1;2;0;1;0;0;0;0;1;0;0;0
11;7;7030301.0;2019;9;16;2;3;5;3;0;1;0;0;0;0;0;0;0;0;0
11;7;7020204.0;2019;9;12;2;2;5;3;0;1;1;0;0;0;0;1;0;0;0
11;11;11051331.0;2019;9;5;2;3;6;7;2;0;1;0;0;0;1;1;0;0;0
11;12;12231101.0;2019;9;21;2;2;5;3;2;0;1;0;1;0;0;0;0;0;0
11;12;12302109.0;2019;9;20;2;3;5;3;2;0;1;0;0;0;0;1;0;0;0
11;1;1011303.0;2019;9;18;2;3;6;7;0;0;1;1;0;0;0;0;0;0;0
11;12;12103116.0;2019;9;19;2;3;5;3;2;0;1;0;0;0;0;1;0;0;0
11;1;1011203.0;2019;9;18;2;3;3;6;0;1;1;0;0;0;0;0;0;0;0
11;5;5020625.0;2019;9;5;2;3;6;2;2;0;1;1;0;0;0;1;0;0;0
11;12;12304313.0;2019;9;18;2;2;6;4;0;0;1;1;0;0;0;0;0;0;0
11;1;1022101.0;2019;9;19;2;3;2;6;1;0;1;0;0;0;0;1;0;0;0
11;1;1022206.0;2019;9;18;2;3;2;6;0;0;1;0;0;0;0;1;0;0;0
11;1;1011306.0;2019;9;17;2;3;5;3;0;1;1;0;0;0;0;0;0;0;0
11;4;4051447.0;2019;9;17;2;3;5;2;0;1;1;0;0;0;0;0;0;0;0
11;6;6030605.0;2019;9;13;2;3;2;6;0;0;1;0;1;0;0;1;0;0;0
11;12;12214125.0;2019;9;16;2;3;6;4;0;0;1;1;0;0;0;1;0;0;0
11;7;7040403.0;2019;9;17;2;3;5;3;0;0;1;0;0;0;0;0;0;0;0
11;8;8020621.0;2019;9;12;2;3;2;6;0;0;1;0;0;0;1;1;0;0;0
11;4;4020311.0;2019;9;17;2;3;5;2;0;1;1;0;0;0;0;0;0;0;0
11;12;12214423.0;2019;9;16;2;3;5;3;0;0;1;0;0;0;0;1;0;0;0
11;6;6030503.0;2019;9;16;2;3;5;2;0;0;1;0;0;0;0;1;0;0;0
11;5;5010311.0;2019;9;17;2;3;5;3;0;1;1;0;0;0;0;0;0;0;0
11;6;6040809.0;2019;9;10;2;3;2;7;0;0;1;0;0;0;0;1;0;0;0
11;4;4020311.0;2019;9;10;2;3;1;5;0;1;0;0;0;1;0;1;0;0;0
11;4;4030623.0;2019;9;15;2;3;2;6;0;0;1;0;0;0;0;0;0;0;0
11;1;1044201.0;2019;9;16;2;3;5;3;0;0;1;0;0;0;0;1;0;0;0
11;5;5020524.0;2019;9;16;2;2;6;2;0;0;1;1;0;0;0;1;0;0;0
11;7;7050506.0;2019;9;23;2;3;5;2;2;0;1;0;0;0;1;0;0;0;0
11;4;4051447.0;2019;9;16;2;3;6;4;0;0;1;1;0;0;0;1;0;0;0
11;7;7050506.0;2019;9;16;2;3;5;2;0;0;1;0;0;0;0;0;0;0;0
11;5;5020625.0;2019;9;15;2;3;5;2;0;1;1;0;0;0;0;1;0;0;0
11;2;2020206.0;2019;9;15;2;3;2;6;0;0;1;0;0;0;0;0;0;0;0
11;9;9051901.0;2019;9;9;2;3;8;1;0;0;1;0;0;0;0;1;0;0;0
11;5;5010101.0;2019;9;15;2;3;4;1;0;0;1;0;0;0;0;0;0;0;0
11;8;8010301.0;2019;9;15;2;3;5;3;0;1;1;0;0;0;0;1;0;0;0
11;4;4030726.0;2019;9;9;2;3;5;2;0;0;1;0;0;0;1;1;0;0;0
11;8;8010508.0;2019;9;8;2;3;2;6;0;0;1;0;0;0;0;0;0;0;0
11;5;5010207.0;2019;9;12;2;2;5;2;0;0;1;0;1;0;0;0;0;0;0
11;5;5010339.0;2019;9;14;2;3;2;6;0;0;1;0;0;0;0;1;0;0;0
11;8;8020625.0;2019;9;9;2;3;0;6;0;0;1;0;1;0;0;1;0;0;0
11;8;8010510.0;2019;9;12;2;2;5;3;0;1;1;0;0;0;0;0;0;0;0
11;4;4030622.0;2019;9;14;2;3;6;4;0;1;0;1;0;0;0;1;0;0;0
11;3;3040512.0;2019;9;15;2;3;2;6;0;0;1;0;0;0;0;0;0;0;0
11;2;2030402.0;2019;9;14;2;3;5;3;0;1;1;0;0;0;0;1;0;0;0
11;6;6040806.0;2019;9;12;2;2;5;2;0;0;1;0;1;0;0;0;0;0;0
11;2;2020205.0;2019;9;9;2;3;6;2;0;0;1;1;0;0;0;1;0;0;0
11;3;3030405.0;2019;9;7;2;3;2;7;0;0;1;0;1;0;0;0;0;0;0
11;2;2050602.0;2019;9;14;2;3;2;6;1;0;1;0;0;1;0;1;0;0;0
11;1;1011304.0;2019;9;8;2;3;0;3;0;1;0;0;1;0;0;0;0;0;0
11;5;5020625.0;2019;9;16;6;3;5;2;0;0;1;0;0;0;0;0;0;0;0
11;12;12302212.0;2019;9;16;6;3;2;6;0;0;1;0;0;0;0;0;0;0;0
11;8;8041037.0;2019;9;16;6;3;1;1;0;0;1;0;1;0;0;0;0;0;0
11;1;1033102.0;2019;9;16;6;3;3;6;0;0;1;0;1;0;0;0;0;0;0
11;1;1011303.0;2019;9;16;6;3;5;2;0;1;1;0;0;0;0;0;0;0;0
11;8;8030831.0;2019;9;15;6;2;5;2;0;1;1;0;0;0;0;0;0;0;0
11;9;9010402.0;2019;9;15;6;3;0;1;0;1;0;0;0;0;0;0;0;0;0
11;4;4041137.0;2019;9;14;6;3;2;6;0;0;1;0;0;0;0;0;0;0;0
11;5;5030731.0;2019;9;14;6;3;5;3;0;0;1;0;0;0;1;0;0;0;0
11;2;2010102.0;2019;9;14;6;3;0;5;0;0;1;0;1;0;0;0;0;0;0
11;9;9020701.0;2019;9;14;6;3;5;2;0;1;1;0;0;0;0;0;0;0;0
11;11;11030618.0;2019;9;14;6;3;6;7;0;0;1;1;0;0;0;0;0;0;0
11;4;4030623.0;2019;9;14;6;2;3;6;0;0;1;0;0;0;1;0;0;0;0
11;1;1011303.0;2019;9;13;6;3;2;6;0;1;1;0;0;0;0;0;0;0;0
11;4;4051446.0;2019;9;13;6;3;5;7;0;0;1;0;0;0;0;0;0;0;0
11;1;1022104.0;2019;9;21;6;3;0;1;2;0;0;0;1;0;0;0;0;0;0
11;3;3071536.0;2019;9;21;6;3;0;1;2;0;0;0;0;0;1;0;0;0;0
11;9;9010202.0;2019;9;21;6;3;5;3;2;0;1;0;0;0;0;0;0;0;0
11;1;1033101.0;2019;9;13;6;3;2;6;0;0;1;0;0;0;0;0;0;0;0
11;5;5010103.0;2019;9;12;6;3;5;3;0;0;1;0;0;0;0;0;0;0;0
11;8;8020727.0;2019;9;12;6;3;5;2;0;0;1;0;1;0;0;0;0;0;0
11;12;12224230.0;2019;9;12;6;2;2;6;0;0;1;0;1;0;0;0;0;0;0
11;3;3010101.0;2019;9;7;6;3;3;6;0;1;1;0;0;0;0;0;0;0;0
11;9;9041301.0;2019;9;12;6;3;2;6;0;0;1;0;0;0;0;0;0;0;0
11;1;1011303.0;2019;9;7;6;3;0;3;0;0;0;0;1;0;0;0;0;0;0
11;10;10030724.0;2019;9;12;6;3;5;3;0;0;1;0;0;0;0;0;0;0;0
11;11;11010310.0;2019;9;6;6;2;4;7;0;0;1;0;0;0;1;0;0;0;0
11;4;4030827.0;2019;9;11;6;3;1;5;0;1;1;0;0;0;0;0;0;0;0
11;10;10040828.0;2019;9;9;6;3;5;3;0;1;1;0;0;0;0;0;0;0;0
11;7;7020204.0;2019;9;9;6;2;5;3;0;1;1;0;0;0;0;0;0;0;0
11;11;11030721.0;2019;9;9;6;3;0;7;0;0;1;0;0;0;0;0;0;0;0
11;8;8020728.0;2019;9;8;6;3;6;4;0;0;1;1;0;0;0;0;0;0;0
11;4;4041134.0;2019;9;8;6;3;5;2;0;0;1;0;0;0;0;0;0;0;0
11;7;7050502.0;2019;9;8;6;3;1;1;0;0;1;0;0;0;0;0;0;0;0
11;10;10020518.0;2019;9;7;6;3;5;3;0;0;1;0;0;0;1;0;0;0;0
11;1;1022206.0;2019;9;14;6;3;0;6;0;0;1;0;0;0;1;0;0;0;0
11;10;10010308.0;2019;9;15;5;2;5;2;0;1;0;0;0;0;0;0;0;0;0
11;4;4020310.0;2019;9;11;5;3;5;7;0;0;1;0;0;0;0;0;0;0;0
11;1;1011201.0;2019;9;21;5;3;0;3;2;0;1;0;1;0;0;0;0;0;0
11;4;4041137.0;2019;9;17;5;3;2;7;0;0;1;0;1;0;0;0;0;0;0
11;2;2020206.0;2019;9;10;5;3;3;6;0;0;1;0;0;1;0;0;0;0;0
11;8;8010509.0;2019;9;20;5;3;6;4;2;0;1;1;0;0;0;0;0;0;0
11;5;5020625.0;2019;9;10;5;3;2;7;0;0;1;0;1;0;0;0;0;0;0
11;2;2020206.0;2019;9;19;5;3;6;4;1;1;0;1;0;0;0;0;0;0;0
11;2;2010102.0;2019;9;16;5;2;5;2;0;0;1;0;1;0;0;0;0;0;0
11;5;5020625.0;2019;9;19;5;3;6;4;1;1;0;1;0;0;0;0;0;0;0
11;1;1011105.0;2019;9;9;5;3;1;5;0;1;1;0;0;0;0;0;0;0;0
11;10;10020623.0;2019;9;16;5;3;6;4;0;0;1;1;0;0;0;0;0;0;0
11;1;1033101.0;2019;9;9;5;3;0;6;0;0;1;0;0;0;1;0;0;0;0
11;1;1022106.0;2019;9;15;5;3;5;3;0;0;1;0;0;0;0;0;0;0;0
11;5;5020626.0;2019;9;15;5;3;2;6;0;0;1;0;0;0;0;0;0;0;0
11;1;1011401.0;2019;9;14;5;3;2;3;0;0;1;0;1;0;0;0;0;0;0
11;11;11010103.0;2019;9;19;5;3;5;3;1;0;1;0;0;0;0;0;0;0;0
11;8;8020622.0;2019;9;8;5;3;0;2;0;1;1;0;0;0;0;0;0;0;0
11;2;2050802.0;2019;9;8;5;3;5;2;0;1;1;0;0;0;0;0;0;0;0
11;8;8020622.0;2019;9;7;5;2;5;2;0;1;1;0;0;0;0;0;0;0;0
11;4;4020310.0;2019;9;14;5;2;6;4;0;0;0;1;0;0;1;0;0;0;0
11;9;9051901.0;2019;9;14;5;2;5;7;0;1;1;0;0;0;0;0;0;0;0
11;7;7060604.0;2019;9;7;5;3;5;3;0;1;1;0;0;0;0;0;0;0;0
11;8;8010404.0;2019;9;17;5;2;5;3;0;0;1;0;0;0;0;0;0;0;0
11;1;1011303.0;2019;9;14;5;3;6;4;0;1;0;1;0;0;0;0;0;0;0
11;1;1022206.0;2019;9;17;5;2;5;2;0;1;1;0;0;0;0;0;0;0;0
11;5;5010209.0;2019;9;14;5;3;1;1;0;1;1;0;0;0;0;0;0;0;0
11;11;11040926.0;2019;9;13;5;2;6;4;0;0;1;1;0;0;0;0;0;0;0
11;2;2030301.0;2019;9;2;5;3;1;5;2;0;1;0;0;0;0;0;0;0;0
11;1;1044101.0;2019;9;13;5;3;3;6;0;0;1;0;0;1;0;0;0;0;0
11;8;8010508.0;2019;9;12;5;3;5;2;0;0;1;0;0;0;0;0;0;0;0
11;5;5030731.0;2019;9;11;5;3;1;5;0;0;1;0;0;0;1;0;0;0;0
11;8;8010211.0;2019;9;5;5;3;5;7;1;0;1;0;0;0;0;0;0;0;0
11;1;1022201.0;2019;9;14;5;3;0;6;0;0;0;0;0;0;1;0;0;0;0
11;3;3051017.0;2019;9;13;5;2;5;3;0;0;1;0;0;0;0;0;0;0;0
11;7;7010104.0;2019;9;4;5;3;6;2;2;0;1;1;0;0;0;0;0;0;0
11;1;1011101.0;2019;9;13;5;3;2;6;0;0;1;0;0;0;1;0;0;0;0
11;12;12224229.0;2019;9;15;4;2;0;6;0;0;1;0;0;0;1;0;0;0;0
11;4;4030726.0;2019;9;16;4;3;5;3;0;1;1;0;0;0;0;0;0;0;0
11;1;1011204.0;2019;9;9;4;3;5;3;0;1;1;0;0;0;0;0;0;0;0
11;2;2030401.0;2019;9;8;4;3;6;4;0;0;1;1;0;0;0;0;0;0;0
11;8;8041040.0;2019;9;13;4;3;6;2;0;0;1;1;0;0;0;0;0;0;0
11;1;1011202.0;2019;9;13;4;3;5;2;0;1;1;0;0;0;0;0;0;0;0
11;9;9010101.0;2019;9;23;4;3;0;1;2;1;0;0;0;0;0;0;0;0;0
11;11;11040926.0;2019;9;16;4;3;5;3;0;1;1;0;0;0;0;0;0;0;0
11;10;10040828.0;2019;9;8;4;3;5;3;0;0;1;0;0;0;0;0;0;0;0
11;1;1022201.0;2019;9;22;4;2;1;5;2;1;0;0;0;0;1;0;0;0;0
11;1;1011301.0;2019;9;21;4;3;1;1;2;1;1;0;0;0;0;0;0;0;0
11;6;6040703.0;2019;9;19;4;3;1;5;2;1;1;0;0;0;0;0;0;0;0
11;7;7020202.0;2019;9;19;4;3;2;6;1;0;1;0;0;0;0;0;0;0;0
11;5;5010314.0;2019;9;18;4;3;5;7;1;0;1;0;1;0;0;0;0;0;0
11;11;11030721.0;2019;9;18;4;3;0;3;0;1;1;0;0;0;0;0;0;0;0
11;4;4030623.0;2019;9;18;4;3;6;4;0;0;1;1;0;0;0;0;0;0;0
11;3;3020307.0;2019;9;17;4;2;6;7;0;0;1;1;0;0;0;0;0;0;0
11;1;1011201.0;2019;9;17;4;3;6;2;0;0;1;1;0;0;0;0;0;0;0
11;2;2050803.0;2019;9;17;4;3;3;6;0;0;1;0;0;0;0;0;0;0;0
11;6;6030504.0;2019;9;17;4;3;1;7;0;0;1;0;0;0;0;0;0;0;0
11;5;5030730.0;2019;9;16;4;3;2;3;0;1;1;0;0;0;0;0;0;0;0
11;9;9020701.0;2019;9;8;4;3;0;6;0;0;1;0;0;0;0;0;0;0;0
11;5;5020626.0;2019;9;16;4;3;5;3;0;0;1;0;0;0;0;0;0;0;0
11;3;3061429.0;2019;9;15;4;3;2;2;0;1;1;0;0;0;0;0;0;0;0
11;9;9051701.0;2019;9;6;4;3;5;2;1;1;0;0;0;0;1;0;0;0;0
11;9;9010302.0;2019;9;6;4;3;5;2;0;1;1;0;0;0;0;0;0;0;0
11;1;1011303.0;2019;9;15;4;3;6;4;0;0;0;1;0;0;1;0;0;0;0
11;5;5010314.0;2019;9;5;4;2;6;2;2;0;1;1;0;0;0;0;0;0;0
11;12;12103115.0;2019;9;14;4;3;5;2;0;1;1;0;0;0;0;0;0;0;0
11;7;7040405.0;2019;9;14;4;3;5;3;0;1;1;0;0;0;0;0;0;0;0
11;4;4030620.0;2019;9;14;4;3;5;3;0;0;1;0;1;0;0;0;0;0;0
11;12;12302110.0;2019;9;14;4;3;6;4;0;0;1;1;0;0;0;1;0;0;0
11;7;7010102.0;2019;9;13;4;2;6;2;0;0;1;1;0;0;0;0;0;0;0
11;2;2030302.0;2019;9;13;4;3;0;3;0;1;0;0;1;0;0;0;0;0;0
11;11;11051331.0;2019;9;10;4;2;4;2;0;1;0;0;0;0;1;0;0;0;0
11;1;1033202.0;2019;9;7;4;3;6;2;0;0;1;1;0;0;0;0;0;0;0
11;12;12214422.0;2019;9;10;4;3;5;2;0;0;1;0;0;0;1;0;0;0;0
11;8;8010406.0;2019;9;9;4;2;5;3;0;0;1;0;1;0;0;0;0;0;0
11;5;5010208.0;2019;9;9;4;3;5;3;0;1;1;0;0;0;0;0;0;0;0
11;10;10010308.0;2019;9;9;4;3;5;2;0;1;1;0;0;0;0;0;0;0;0
11;2;2040701.0;2019;9;8;4;3;5;2;0;1;1;0;0;0;0;0;0;0;0
11;8;8020622.0;2019;9;7;4;3;5;7;0;1;1;0;0;0;0;0;0;0;0
11;2;2030302.0;2019;9;6;4;3;5;3;0;1;0;0;1;0;0;1;0;0;0
11;5;5020625.0;2019;9;9;4;2;5;3;0;0;1;0;0;0;1;0;0;0;0
11;2;2020205.0;2019;9;16;3;3;1;5;0;1;1;0;0;0;0;0;0;0;0
11;3;3050923.0;2019;9;22;3;3;5;3;2;0;1;0;0;0;0;1;0;0;0
11;1;1022207.0;2019;9;22;3;2;6;4;2;1;0;1;0;0;0;1;0;0;0
11;1;1011401.0;2019;9;21;3;3;6;4;2;1;0;1;0;0;0;1;0;0;0
11;10;10010206.0;2019;9;20;3;2;5;3;2;0;1;0;0;0;0;1;0;0;0
11;1;1033102.0;2019;9;19;3;3;5;2;1;0;1;0;0;0;1;1;0;0;0
11;5;5020627.0;2019;9;19;3;3;5;2;2;0;1;0;0;0;0;0;0;0;0
11;3;3061429.0;2019;9;19;3;2;6;4;0;0;1;1;0;0;0;1;0;0;0