LAND;BEZ;LOR_ab_2021;UJAHR;UMONAT;USTUNDE;UWOCHENTAG;UKATEGORIE;UART;UTYP1;ULICHTVERH;IstRad;IstPKW;IstFuss;IstKrad;IstGkfz;IstSonstige;USTRZUSTAND;LOCKDOWN;COVID;FERIEN
11;12;12103219.0;2019;9;18;3;3;2;6;1;0;1;0;0;0;0;1;0;0;0
11;2;2040502.0;2019;9;18;3;3;2;7;1;0;1;0;1;0;0;1;0;0;0
11;8;8010301.0;2019;9;18;3;3;6;4;2;0;0;1;1;0;0;1;0;0;0
11;2;2040502.0;2019;9;17;3;3;0;2;1;1;1;0;0;0;0;1;0;0;0
11;3;3040818.0;2019;9;18;3;3;5;2;0;0;1;0;1;0;0;1;0;0;0
11;8;8040933.0;2019;9;15;3;3;0;2;0;1;1;0;0;0;0;0;0;0;0
11;3;3061228.0;2019;9;16;3;2;2;6;0;0;1;0;0;0;0;1;0;0;0
11;9;9051901.0;2019;9;17;3;3;2;6;0;0;1;0;0;0;0;1;0;0;0
11;10;10010102.0;2019;9;17;3;3;5;3;1;0;1;0;1;0;0;1;0;0;0
11;9;9051901.0;2019;9;17;3;3;2;6;0;0;1;0;0;0;0;1;0;0;0
11;2;2030302.0;2019;9;14;3;3;2;6;0;0;1;0;1;0;0;1;0;0;0
11;5;5030730.0;2019;9;14;3;3;2;6;0;0;1;0;0;0;0;1;0;0;0
11;4;4030621.0;2019;9;12;3;3;6;4;0;0;0;1;1;0;0;1;0;0;0
11;11;11040926.0;2019;9;12;3;2;5;2;0;1;1;0;0;0;0;1;0;0;0
11;2;2020203.0;2019;9;11;3;3;3;6;0;0;1;0;0;0;0;0;0;0;0
11;10;10010308.0;2019;9;11;3;3;5;2;0;0;1;0;0;0;0;0;0;0;0
11;3;3050925.0;2019;9;11;3;2;5;2;0;0;1;0;0;0;1;0;0;0;0
11;7;7010101.0;2019;9;10;3;3;5;7;0;0;0;0;1;0;1;0;0;0;0
11;2;2010103.0;2019;9;12;4;3;2;6;0;0;1;0;0;1;0;1;0;0;0
11;3;3061228.0;2019;9;10;3;3;5;3;0;0;1;0;1;0;0;0;0;0;0
11;11;11030619.0;2019;9;5;3;3;7;7;1;1;0;0;0;0;0;0;0;0;0
11;4;4051446.0;2019;9;10;3;3;5;2;0;1;1;0;0;0;0;0;0;0;0
11;4;4030623.0;2019;9;23;3;3;2;1;2;0;1;0;1;0;0;0;0;0;0
11;8;8010211.0;2019;9;9;3;3;2;6;0;0;1;0;0;0;0;0;0;0;0
11;3;3020307.0;2019;9;9;3;3;5;2;0;1;1;0;0;0;0;0;0;0;0
11;12;12301203.0;2019;9;23;3;3;5;3;2;1;1;0;0;0;0;0;0;0;0
11;6;6030504.0;2019;9;15;3;3;5;3;0;1;0;0;0;0;0;0;0;0;0
11;2;2020203.0;2019;9;9;3;3;2;2;0;1;1;0;0;0;0;0;0;0;0
11;6;6020302.0;2019;9;8;3;2;1;5;0;1;1;0;0;0;0;0;0;0;0
11;5;5020626.0;2019;9;21;3;3;5;3;2;1;1;0;0;0;0;0;0;0;0
11;5;5020419.0;2019;9;8;3;3;0;2;0;1;0;0;0;0;1;0;0;0;0
11;3;3040818.0;2019;9;8;3;3;6;7;0;1;0;1;0;0;0;0;0;0;0
11;11;11010204.0;2019;9;6;3;3;5;2;0;1;1;0;0;0;0;0;0;0;0
11;1;1044101.0;2019;9;16;3;3;1;1;0;0;1;0;0;0;0;1;0;0;0
11;9;9052001.0;2019;9;16;3;2;5;7;0;0;1;0;0;0;1;0;0;0;0
11;2;2010103.0;2019;9;17;3;2;6;4;0;0;0;1;1;0;0;0;0;0;0
11;6;6010207.0;2019;9;16;3;3;5;3;0;1;0;0;0;0;1;1;0;0;0
11;2;2010103.0;2019;9;16;3;3;5;3;0;0;1;0;0;0;0;0;0;0;0
11;3;3040818.0;2019;9;16;3;3;5;3;0;1;1;0;0;0;0;1;0;0;0
11;2;2010103.0;2019;9;16;3;3;5;3;0;1;1;0;0;0;0;1;0;0;0
11;10;10040931.0;2019;9;16;3;2;2;6;0;0;1;0;0;0;0;0;0;0;0
11;2;2020204.0;2019;9;16;3;3;5;7;0;1;1;0;0;0;0;1;0;0;0
11;11;11020515.0;2019;9;15;3;3;0;3;0;0;1;0;0;0;1;0;0;0;0
11;11;11030619.0;2019;9;6;3;3;6;4;0;0;0;1;1;0;0;0;0;0;0
11;4;4030931.0;2019;9;15;3;2;3;6;0;0;1;0;1;0;0;0;0;0;0
11;11;11020411.0;2019;9;16;3;2;5;3;0;0;1;0;1;0;0;1;0;0;0
11;1;1044103.0;2019;9;16;3;3;5;3;0;0;1;0;0;0;0;1;0;0;0
11;5;5020625.0;2019;9;15;3;3;5;7;0;1;1;0;0;0;0;0;0;0;0
11;12;12103115.0;2019;9;15;3;3;6;4;0;0;1;1;0;0;0;0;0;0;0
11;2;2040502.0;2019;9;15;3;3;2;7;0;0;1;0;0;0;0;1;0;0;0
11;2;2010103.0;2019;9;15;3;3;5;3;0;1;1;0;0;0;0;1;0;0;0
11;8;8041036.0;2019;9;14;3;3;5;3;0;1;1;0;0;0;0;0;0;0;0
11;11;11020514.0;2019;9;15;3;2;0;3;0;1;1;0;0;0;0;1;0;0;0
11;1;1022201.0;2019;9;13;3;3;5;2;0;0;1;0;0;0;0;0;0;0;0
11;11;11030721.0;2019;9;15;3;3;0;1;0;0;0;0;1;0;0;1;0;0;0
11;1;1011103.0;2019;9;13;3;3;5;2;0;0;1;0;0;0;0;0;0;0;0
11;11;11030720.0;2019;9;14;3;2;2;6;0;0;1;0;0;1;1;1;0;0;0
11;1;1033101.0;2019;9;10;3;3;5;2;0;0;1;0;1;0;0;0;0;0;0
11;2;2010104.0;2019;9;14;3;3;2;6;0;0;1;0;1;0;0;1;0;0;0
11;1;1011301.0;2019;9;13;3;3;0;1;0;0;0;0;1;0;0;1;0;0;0
11;3;3071638.0;2019;9;10;3;3;2;5;0;0;1;0;0;0;0;0;0;0;0
11;1;1011204.0;2019;9;8;3;3;5;2;0;1;1;0;0;0;0;0;0;0;0
11;7;7010102.0;2019;9;17;3;3;5;3;0;1;1;0;0;0;0;0;0;0;0
11;1;1044201.0;2019;9;8;3;3;5;2;0;1;1;0;0;0;0;0;0;0;0
11;7;7040402.0;2019;9;17;2;3;0;7;0;0;0;0;1;0;1;1;0;0;0
11;2;2030401.0;2019;9;8;3;3;0;2;0;1;0;0;1;0;0;0;0;0;0
11;8;8010405.0;2019;9;13;2;3;2;7;0;0;1;0;0;0;1;0;0;0;0
11;3;3050924.0;2019;9;8;3;3;2;6;0;1;1;0;0;0;0;0;0;0;0
11;1;1044202.0;2019;9;7;2;3;5;2;0;0;1;0;0;1;0;0;0;0;0
11;2;2010102.0;2019;9;7;3;3;2;6;1;0;1;0;0;1;0;0;0;0;0
11;4;4030827.0;2019;9;12;2;3;6;4;0;0;1;1;0;0;0;0;0;0;0
11;6;6010204.0;2019;9;22;2;3;1;5;2;0;1;0;0;0;0;0;0;0;0
11;1;1011302.0;2019;9;7;3;3;3;6;0;1;1;0;0;0;0;0;0;0;0
11;1;1022103.0;2019;9;18;2;3;5;2;0;0;1;0;1;0;0;0;0;0;0
11;12;12231102.0;2019;9;7;3;3;2;7;0;0;1;0;0;0;0;0;0;0;0
11;12;12301206.0;2019;9;18;2;3;2;6;0;0;1;0;0;0;0;0;0;0;0
11;1;1022101.0;2019;9;17;2;3;5;2;0;1;1;0;0;0;0;0;0;0;0
11;4;4020313.0;2019;9;7;3;3;2;2;1;0;1;0;0;0;0;0;0;0;0
11;3;3040614.0;2019;9;17;2;3;4;6;0;1;1;0;0;0;0;0;0;0;0
11;4;4030519.0;2019;9;5;3;3;6;4;2;0;0;1;1;0;0;0;0;0;0
11;4;4010101.0;2019;9;17;2;3;3;6;0;0;1;0;0;0;0;0;0;0;0
11;10;10020413.0;2019;9;0;3;3;9;1;2;0;1;0;0;0;0;0;0;0;0
11;7;7040402.0;2019;9;17;2;3;0;7;0;0;0;0;1;0;0;1;0;0;0
11;2;2010102.0;2019;9;22;3;2;5;3;2;1;1;1;0;0;0;0;0;0;0
11;7;7040402.0;2019;9;17;2;3;0;7;0;0;0;0;1;0;1;1;0;0;0
11;8;8030831.0;2019;9;16;2;2;5;2;0;1;0;0;0;0;1;0;0;0;0
11;8;8010214.0;2019;9;9;2;3;0;3;0;1;0;0;0;1;0;0;0;0;0
11;9;9020701.0;2019;9;14;2;3;5;2;0;1;1;0;0;0;0;0;0;0;0
11;7;7070702.0;2019;9;16;2;2;5;3;0;0;1;0;0;0;0;0;0;0;0
11;3;3040818.0;2019;9;20;2;3;0;6;2;1;1;0;0;0;0;0;0;0;0
11;8;8010213.0;2019;9;16;2;3;6;7;0;0;0;1;0;0;1;0;0;0;0
11;4;4041238.0;2019;9;16;2;3;5;3;0;1;1;0;0;0;0;0;0;0;0
11;9;9010202.0;2019;9;16;2;3;1;7;0;0;1;0;0;0;0;0;0;0;0
11;11;11010205.0;2019;9;14;2;3;2;6;0;0;1;0;0;0;0;0;0;0;0
11;2;2050802.0;2019;9;15;2;3;1;5;0;1;1;0;0;0;0;0;0;0;0
11;12;12214125.0;2019;9;15;2;3;2;6;0;0;1;0;0;0;0;0;0;0;0
11;1;1011102.0;2019;9;9;2;3;2;2;0;0;1;0;0;1;0;0;0;0;0
11;1;1044203.0;2019;9;14;2;2;5;2;0;0;1;0;0;0;0;0;0;0;0
11;9;9031001.0;2019;9;8;2;3;5;3;0;1;1;0;0;0;0;0;0;0;0
11;8;8010211.0;2019;9;14;2;3;6;7;0;1;0;1;0;0;0;0;0;0;0
11;5;5030731.0;2019;9;8;2;3;2;6;0;0;1;0;0;0;0;0;0;0;0
11;12;12214424.0;2019;9;11;2;2;5;3;0;0;0;0;1;0;1;0;0;0;0
11;10;10010308.0;2019;9;8;2;3;5;2;0;1;1;0;0;0;0;0;0;0;0
11;6;6020305.0;2019;9;14;2;3;2;7;0;0;1;0;1;0;0;0;0;0;0
11;11;11041128.0;2019;9;10;2;3;6;4;0;0;1;1;0;0;0;0;0;0;0
11;4;4051447.0;2019;9;8;2;3;5;2;0;1;1;0;0;0;0;0;0;0;0
11;1;1011203.0;2019;9;9;2;3;5;2;0;1;1;0;0;0;0;0;0;0;0
11;7;7050501.0;2019;9;7;2;3;2;2;0;0;1;0;0;1;0;0;0;0;0
11;1;1011302.0;2019;9;10;2;3;6;7;0;0;1;1;0;0;0;0;0;0;0
11;1;1044203.0;2019;9;21;2;2;6;4;2;0;1;1;0;0;0;0;0;0;0
11;5;5010313.0;2019;9;14;2;3;2;6;0;0;1;0;0;0;1;0;0;0;0
11;12;12214422.0;2019;9;19;2;3;3;6;2;0;1;0;1;0;0;0;0;0;0
11;2;2020204.0;2019;9;9;2;3;5;2;0;1;1;0;0;0;0;1;0;0;0
11;6;6030502.0;2019;9;9;2;3;5;3;0;1;1;0;0;0;0;1;0;0;0
11;9;9051801.0;2019;9;20;2;2;2;7;2;0;1;0;0;0;0;0;0;0;0
11;1;1044203.0;2019;9;20;2;3;2;6;2;0;1;0;0;0;0;0;0;0;0
11;4;4030931.0;2019;9;9;2;3;6;2;0;0;1;1;0;0;0;0;0;0;0
11;1;1011305.0;2019;9;9;2;3;3;6;0;1;1;0;0;0;0;0;0;0;0
11;9;9041501.0;2019;9;16;2;3;2;6;0;0;1;0;0;0;0;0;0;0;0
11;4;4030931.0;2019;9;8;2;3;2;6;0;1;1;0;0;0;0;1;0;0;0
11;7;7040405.0;2019;9;9;2;2;5;3;0;1;0;0;0;0;0;0;0;0;0
11;1;1011301.0;2019;9;8;2;3;5;2;0;1;1;0;0;0;0;0;0;0;0
11;3;3061227.0;2019;9;8;2;3;0;2;0;1;1;0;0;0;0;0;0;0;0
11;3;3010104.0;2019;9;15;2;3;5;3;0;0;1;0;0;0;0;0;0;0;0
11;6;6020410.0;2019;9;7;2;2;5;3;0;1;1;0;0;0;0;0;0;0;0
11;12;12224230.0;2019;9;13;2;3;0;7;0;0;1;0;0;0;0;0;0;0;0
11;7;7020202.0;2019;9;14;2;3;5;3;0;1;1;0;0;0;0;0;0;0;0
11;4;4030930.0;2019;9;11;2;3;5;7;0;0;1;0;0;0;1;0;0;0;0
11;1;1011302.0;2019;9;19;2;3;0;4;2;1;0;1;0;0;0;0;0;0;0
11;8;8010211.0;2019;9;11;2;3;5;3;0;0;1;0;0;0;0;0;0;0;0
11;8;8010117.0;2019;9;7;2;3;2;7;0;0;1;0;0;0;0;0;0;0;0
11;4;4010103.0;2019;9;13;2;3;6;4;0;0;1;1;0;0;0;0;0;0;0
11;1;1033102.0;2019;9;15;1;3;1;5;0;1;1;0;0;0;0;0;0;0;0
11;5;5020521.0;2019;9;17;2;3;0;3;0;1;1;0;0;0;0;0;0;0;0
11;11;11051229.0;2019;9;8;1;3;6;4;0;0;1;1;0;0;0;0;0;0;0
11;1;1011302.0;2019;9;13;2;3;0;1;0;1;0;0;0;0;0;0;0;0;0
11;4;4030931.0;2019;9;16;1;3;5;2;0;1;1;0;0;0;0;0;0;0;0
11;4;4030725.0;2019;9;18;1;3;0;7;0;0;0;0;1;0;0;1;0;0;0
11;8;8010301.0;2019;9;9;2;3;5;2;0;1;1;0;0;0;0;0;0;0;0
11;3;3050924.0;2019;9;18;2;3;4;1;1;1;0;0;0;0;1;0;0;0;0
11;8;8010118.0;2019;9;16;1;3;0;7;0;0;0;1;0;0;1;0;0;0;0
11;1;1011102.0;2019;9;16;1;3;0;1;0;0;0;0;0;0;1;0;0;0;0
11;1;1033203.0;2019;9;12;2;3;5;3;0;0;1;0;0;0;0;0;0;0;0
11;9;9010101.0;2019;9;16;1;3;2;6;0;1;1;0;0;0;0;0;0;0;0
11;9;9041601.0;2019;9;12;2;3;5;3;0;1;1;0;0;0;0;0;0;0;0
11;4;4051551.0;2019;9;15;1;3;1;5;0;1;1;0;0;0;0;0;0;0;0
11;4;4030620.0;2019;9;14;1;3;2;3;0;1;1;0;0;0;0;0;0;0;0
11;3;3071537.0;2019;9;18;2;3;2;6;2;0;1;0;0;0;0;0;0;0;0
11;4;4010101.0;2019;9;13;1;3;5;2;0;0;0;0;1;0;0;0;0;0;0
11;4;4010103.0;2019;9;20;1;3;3;2;2;0;1;0;0;0;0;0;0;0;0
11;4;4051445.0;2019;9;17;2;3;5;2;0;0;1;0;0;0;0;0;0;0;0
11;1;1044102.0;2019;9;18;1;2;5;3;0;1;1;0;0;0;0;0;0;0;0
11;1;1022207.0;2019;9;17;2;3;6;7;0;0;1;1;0;0;0;0;0;0;0
11;9;9020701.0;2019;9;18;1;3;5;2;0;0;1;0;0;0;0;0;0;0;0
11;7;7040403.0;2019;9;17;1;3;5;2;0;1;1;0;0;0;0;0;0;0;0
11;9;9041501.0;2019;9;14;2;3;1;1;0;1;1;0;0;0;0;0;0;0;0
11;1;1033201.0;2019;9;17;2;3;1;5;0;1;1;0;0;0;0;0;0;0;0
11;1;1011102.0;2019;9;7;1;3;0;1;0;0;0;0;1;0;0;0;0;0;0
11;2;2030302.0;2019;9;0;1;3;0;7;2;1;0;0;0;0;0;0;0;0;0
11;4;4030931.0;2019;9;17;2;3;6;7;0;0;0;1;0;0;1;0;0;0;0
11;9;9010101.0;2019;9;6;1;3;5;3;0;1;1;0;0;0;0;0;0;0;0
11;8;8010510.0;2019;9;11;2;3;2;2;0;0;1;0;0;0;0;0;0;0;0
11;8;8010213.0;2019;9;10;2;3;1;5;0;0;1;0;0;0;1;0;0;0;0
11;4;4010102.0;2019;9;6;1;3;2;6;1;0;1;0;1;0;0;0;0;0;0
11;4;4030931.0;2019;9;4;1;3;5;2;2;0;1;0;0;0;0;0;0;0;0
11;5;5010339.0;2019;9;10;2;2;1;5;0;0;1;0;0;0;0;0;0;0;0
11;5;5010339.0;2019;9;1;1;3;1;1;2;0;1;0;0;0;0;0;0;0;0
11;7;7070706.0;2019;9;10;2;3;5;3;0;0;1;0;0;0;0;0;0;0;0
11;9;9030901.0;2019;9;4;7;3;5;3;2;0;1;0;0;0;0;0;0;0;0
11;8;8020727.0;2019;9;17;2;3;5;7;0;1;1;0;0;0;0;0;0;0;0
11;7;7050503.0;2019;9;14;7;3;2;6;0;0;1;0;0;0;0;0;0;0;0
11;3;3040818.0;2019;9;16;2;3;5;2;0;1;1;0;0;0;0;0;0;0;0
11;12;12214421.0;2019;9;14;7;3;6;4;0;0;1;1;0;0;0;0;0;0;0
11;1;1044101.0;2019;9;10;2;3;5;3;0;0;1;0;0;0;0;0;0;0;0
11;12;12301205.0;2019;9;14;7;2;0;1;0;1;0;0;0;0;0;0;0;0;0
11;9;9052001.0;2019;9;10;2;3;2;7;0;0;1;0;1;0;0;0;0;0;0
11;7;7010104.0;2019;9;14;7;2;5;2;0;1;1;0;0;0;0;0;0;0;0
11;4;4030623.0;2019;9;13;2;3;0;2;0;0;0;0;0;0;1;0;0;0;0
11;3;3050923.0;2019;9;13;7;3;5;3;0;0;1;0;0;0;0;0;0;0;0
11;9;9020802.0;2019;9;13;7;3;5;3;0;1;1;0;0;0;0;0;0;0;0
11;1;1044101.0;2019;9;20;1;3;5;3;2;1;1;0;0;0;0;0;0;0;0
11;9;9051701.0;2019;9;21;7;3;3;6;2;0;1;0;1;0;0;0;0;0;0
11;11;11040926.0;2019;9;23;1;3;5;3;2;0;1;0;0;0;0;0;0;0;0
11;4;4051655.0;2019;9;21;7;3;0;1;2;0;0;0;0;0;1;0;0;0;0
11;6;6010205.0;2019;9;23;7;3;6;4;2;0;1;1;0;0;0;0;0;0;0
11;2;2020203.0;2019;9;20;1;3;5;2;2;1;1;0;0;0;0;0;0;0;0
11;1;1044201.0;2019;9;22;7;2;6;4;1;0;1;1;0;0;0;0;0;0;0
11;3;3061228.0;2019;9;21;1;2;5;2;2;1;1;0;0;0;0;0;0;0;0
11;4;4020311.0;2019;9;21;7;3;5;2;2;0;1;0;0;0;0;0;0;0;0
11;1;1033102.0;2019;9;21;1;3;3;6;2;0;1;0;0;0;0;0;0;0;0
11;11;11041022.0;2019;9;21;7;3;6;4;2;0;1;1;0;0;0;0;0;0;0
11;9;9051901.0;2019;9;20;1;3;0;7;2;0;0;0;1;0;0;1;0;0;0
11;1;1011402.0;2019;9;13;7;3;0;7;0;1;0;0;0;0;0;0;0;0;0
11;7;7040404.0;2019;9;21;7;3;0;1;2;0;0;0;1;0;0;0;0;0;0
11;7;7010102.0;2019;9;19;1;3;5;3;2;1;1;0;0;0;0;0;0;0;0
11;4;4030518.0;2019;9;19;1;3;5;2;2;0;1;0;0;0;1;0;0;0;0
11;6;6010102.0;2019;9;13;7;3;5;2;0;0;1;0;1;0;0;0;0;0;0
11;12;12103116.0;2019;9;15;1;3;4;6;0;0;1;0;0;0;0;0;0;0;0
11;2;2020203.0;2019;9;20;7;3;1;5;2;1;1;0;0;0;0;0;0;0;0
11;4;4030930.0;2019;9;14;1;2;3;6;0;1;0;0;0;0;1;0;0;0;0
11;6;6010205.0;2019;9;12;7;3;5;5;0;0;1;0;0;0;0;0;0;0;0
11;12;12214527.0;2019;9;11;7;3;5;2;0;0;1;0;0;0;0;0;0;0;0
11;6;6030606.0;2019;9;14;1;3;1;5;0;0;1;0;1;0;0;0;0;0;0
11;2;2010101.0;2019;9;13;1;3;5;7;0;0;1;0;0;0;1;0;0;0;0
11;6;6030610.0;2019;9;19;7;2;0;1;1;0;0;0;1;0;0;0;0;0;0
11;6;6020303.0;2019;9;18;7;2;2;6;0;0;1;0;0;0;0;0;0;0;0
11;10;10010102.0;2019;9;13;1;3;5;7;0;0;1;0;1;0;0;0;0;0;0
11;6;6020410.0;2019;9;10;7;3;0;6;0;0;1;0;1;0;0;0;0;0;0
11;3;3061332.0;2019;9;13;1;2;5;7;0;1;1;0;0;0;0;0;0;0;0
11;9;9010401.0;2019;9;9;7;3;3;6;0;1;0;0;0;0;0;0;0;0;0
11;3;3061126.0;2019;9;9;7;3;2;6;0;0;1;0;0;0;0;0;0;0;0
11;12;12214421.0;2019;9;12;1;3;5;3;0;0;1;0;1;0;0;0;0;0;0
11;9;9020802.0;2019;9;9;7;2;6;4;0;0;1;1;0;0;0;0;0;0;0
11;9;9041301.0;2019;9;12;1;2;5;3;0;0;1;0;1;0;0;0;0;0;0
11;6;6040804.0;2019;9;9;7;3;6;4;0;1;0;1;0;0;0;0;0;0;0
11;6;6030610.0;2019;9;19;1;2;2;2;1;1;1;0;0;0;0;0;0;0;0
11;3;3030716.0;2019;9;8;7;3;6;4;0;1;0;1;0;0;0;0;0;0;0
11;11;11030619.0;2019;9;11;7;3;5;2;0;1;1;0;0;0;0;0;0;0;0
11;1;1011202.0;2019;9;16;7;3;1;6;0;1;1;0;0;0;0;0;0;0;0
11;12;12301204.0;2019;9;16;7;3;0;1;0;0;0;0;1;0;0;0;0;0;0
11;11;11030618.0;2019;9;20;7;3;1;5;2;0;1;0;0;0;1;0;0;0;0
11;1;1011105.0;2019;9;19;7;3;5;3;2;0;1;0;0;0;0;0;0;0;0
11;7;7040404.0;2019;9;15;7;3;3;6;0;1;1;0;0;0;0;0;0;0;0
11;9;9010402.0;2019;9;14;7;3;5;2;0;0;1;0;0;0;1;0;0;0;0
11;3;3061227.0;2019;9;18;7;3;1;5;1;0;1;0;0;0;1;0;0;0;0
11;12;12302110.0;2019;9;2;7;3;1;5;2;0;1;0;0;0;0;0;0;0;0
11;3;3030405.0;2019;9;17;7;3;5;3;0;1;1;0;0;0;0;0;0;0;0
11;7;7030303.0;2019;9;0;7;3;1;3;2;1;1;0;0;0;0;0;0;0;0
11;9;9020701.0;2019;9;16;7;2;5;2;0;0;1;0;0;0;0;0;0;0;0
11;7;7070706.0;2019;9;13;6;3;1;5;0;1;1;0;0;0;0;0;0;0;0
11;10;10020414.0;2019;9;13;7;3;1;5;0;1;1;0;0;0;0;0;0;0;0
11;4;4051448.0;2019;9;10;6;3;0;7;0;1;0;0;0;0;0;0;0;0;0
11;1;1022202.0;2019;9;10;7;3;5;2;0;0;1;0;0;0;0;0;0;0;0
11;12;12214424.0;2019;9;14;6;3;5;7;0;0;1;0;0;0;0;0;0;0;0
11;10;10040932.0;2019;9;7;7;2;6;4;0;0;0;1;0;0;1;0;0;0;0
11;7;7040403.0;2019;9;14;6;3;2;6;0;0;1;0;0;0;0;0;0;0;0
11;5;5020626.0;2019;9;13;6;3;2;6;0;0;1;0;0;0;0;0;0;0;0
11;12;12214424.0;2019;9;15;7;3;1;5;0;1;1;0;0;0;1;0;0;0;0
11;1;1011304.0;2019;9;13;6;3;3;6;0;1;0;0;0;0;0;0;0;0;0
11;12;12304313.0;2019;9;15;7;3;2;7;0;0;1;0;0;0;0;0;0;0;0
11;5;5030730.0;2019;9;13;6;3;5;2;0;1;0;0;0;0;1;1;0;0;0
11;8;8010301.0;2019;9;14;7;3;3;6;0;1;1;0;0;0;0;0;0;0;0
11;7;7030301.0;2019;9;12;6;3;0;7;0;1;1;0;0;0;0;0;0;0;0
11;7;7030301.0;2019;9;3;7;2;9;1;2;0;0;0;1;0;0;0;0;0;0
11;7;7020203.0;2019;9;12;6;3;0;7;0;1;1;0;0;0;0;0;0;0;0
11;5;5030730.0;2019;9;11;6;3;2;6;0;0;1;0;0;0;0;0;0;0;0
11;1;1011201.0;2019;9;14;7;3;2;2;0;0;1;0;0;0;0;0;0;0;0
11;3;3061430.0;2019;9;14;7;3;0;1;0;0;0;0;1;0;0;0;0;0;0
11;5;5010101.0;2019;9;11;6;3;0;7;0;0;1;0;0;0;1;0;0;0;0
11;9;9051901.0;2019;9;10;6;3;1;5;0;0;1;0;0;0;0;0;0;0;0
11;9;9051702.0;2019;9;1;7;3;2;2;2;0;1;0;0;0;0;0;0;0;0
11;9;9010101.0;2019;9;10;6;3;5;2;0;1;1;0;0;0;0;0;0;0;0
11;8;8041035.0;2019;9;13;7;3;5;3;0;0;1;0;0;0;0;0;0;0;0
11;4;4030929.0;2019;9;9;6;3;6;7;0;0;1;1;0;0;0;0;0;0;0
11;12;12214424.0;2019;9;21;6;3;4;6;2;1;1;0;0;0;0;0;0;0;0
11;10;10020412.0;2019;9;13;7;3;5;3;0;1;1;0;0;0;0;0;0;0;0
11;4;4041133.0;2019;9;9;6;2;0;1;0;0;0;0;1;0;0;0;0;0;0
11;2;2040502.0;2019;9;7;6;3;5;2;0;0;1;0;0;0;0;0;0;0;0
11;2;2030302.0;2019;9;12;7;3;0;3;0;0;1;0;1;0;0;0;0;0;0
11;8;8010213.0;2019;9;17;6;3;2;2;0;0;1;0;0;0;0;0;0;0;0
11;12;12103117.0;2019;9;3;6;3;0;1;2;0;0;0;1;0;0;0;0;0;0
11;6;6010208.0;2019;9;12;7;3;2;6;0;0;1;0;0;0;0;0;0;0;0
11;8;8041036.0;2019;9;20;6;3;5;3;2;0;1;0;0;0;0;0;0;0;0
11;4;4010102.0;2019;9;11;7;3;0;1;0;0;1;0;1;0;0;0;0;0;0
11;12;12302108.0;2019;9;18;6;3;2;6;0;0;1;0;0;0;0;0;0;0;0
11;6;6040805.0;2019;9;11;7;3;5;3;0;0;1;0;0;0;0;0;0;0;0
11;1;1011301.0;2019;9;18;6;3;6;4;0;0;1;1;0;0;0;0;0;0;0
11;10;10010204.0;2019;9;11;7;3;0;1;0;0;0;0;1;0;0;0;0;0;0
11;5;5010205.0;2019;9;17;6;2;5;3;0;0;1;0;1;0;0;0;0;0;0
11;9;9051901.0;2019;9;18;6;3;5;2;0;1;1;0;0;0;0;0;0;0;0
11;5;5020417.0;2019;9;10;7;3;5;2;0;1;1;0;0;0;0;0;0;0;0
11;2;2010104.0;2019;9;10;7;3;5;7;0;1;1;0;0;0;0;0;0;0;0
11;3;3040818.0;2019;9;17;6;3;5;3;0;1;1;0;0;0;0;0;0;0;0
11;8;8010211.0;2019;9;17;6;3;2;6;0;0;1;0;0;0;0;0;0;0;0
11;9;9051901.0;2019;9;10;7;3;5;7;0;0;1;0;0;0;1;0;0;0;0
11;4;4030623.0;2019;9;16;6;3;5;3;0;1;1;0;0;0;0;0;0;0;0
11;1;1011102.0;2019;9;12;7;3;1;5;0;1;1;0;0;0;0;0;0;0;0
11;1;1033201.0;2019;9;16;6;3;4;6;0;1;0;0;0;0;1;0;0;0;0
11;1;1044201.0;2019;9;23;6;3;2;6;2;0;1;0;0;0;0;0;0;0;0
11;1;1044101.0;2019;9;16;6;2;5;3;0;0;1;0;0;0;1;0;0;0;0
11;4;4030623.0;2019;9;18;6;3;1;5;0;1;1;0;0;0;0;0;0;0;0
11;10;10010310.0;2019;9;16;6;3;2;6;0;0;1;0;0;0;1;0;0;0;0
11;7;7040401.0;2019;9;14;2;3;5;3;0;0;1;0;0;0;1;0;0;0;0
11;9;9010202.0;2019;9;16;2;3;2;6;0;0;1;0;0;0;0;1;0;0;0
11;1;1044103.0;2019;9;15;2;3;2;6;0;0;1;0;0;0;0;1;0;0;0
11;12;12214527.0;2019;9;16;2;2;6;4;0;0;1;1;0;0;0;0;0;0;0
11;12;12214125.0;2019;9;16;2;3;0;4;0;0;1;1;0;0;0;0;0;0;0
11;1;1011303.0;2019;9;16;2;2;5;3;0;0;0;0;1;0;1;1;0;0;0
11;2;2050601.0;2019;9;16;2;3;5;3;0;0;1;0;0;0;0;1;0;0;0
11;5;5020626.0;2019;9;16;2;3;1;5;0;1;1;0;0;0;0;1;0;0;0
11;9;9020701.0;2019;9;16;2;3;5;3;0;0;1;0;0;0;1;0;0;0;0
11;1;1033102.0;2019;9;6;2;3;5;2;0;1;1;0;0;0;0;0;0;0;0
11;6;6010206.0;2019;9;12;2;3;3;6;0;0;1;0;0;0;1;1;0;0;0
11;6;6020301.0;2019;9;12;2;2;6;2;0;0;1;1;0;0;0;1;0;0;0