LAND;BEZ;LOR_ab_2021;UJAHR;UMONAT;USTUNDE;UWOCHENTAG;UKATEGORIE;UART;UTYP1;ULICHTVERH;IstRad;IstPKW;IstFuss;IstKrad;IstGkfz;IstSonstige;USTRZUSTAND;LOCKDOWN;COVID;FERIEN
11;5;5020523.0;2019;10;14;2;2;2;6;0;0;1;0;0;0;0;0;0;0;1
11;6;6040805.0;2019;10;14;2;3;5;3;0;1;0;0;0;0;1;0;0;0;1
11;11;11040926.0;2019;10;13;2;3;5;3;0;1;1;0;0;0;0;0;0;0;1
11;2;2040701.0;2019;10;19;2;3;5;2;2;1;0;0;0;0;1;0;0;0;1
11;6;6010204.0;2019;10;19;2;3;0;2;2;0;1;0;1;0;0;0;0;0;1
11;8;8010406.0;2019;10;19;2;3;1;5;2;1;1;0;0;0;0;0;0;0;1
11;1;1011305.0;2019;10;19;2;3;5;2;2;1;1;0;0;0;0;0;0;0;1
11;9;9010302.0;2019;10;19;2;3;4;6;2;0;1;0;0;0;0;0;0;0;1
11;1;1044102.0;2019;10;8;5;3;1;7;0;0;1;0;0;0;0;1;0;0;1
11;2;2030302.0;2019;10;19;2;3;1;5;2;1;1;0;0;0;0;0;0;0;1
11;1;1011302.0;2019;10;18;2;3;0;1;1;1;0;0;0;0;0;1;0;0;1
11;1;1011203.0;2019;10;8;5;3;5;3;0;0;1;0;0;0;0;0;0;0;1
11;1;1011305.0;2019;10;1;2;3;0;1;2;1;0;0;0;0;0;0;0;0;1
11;6;6030608.0;2019;10;19;5;2;0;3;2;0;1;0;1;0;0;0;0;0;1
11;5;5030730.0;2019;10;11;2;3;2;6;0;0;1;0;0;1;0;0;0;0;1
11;3;3030711.0;2019;10;12;2;3;2;6;0;0;1;0;0;0;0;0;0;0;1
11;7;7030301.0;2019;10;12;2;3;5;3;0;0;1;0;0;0;0;0;0;0;1
11;11;11020515.0;2019;10;10;2;3;1;7;0;0;1;0;0;0;0;0;0;0;1
11;3;3050924.0;2019;10;9;2;3;5;3;0;0;1;0;1;0;0;0;0;0;1
11;4;4051653.0;2019;10;8;2;3;2;6;0;0;1;0;0;0;0;0;0;0;1
11;9;9051901.0;2019;10;8;2;3;0;2;0;1;1;0;0;0;0;0;0;0;1
11;1;2040701.0;2019;10;8;2;3;0;6;0;1;1;0;0;0;0;0;0;0;1
11;11;11030824.0;2019;10;6;5;3;5;3;2;1;1;0;0;0;0;1;0;0;1
11;1;1011301.0;2019;10;8;2;3;5;3;0;1;1;0;0;0;0;0;0;0;1
11;10;10020414.0;2019;10;8;2;3;5;3;0;1;1;0;0;0;0;0;0;0;1
11;12;12224230.0;2019;10;7;2;3;4;6;1;1;0;0;0;0;0;1;0;0;1
11;2;2050602.0;2019;10;7;2;3;0;1;0;0;1;0;1;0;0;1;0;0;1
11;4;4020310.0;2019;10;7;5;3;0;6;0;0;0;0;1;0;0;1;0;0;1
11;6;6030504.0;2019;10;7;2;3;0;2;1;1;1;0;0;0;0;1;0;0;1
11;9;9020701.0;2019;10;6;2;3;5;2;2;0;1;0;0;0;0;0;0;0;1
11;8;8020728.0;2019;10;15;1;2;2;6;0;0;1;0;0;0;0;0;0;0;1
11;6;6040810.0;2019;10;10;1;2;1;1;0;0;1;0;0;0;0;0;0;0;1
11;1;1044101.0;2019;10;21;1;3;5;2;2;0;1;0;0;0;0;0;0;0;1
11;12;12103117.0;2019;10;19;1;2;5;2;2;1;1;0;0;0;0;0;0;0;1
11;5;5020419.0;2019;10;17;1;3;5;2;1;0;1;0;0;0;0;0;0;0;1
11;12;12103218.0;2019;10;16;1;3;2;6;0;0;1;0;0;0;0;0;0;0;1
11;9;9010402.0;2019;10;3;1;2;8;1;2;0;1;0;0;0;0;0;0;0;1
11;8;8010214.0;2019;10;9;1;3;1;5;0;0;1;0;0;0;1;0;0;0;1
11;4;4031032.0;2019;10;12;1;3;2;6;0;0;1;0;0;0;0;0;0;0;1
11;2;2040502.0;2019;10;15;1;3;6;4;0;0;1;1;0;0;0;0;0;0;1
11;2;2020203.0;2019;10;11;7;3;0;7;0;1;1;0;0;0;0;0;0;0;1
11;7;7060604.0;2019;10;12;7;3;0;6;0;0;1;0;0;0;0;0;0;0;1
11;9;9010101.0;2019;10;19;7;2;5;2;2;0;1;0;1;0;0;0;0;0;1
11;5;5030730.0;2019;10;18;7;2;2;7;0;0;1;0;1;0;1;0;0;0;1
11;1;1011303.0;2019;10;22;7;3;0;1;2;0;0;0;0;0;1;0;0;0;1
11;8;8010508.0;2019;10;19;7;3;5;3;2;0;1;0;0;0;0;0;0;0;1
11;6;6020407.0;2019;10;17;7;3;5;3;1;0;1;0;0;0;1;0;0;0;1
11;8;8010214.0;2019;10;17;7;2;6;4;1;0;1;1;0;0;0;1;0;0;1
11;6;6010207.0;2019;10;16;7;3;2;2;0;0;1;0;0;0;0;0;0;0;1
11;1;1022106.0;2019;10;16;7;3;3;6;0;0;1;0;1;0;0;0;0;0;1
11;5;5030832.0;2019;10;15;7;3;5;2;0;0;1;0;0;0;0;0;0;0;1
11;2;2030301.0;2019;10;15;7;3;5;3;0;1;1;0;0;0;0;0;0;0;1
11;7;7010101.0;2019;10;16;7;2;0;1;0;0;0;0;0;0;1;1;0;0;1
11;4;4030931.0;2019;10;8;5;3;5;2;0;0;1;0;0;0;0;0;0;0;1
11;5;5010101.0;2019;10;14;7;3;6;4;0;0;1;1;0;0;0;0;0;0;1
11;11;11020411.0;2019;10;19;5;3;6;4;2;0;0;1;0;0;1;0;0;0;1
11;1;1011302.0;2019;10;14;7;3;1;5;0;1;1;0;0;0;0;0;0;0;1
11;8;8010214.0;2019;10;13;7;3;6;4;0;1;0;1;0;0;0;1;0;0;1
11;11;11010207.0;2019;10;11;7;3;6;7;0;0;0;1;0;0;1;0;0;0;1
11;2;2030302.0;2019;10;2;7;3;1;5;2;1;1;0;0;0;1;1;0;0;1
11;7;7010102.0;2019;10;18;6;3;5;2;2;1;0;0;1;0;0;1;0;0;1
11;7;7010104.0;2019;10;3;6;2;0;1;2;1;0;0;0;0;0;1;0;0;1
11;8;8010405.0;2019;10;3;6;3;5;2;2;1;0;0;0;0;1;0;0;0;1
11;7;7010102.0;2019;10;11;6;3;5;2;0;1;1;0;0;0;0;0;0;0;1
11;7;7010103.0;2019;10;11;6;3;1;7;0;0;1;0;1;0;0;0;0;0;1
11;3;3020307.0;2019;10;8;5;3;5;3;0;1;0;0;0;0;1;1;0;0;1
11;4;4030726.0;2019;10;11;6;3;6;7;0;0;1;1;0;0;0;0;0;0;1
11;4;4030417.0;2019;10;19;5;3;1;5;2;1;1;0;0;0;0;0;0;0;1
11;11;11010205.0;2019;10;11;6;3;5;3;0;0;1;0;0;0;1;0;0;0;1
11;2;2020203.0;2019;10;12;6;3;5;3;0;1;0;0;0;0;0;0;0;0;1
11;2;2040502.0;2019;10;12;6;3;5;2;0;0;0;0;0;1;1;0;0;0;1
11;8;8020622.0;2019;10;12;6;3;5;2;0;0;0;0;0;1;1;0;0;0;1
11;11;11010205.0;2019;10;10;6;3;0;4;0;0;0;1;0;0;1;1;0;0;1
11;4;4020314.0;2019;10;10;6;3;3;2;0;0;1;0;0;1;0;0;0;0;1
11;1;1022206.0;2019;10;10;6;3;2;6;0;1;1;0;0;0;0;1;0;0;1
11;4;4051448.0;2019;10;9;6;3;0;1;0;0;0;0;1;0;0;1;0;0;1
11;1;1033202.0;2019;10;9;6;2;5;3;0;1;1;0;0;0;0;1;0;0;1
11;2;2010101.0;2019;10;5;5;3;9;1;1;0;1;0;0;0;0;0;0;0;1
11;2;2040701.0;2019;10;8;6;3;1;5;0;1;1;0;0;0;0;0;0;0;1
11;5;5020419.0;2019;10;7;5;3;2;6;0;0;1;0;0;0;1;0;0;0;1
11;7;7040405.0;2019;10;8;6;3;5;2;0;0;1;0;0;1;0;1;0;0;1
11;4;4051655.0;2019;10;8;6;3;2;7;0;0;0;0;1;1;0;1;0;0;1
11;11;11030721.0;2019;10;7;5;3;2;7;0;0;1;0;0;1;0;1;0;0;1
11;4;4030930.0;2019;10;7;6;3;5;3;0;1;1;0;0;0;0;1;0;0;1
11;11;11020515.0;2019;10;6;6;3;5;3;1;0;1;0;0;0;1;1;0;0;1
11;1;1044101.0;2019;10;6;6;3;2;7;2;0;1;0;0;0;0;1;0;0;1
11;11;11040926.0;2019;10;11;5;3;5;3;0;0;1;0;0;0;0;1;0;0;1
11;12;12302107.0;2019;10;0;6;2;6;4;2;0;1;1;0;0;0;1;0;0;1
11;1;1011304.0;2019;10;19;6;3;6;4;2;1;0;1;0;0;0;1;0;0;1
11;3;3040818.0;2019;10;19;6;3;5;3;2;1;1;0;0;0;0;1;0;0;1
11;6;6040806.0;2019;10;19;6;3;5;3;2;0;1;0;0;0;0;1;0;0;1
11;3;3061429.0;2019;10;17;6;3;5;3;1;1;1;0;0;0;0;0;0;0;1
11;11;11030720.0;2019;10;17;6;3;6;4;0;0;1;1;0;0;0;0;0;0;1
11;2;2040701.0;2019;10;22;6;3;5;2;2;1;1;0;0;0;0;1;0;0;1
11;5;5020626.0;2019;10;2;5;2;6;4;2;0;0;1;0;0;1;1;0;0;1
11;2;2020206.0;2019;10;21;6;3;0;2;2;0;1;0;1;0;0;1;0;0;1
11;1;1033102.0;2019;10;16;6;2;6;4;0;0;1;1;0;0;0;0;0;0;1
11;2;7040401.0;2019;10;13;5;3;2;6;0;0;1;0;1;0;0;0;0;0;1
11;6;6020303.0;2019;10;16;6;3;0;7;0;0;0;0;1;0;1;1;0;0;1
11;3;3071536.0;2019;10;16;6;3;5;2;0;1;1;0;1;0;0;0;0;0;1
11;2;2040703.0;2019;10;20;6;3;5;2;2;1;1;0;0;0;0;1;0;0;1
11;12;12224230.0;2019;10;11;5;3;5;7;0;1;1;0;0;0;0;1;0;0;1
11;1;1033101.0;2019;10;15;6;3;2;6;0;0;1;0;0;0;0;0;0;0;1
11;10;10030727.0;2019;10;14;6;3;5;3;0;0;1;0;1;0;0;0;0;0;1
11;6;6010102.0;2019;10;20;6;3;2;6;2;0;1;0;0;0;0;1;0;0;1
11;1;1011105.0;2019;10;10;5;3;1;5;0;1;1;0;0;0;1;0;0;0;1
11;9;9052001.0;2019;10;20;6;3;0;1;2;1;0;0;0;0;0;1;0;0;1
11;2;2050802.0;2019;10;19;6;2;0;1;2;0;0;0;1;0;1;1;0;0;1
11;11;11041128.0;2019;10;14;6;3;6;2;0;0;1;1;0;0;0;0;0;0;1
11;6;6010102.0;2019;10;18;5;3;5;3;1;0;1;0;0;0;0;1;0;0;1
11;6;6020303.0;2019;10;14;6;3;5;3;0;1;1;0;0;0;0;0;0;0;1
11;10;10020416.0;2019;10;14;6;3;5;3;0;1;1;0;0;0;0;0;0;0;1
11;6;6030610.0;2019;10;9;4;1;6;4;0;0;0;1;0;1;0;1;0;0;1
11;8;8030831.0;2019;10;19;6;3;2;3;2;1;1;0;0;0;0;1;0;0;1
11;9;9031101.0;2019;10;15;4;3;5;3;0;0;1;0;0;0;0;1;0;0;1
11;12;12231101.0;2019;10;6;4;3;3;6;1;1;1;0;0;0;0;1;0;0;1
11;3;3061228.0;2019;10;9;6;3;2;6;0;0;1;0;0;0;0;0;0;0;1
11;6;6020410.0;2019;10;18;5;3;5;3;0;0;1;0;0;0;1;0;0;0;1
11;1;1011305.0;2019;10;13;5;3;1;5;0;1;1;0;0;0;0;0;0;0;1
11;1;1022202.0;2019;10;17;4;3;5;2;0;1;1;0;0;0;0;0;0;0;1
11;2;2050601.0;2019;10;9;5;3;5;2;0;1;0;0;0;1;0;0;0;0;1
11;12;12214423.0;2019;10;16;4;3;5;3;0;0;1;0;0;0;0;1;0;0;1
11;8;8010404.0;2019;10;6;5;2;8;1;1;0;1;0;0;0;0;1;0;0;1
11;10;10010204.0;2019;10;1;5;2;5;2;2;1;0;0;0;0;1;1;0;0;1
11;1;1011204.0;2019;10;22;5;3;5;2;2;0;1;0;0;0;1;0;0;0;1
11;4;4020311.0;2019;10;16;4;3;5;3;0;0;1;0;0;0;0;1;0;0;1
11;10;10010308.0;2019;10;21;5;2;6;4;2;0;1;1;0;0;0;0;0;0;1
11;1;1011304.0;2019;10;20;5;3;0;2;2;1;1;0;0;0;0;0;0;0;1
11;4;4051448.0;2019;10;20;5;3;1;5;2;1;1;0;0;0;0;0;0;0;1
11;4;4051445.0;2019;10;19;5;3;5;2;2;1;1;0;0;0;0;0;0;0;1
11;4;4030623.0;2019;10;15;5;3;2;6;0;0;1;0;1;0;0;0;0;0;1
11;2;2050803.0;2019;10;14;5;3;3;6;0;0;1;0;1;0;0;0;0;0;1
11;4;4030931.0;2019;10;12;5;3;5;7;0;1;1;0;0;0;0;0;0;0;1
11;8;8010212.0;2019;10;14;5;3;6;7;0;0;1;1;0;0;0;0;0;0;1
11;11;11051331.0;2019;10;7;5;3;5;3;0;1;0;0;0;0;0;1;0;0;1
11;1;1011103.0;2019;10;18;5;3;6;4;2;0;1;1;0;0;0;0;0;0;1
11;5;5020625.0;2019;10;7;5;3;3;5;0;0;1;0;0;1;0;0;0;0;1
11;7;7010104.0;2019;10;18;5;2;5;2;2;1;1;0;0;0;0;0;0;0;1
11;4;4051654.0;2019;10;17;5;3;5;2;0;1;1;0;0;0;0;0;0;0;1
11;2;2020204.0;2019;10;21;5;2;3;6;2;1;1;0;0;0;0;1;0;0;1
11;1;1011306.0;2019;10;14;5;2;6;4;0;0;1;1;0;0;0;0;0;0;1
11;1;1011306.0;2019;10;17;5;3;5;2;0;1;1;0;0;0;0;0;0;0;1
11;7;7060604.0;2019;10;13;5;3;0;4;0;0;0;1;0;0;1;0;0;0;1
11;11;11030721.0;2019;10;16;5;2;5;7;0;0;1;0;0;0;1;0;0;0;1
11;6;6040810.0;2019;10;16;5;3;5;2;0;0;1;0;0;0;0;0;0;0;1
11;4;4030623.0;2019;10;15;5;2;5;3;0;1;1;0;0;0;0;0;0;0;1
11;11;11040925.0;2019;10;16;4;3;4;5;1;0;1;0;0;1;0;1;0;0;1
11;9;9030902.0;2019;10;15;5;2;6;4;0;1;0;1;0;0;0;0;0;0;1
11;3;3030406.0;2019;10;13;5;3;5;3;0;1;1;0;0;0;0;0;0;0;1
11;9;9010201.0;2019;10;15;5;2;6;7;0;0;1;1;0;0;0;0;0;0;1
11;4;4030828.0;2019;10;15;5;2;3;6;0;1;1;0;0;0;0;0;0;0;1
11;10;10010308.0;2019;10;10;5;3;3;6;0;0;1;0;0;1;0;0;0;0;1
11;4;4041137.0;2019;10;16;4;3;5;2;0;1;1;0;0;0;0;1;0;0;1
11;9;9010202.0;2019;10;6;5;3;5;7;2;0;1;0;0;0;0;1;0;0;1
11;4;4030623.0;2019;10;8;2;3;6;4;0;0;1;1;0;0;0;0;0;0;1
11;1;1044102.0;2019;10;23;5;3;1;5;2;0;1;0;0;1;0;0;0;0;1
11;12;12103218.0;2019;11;15;7;3;5;7;0;0;1;0;0;0;0;1;0;0;0
11;12;12301203.0;2019;10;21;7;2;4;6;2;0;1;0;0;0;0;0;0;0;1
11;2;2020203.0;2019;10;0;3;3;0;3;2;1;0;0;1;0;0;1;0;0;1
11;3;3050924.0;2019;11;10;6;3;5;7;0;1;1;0;0;0;0;0;0;0;0
11;2;2020203.0;2019;10;14;6;3;1;5;0;0;1;0;1;0;0;0;0;0;1
11;12;12302211.0;2019;10;17;2;2;6;2;2;0;1;1;0;0;0;1;0;0;1
11;1;1011102.0;2019;10;12;5;3;3;6;0;0;1;0;1;0;0;0;0;0;1
11;2;2010103.0;2019;10;1;1;2;5;3;2;0;1;0;0;0;0;0;0;0;1
11;4;4051448.0;2019;10;16;4;3;1;1;0;1;1;0;0;0;0;1;0;0;1
11;3;3020307.0;2019;11;18;6;3;5;2;2;1;1;0;0;0;0;0;0;0;0
11;3;3071639.0;2019;10;0;7;2;0;1;2;0;0;0;0;0;1;0;0;0;1
11;7;7050505.0;2019;10;10;3;3;2;6;0;0;1;0;0;0;0;0;0;0;1
11;6;6040806.0;2019;11;16;6;3;0;6;1;0;0;0;0;0;1;1;0;0;0
11;4;4030930.0;2019;10;19;6;3;5;7;2;0;1;0;0;0;0;0;0;0;1
11;4;4030417.0;2019;10;11;3;3;5;2;0;0;1;0;1;0;0;0;0;0;1
11;5;5020626.0;2019;11;9;6;3;2;6;0;0;1;0;1;0;0;0;0;0;0
11;4;4030828.0;2019;10;23;6;3;1;5;2;1;1;0;0;0;1;0;0;0;1
11;4;4030622.0;2019;10;16;2;3;2;6;1;0;1;0;0;0;0;1;0;0;1
11;4;4020310.0;2019;10;10;5;3;5;2;0;0;1;0;0;0;0;0;0;0;1
11;12;12103218.0;2019;10;18;1;3;1;5;2;0;1;0;0;0;0;0;0;0;1
11;4;4020311.0;2019;10;13;4;3;5;3;0;0;1;0;1;0;0;0;0;0;1
11;1;1022104.0;2019;11;20;6;2;6;4;2;0;1;1;0;0;0;1;0;0;0
11;2;2010102.0;2019;10;13;7;2;1;5;0;1;1;0;0;0;0;0;0;0;1
11;2;2020203.0;2019;10;7;3;3;0;7;1;0;0;0;1;0;0;1;0;0;1
11;8;8010510.0;2019;10;10;6;3;2;6;0;0;1;0;0;1;0;0;0;0;1
11;10;10040830.0;2019;10;18;5;3;5;3;2;1;0;0;0;0;1;1;0;0;1
11;1;1044102.0;2019;10;12;6;3;0;2;0;1;1;0;0;0;0;0;0;0;1
11;4;4020209.0;2019;10;7;2;3;2;6;0;1;1;0;0;0;0;0;0;0;1
11;10;10010309.0;2019;10;18;5;3;6;4;2;0;1;1;0;0;0;0;0;0;1
11;8;8041039.0;2019;11;21;7;3;6;2;2;0;1;1;0;0;0;1;0;0;0
11;1;1011302.0;2019;10;16;7;3;6;4;0;1;0;1;0;0;0;0;0;0;1
11;1;1044103.0;2019;10;18;2;2;0;1;2;0;0;0;1;0;0;1;0;0;1
11;8;2020206.0;2019;10;19;5;3;6;4;2;0;1;1;0;0;0;0;0;0;1
11;11;11030720.0;2019;11;8;7;2;3;6;0;0;0;0;1;0;1;1;0;0;0
11;3;3010102.0;2019;10;17;7;3;2;4;2;0;1;1;0;0;0;0;0;0;1
11;1;1033101.0;2019;10;10;4;3;2;2;0;0;1;0;0;0;0;0;0;0;1
11;12;12301204.0;2019;10;8;4;2;5;2;0;0;1;0;0;0;0;0;0;0;1
11;1;1011201.0;2019;11;17;6;2;5;3;2;1;1;0;0;0;0;1;0;0;0
11;2;2010102.0;2019;10;18;6;3;1;5;2;1;1;0;0;0;0;0;0;0;1
11;9;9051901.0;2019;10;11;3;2;6;4;0;0;0;1;0;1;0;0;0;0;1
11;1;1044201.0;2019;10;15;5;3;6;7;0;0;1;1;0;0;0;0;0;0;1
11;3;3020209.0;2019;10;12;6;3;2;6;0;0;1;0;0;0;0;0;0;0;1
11;11;11040926.0;2019;10;8;2;3;6;4;0;0;1;1;0;0;0;0;0;0;1
11;8;8010212.0;2019;10;10;5;2;5;5;0;0;1;0;1;0;0;0;0;0;1
11;3;3020203.0;2019;11;16;7;2;5;3;2;0;1;0;0;0;1;1;0;0;0
11;9;9020502.0;2019;10;15;7;3;0;6;0;0;0;0;1;0;1;0;0;0;1
11;7;7040405.0;2019;10;16;3;3;3;6;2;0;1;0;1;0;0;0;0;0;1
11;1;1011204.0;2019;11;12;6;3;2;2;0;0;1;0;0;0;0;0;0;0;0
11;2;2010101.0;2019;10;15;6;2;5;2;0;0;1;0;1;0;0;0;0;0;1
11;2;2020204.0;2019;10;18;2;3;2;6;2;0;1;0;0;0;0;1;0;0;1
11;4;4041134.0;2019;10;7;4;3;1;6;0;0;1;0;0;0;1;0;0;0;1
11;9;9020501.0;2019;10;19;3;3;5;3;2;1;1;0;0;0;0;0;0;0;1
11;2;2010102.0;2019;11;14;6;3;5;3;0;1;1;0;0;0;0;0;0;0;0
11;8;8010508.0;2019;10;16;6;3;5;2;0;1;1;0;0;0;0;0;0;0;1
11;6;6020410.0;2019;10;13;2;3;0;2;0;1;1;0;0;0;0;1;0;0;1
11;8;8010303.0;2019;10;13;5;3;1;5;0;1;1;0;0;0;1;0;0;0;1
11;1;1022206.0;2019;10;12;6;3;2;2;0;0;1;0;0;0;0;0;0;0;1
11;4;4061757.0;2019;10;20;2;1;0;7;2;0;1;0;0;0;0;1;0;0;1
11;8;8010213.0;2019;10;14;5;1;6;7;0;0;0;1;0;1;0;0;0;0;1
11;5;5020626.0;2019;11;14;7;3;1;5;0;0;1;0;0;0;0;1;0;0;0
11;1;1033102.0;2019;10;21;7;3;1;5;2;0;1;0;0;0;1;0;0;0;1
11;2;2020206.0;2019;10;12;3;3;5;2;0;1;1;0;0;0;0;0;0;0;1
11;11;11041128.0;2019;11;10;6;3;6;2;0;0;1;1;0;0;0;0;0;0;0
11;2;2030302.0;2019;10;14;6;3;1;5;0;0;1;0;0;0;0;0;0;0;1
11;8;8010508.0;2019;10;17;2;3;2;6;2;0;1;0;0;0;0;1;0;0;1
11;12;12103115.0;2019;10;7;5;3;2;6;0;0;1;0;0;0;0;0;0;0;1
11;2;2030402.0;2019;10;4;1;3;1;5;2;0;1;0;0;0;0;0;0;0;1
11;1;1011202.0;2019;10;14;4;3;3;6;0;0;1;0;0;0;0;0;0;0;1
11;2;2020202.0;2019;10;12;5;3;0;5;0;1;1;0;0;0;0;0;0;0;1
11;1;1011305.0;2019;10;11;6;3;0;5;0;1;1;0;0;0;0;0;0;0;1
11;9;9010401.0;2019;10;13;1;3;5;3;0;1;1;0;0;0;0;0;0;0;1
11;1;1011101.0;2019;10;17;4;3;5;2;2;1;1;0;0;0;0;0;0;0;1
11;4;4051448.0;2019;11;19;6;3;5;2;2;1;1;0;0;0;0;1;0;0;0
11;4;4051652.0;2019;10;19;7;3;6;4;2;0;0;1;0;0;1;0;0;0;1
11;5;5020625.0;2019;10;10;3;3;5;3;0;0;1;0;1;0;0;0;0;0;1
11;12;12103219.0;2019;11;8;6;3;0;6;0;0;1;0;0;0;1;0;0;0;0
11;3;3061429.0;2019;10;13;6;3;5;3;0;0;1;0;0;0;1;0;0;0;1
11;10;10010102.0;2019;10;16;2;2;6;4;0;0;1;1;0;0;0;0;0;0;1
11;8;8020726.0;2019;10;10;5;3;0;1;0;1;0;0;0;0;0;0;0;0;1
11;12;12214421.0;2019;10;14;7;3;5;3;0;0;1;0;0;0;0;0;0;0;1
11;11;11030720.0;2019;10;11;4;3;1;5;0;0;1;0;0;0;0;0;0;0;1
11;4;4030519.0;2019;10;17;4;2;4;7;2;1;0;0;0;0;1;0;0;0;1
11;9;9041301.0;2019;11;18;6;2;5;2;2;0;1;0;1;0;0;0;0;0;0
11;8;8020622.0;2019;10;12;7;3;5;3;0;0;1;0;0;0;0;0;0;0;1
11;3;3040818.0;2019;10;17;3;2;0;7;2;1;0;0;0;0;0;0;0;0;1
11;4;4051446.0;2019;11;18;6;3;5;3;2;1;1;0;0;0;0;1;0;0;0
11;2;2050801.0;2019;10;1;7;3;5;3;2;1;1;0;0;0;0;0;0;0;1
11;5;5030730.0;2019;10;6;3;3;5;2;1;1;1;0;0;0;0;0;0;0;1
11;3;3050919.0;2019;10;9;5;3;0;3;0;0;1;0;1;0;0;0;0;0;1
11;4;4051652.0;2019;10;13;6;3;5;2;0;0;1;0;1;0;0;0;0;0;1
11;7;7050502.0;2019;10;11;2;2;5;3;0;0;1;0;1;0;0;0;0;0;1
11;7;7020204.0;2019;10;19;5;3;6;4;2;1;0;1;0;0;0;0;0;0;1
11;8;8041038.0;2019;11;8;7;3;5;3;0;0;1;0;1;0;0;1;0;0;0
11;2;2050602.0;2019;10;17;7;3;5;2;2;1;1;0;0;0;0;0;0;0;1
11;1;1011202.0;2019;10;8;4;3;2;6;0;1;1;0;0;0;0;0;0;0;1
11;4;4051656.0;2019;10;18;4;1;5;5;2;0;1;0;1;0;0;0;0;0;1
11;7;7030301.0;2019;11;16;6;3;5;3;2;1;1;0;0;0;0;0;0;0;0
11;10;10010308.0;2019;10;17;6;3;0;3;1;0;1;0;0;0;1;0;0;0;1
11;12;12301206.0;2019;10;14;3;3;6;2;0;0;1;1;0;0;0;0;0;0;1
11;1;1011302.0;2019;10;15;5;3;3;6;0;1;1;0;0;0;0;0;0;0;1
11;4;4020310.0;2019;10;11;6;3;5;7;0;0;1;0;0;0;0;0;0;0;1
11;6;6030501.0;2019;10;8;2;3;5;3;0;1;1;0;0;0;0;0;0;0;1
11;4;4041342.0;2019;10;9;5;3;6;2;0;0;0;1;1;0;0;0;0;0;1
11;4;4031032.0;2019;10;17;5;3;1;5;1;1;1;0;0;0;0;0;0;0;1
11;12;12214424.0;2019;10;9;6;3;6;2;0;0;1;1;0;0;0;0;0;0;1
11;11;11040925.0;2019;10;9;2;3;5;2;0;1;1;0;0;0;0;0;0;0;1
11;6;6030504.0;2019;10;16;5;2;6;4;2;0;1;1;0;0;0;1;0;0;1
11;6;6020303.0;2019;11;22;7;3;5;3;2;1;1;0;0;0;0;1;0;0;0
11;5;5010206.0;2019;10;16;7;3;2;6;0;1;1;0;0;0;0;0;0;0;1
11;3;3010101.0;2019;10;5;4;3;6;6;2;0;1;1;0;0;0;0;0;0;1
11;8;8010509.0;2019;10;17;3;3;6;4;2;0;0;1;1;0;0;0;0;0;1
11;12;12103219.0;2019;11;14;6;3;6;4;0;0;1;1;0;0;0;0;0;0;0
11;4;4020313.0;2019;10;16;6;3;5;2;0;1;0;0;0;0;1;0;0;0;1
11;12;12103115.0;2019;10;17;2;2;2;6;2;0;1;0;0;0;0;0;0;0;1
11;1;1022106.0;2019;10;13;5;3;0;1;0;0;0;0;1;0;0;0;0;0;1
11;6;6020305.0;2019;10;8;6;3;2;6;0;0;1;0;0;0;0;0;0;0;1
11;12;12214527.0;2019;10;17;1;3;2;6;2;0;1;0;0;0;0;0;0;0;1
11;4;4041343.0;2019;10;19;4;3;6;2;2;0;1;1;0;0;0;0;0;0;1
11;12;12301203.0;2019;11;17;6;3;5;3;1;0;1;0;0;0;0;1;0;0;0
11;4;4051447.0;2019;10;14;7;3;0;7;0;0;0;0;0;0;1;0;0;0;1
11;10;10020413.0;2019;10;11;3;3;9;7;0;0;0;0;0;0;1;0;0;0;1
11;2;2050803.0;2019;11;10;6;3;2;2;0;0;1;0;0;0;0;0;0;0;0
11;2;2040701.0;2019;10;22;6;2;5;3;2;0;1;0;0;0;1;0;0;0;1
11;7;7070704.0;2019;11;15;7;3;6;2;0;0;0;1;0;0;1;1;0;0;0
11;9;9052001.0;2019;10;14;7;3;5;3;0;0;1;0;0;0;0;0;0;0;1
11;7;7040404.0;2019;10;14;3;3;2;6;0;0;1;0;0;0;0;0;0;0;1
11;8;8020619.0;2019;11;10;6;2;2;6;0;0;1;0;1;0;0;0;0;0;0
11;11;11030619.0;2019;10;15;6;3;0;2;0;0;1;0;0;0;1;0;0;0;1
11;4;4020313.0;2019;10;18;2;3;5;3;2;0;1;0;0;0;0;1;0;0;1
11;2;2050802.0;2019;10;12;5;3;2;6;0;0;1;0;0;0;0;0;0;0;1
11;2;2050803.0;2019;10;2;1;3;5;3;2;0;1;0;0;0;0;0;0;0;1
11;7;7030303.0;2019;10;16;4;3;5;2;0;0;1;0;1;0;0;0;0;0;1
11;12;12302110.0;2019;11;18;6;3;6;2;2;0;1;1;0;0;0;1;0;0;0