LAND;BEZ;LOR_ab_2021;UJAHR;UMONAT;USTUNDE;UWOCHENTAG;UKATEGORIE;UART;UTYP1;ULICHTVERH;IstRad;IstPKW;IstFuss;IstKrad;IstGkfz;IstSonstige;USTRZUSTAND;LOCKDOWN;COVID;FERIEN
11;8;8030831.0;2019;12;11;2;3;0;3;0;0;1;0;1;0;0;1;0;0;1
11;4;4051551.0;2019;12;11;2;3;2;6;0;0;1;0;1;0;0;0;0;0;1
11;7;7020201.0;2019;12;15;3;3;5;2;0;1;1;0;0;0;0;0;0;0;1
11;10;10040932.0;2019;12;11;2;2;5;3;0;0;1;0;0;0;0;0;0;0;1
11;3;3040508.0;2019;12;9;2;2;4;6;0;0;1;0;0;0;0;0;0;0;1
11;7;7070704.0;2019;12;15;3;3;5;2;0;1;1;0;0;0;0;0;0;0;1
11;7;7070705.0;2019;12;13;3;3;5;3;0;1;1;0;0;0;0;1;0;0;1
11;2;2010102.0;2019;12;9;2;3;5;2;0;1;1;0;0;0;0;0;0;0;1
11;9;9041302.0;2019;12;9;2;3;1;5;0;0;1;0;0;0;0;0;0;0;1
11;6;6040703.0;2019;12;13;3;3;0;1;0;1;0;0;0;0;0;1;0;0;1
11;10;10020413.0;2019;12;13;3;3;5;3;0;1;1;0;0;0;0;0;0;0;1
11;3;3030715.0;2019;12;7;2;2;5;3;1;1;0;0;0;0;1;1;0;0;1
11;4;4041344.0;2019;12;7;2;3;5;3;2;1;1;0;0;0;0;0;0;0;1
11;8;8010302.0;2019;12;6;2;3;5;3;1;1;0;0;0;0;1;0;0;0;1
11;4;4051550.0;2019;12;13;3;3;5;3;0;1;0;0;0;0;0;0;0;0;1
11;8;8010405.0;2019;12;6;2;3;5;3;2;1;1;0;0;0;0;0;0;0;1
11;4;4031032.0;2019;12;12;3;3;5;2;0;0;1;0;0;0;0;0;0;0;1
11;9;9051901.0;2019;12;6;2;3;5;2;2;1;0;0;0;0;1;1;0;0;1
11;11;11020412.0;2019;12;6;2;3;5;3;2;0;1;0;0;0;0;0;0;0;1
11;2;2010101.0;2019;12;12;3;3;0;2;0;1;1;0;0;0;0;0;0;0;1
11;3;3030711.0;2019;12;15;2;3;5;3;1;0;1;0;0;0;1;1;0;0;1
11;1;1044203.0;2019;12;20;1;3;2;6;2;0;1;0;0;0;1;1;0;0;1
11;1;1044201.0;2019;12;18;1;3;3;6;2;0;1;0;0;0;0;1;0;0;1
11;5;5030832.0;2019;12;11;3;2;6;7;0;0;1;1;0;0;0;0;0;0;1
11;11;11040926.0;2019;12;11;3;3;5;3;0;1;1;0;0;0;0;0;0;0;1
11;7;7010102.0;2019;12;18;1;3;2;6;2;0;1;0;0;0;0;1;0;0;1
11;8;8010211.0;2019;12;18;1;3;5;7;2;0;1;0;0;0;1;0;0;0;1
11;4;4020312.0;2019;12;9;3;3;5;3;0;0;1;0;0;0;0;1;0;0;1
11;8;8020727.0;2019;12;9;3;3;5;2;0;0;1;0;0;0;0;1;0;0;1
11;3;3040614.0;2019;12;17;1;3;6;4;2;0;1;1;0;0;0;1;0;0;1
11;1;1011104.0;2019;12;16;1;3;5;3;2;0;1;0;0;0;0;1;0;0;1
11;9;9030901.0;2019;12;9;3;3;5;3;0;1;1;0;0;0;0;1;0;0;1
11;5;5010314.0;2019;12;16;1;3;3;6;2;0;1;0;0;0;0;1;0;0;1
11;6;6040804.0;2019;12;16;1;3;1;5;2;0;1;0;0;0;0;1;0;0;1
11;4;4030929.0;2019;12;8;3;3;0;2;0;0;1;0;1;0;0;1;0;0;1
11;8;8010404.0;2019;12;7;3;3;6;2;2;0;1;1;0;0;0;1;0;0;1
11;3;3030406.0;2019;12;15;1;3;5;3;1;0;1;0;0;0;0;1;0;0;1
11;6;6040703.0;2019;12;15;1;3;3;6;0;0;1;0;0;0;0;1;0;0;1
11;4;4030415.0;2019;12;13;1;3;5;5;0;0;1;0;0;0;0;1;0;0;1
11;8;8020727.0;2019;12;8;3;3;6;4;0;0;1;1;0;0;0;1;0;0;1
11;7;7040406.0;2019;12;14;1;3;3;6;0;0;1;0;0;0;0;1;0;0;1
11;12;12302109.0;2019;12;7;3;3;2;2;0;0;1;0;1;0;0;1;0;0;1
11;5;5020626.0;2019;12;3;1;2;9;1;2;0;1;0;0;0;0;1;0;0;1
11;8;8010118.0;2019;12;3;1;3;9;1;2;0;1;0;0;0;0;0;0;0;1
11;10;10040933.0;2019;12;7;3;3;5;2;0;0;1;0;0;0;1;1;0;0;1
11;9;9010402.0;2019;12;7;3;3;6;4;2;0;1;1;0;0;0;1;0;0;1
11;3;3071638.0;2019;12;7;1;3;0;7;0;0;0;0;1;0;1;1;0;0;1
11;10;10040828.0;2019;12;6;3;3;4;6;2;1;1;0;0;0;0;1;0;0;1
11;12;12231101.0;2019;12;0;1;2;6;4;2;0;1;1;0;0;0;1;0;0;1
11;7;7060604.0;2019;12;17;7;2;5;2;2;0;1;0;0;0;0;0;0;0;1
11;7;7040401.0;2019;12;9;3;2;6;3;0;0;0;1;0;0;1;0;0;0;1
11;11;11030619.0;2019;12;16;3;1;6;4;2;0;1;1;0;0;0;0;0;0;1
11;5;5030730.0;2019;12;17;7;2;1;5;2;0;1;0;0;0;0;1;0;0;1
11;7;7070703.0;2019;12;17;7;3;6;4;2;0;1;1;0;0;0;1;0;0;1
11;12;12224230.0;2019;12;11;3;1;9;1;0;0;1;0;0;0;0;0;0;0;1
11;3;3040614.0;2019;12;17;2;3;4;5;0;0;1;0;0;0;1;0;0;0;1
11;10;10010203.0;2019;12;17;7;3;6;4;2;0;0;1;0;0;1;1;0;0;1
11;12;12231101.0;2019;12;17;7;2;5;2;2;0;1;0;1;0;0;1;0;0;1
11;3;3030711.0;2019;12;6;2;3;2;6;2;0;1;0;0;0;0;0;0;0;1
11;5;5030730.0;2019;12;16;7;3;2;6;2;0;1;0;0;0;0;0;0;0;1
11;1;1022102.0;2019;12;23;2;3;2;6;2;0;1;0;0;0;0;1;0;0;1
11;7;7070701.0;2019;12;15;7;3;5;3;0;0;1;0;0;0;0;0;0;0;1
11;10;10030727.0;2019;12;21;7;3;2;6;2;0;1;0;0;0;0;1;0;0;1
11;4;4020311.0;2019;12;21;2;2;0;1;2;1;0;0;0;0;0;1;0;0;1
11;1;1044202.0;2019;12;21;2;3;5;3;2;0;1;0;0;0;0;1;0;0;1
11;4;4051655.0;2019;12;20;7;2;6;4;2;0;1;1;0;0;0;1;0;0;1
11;3;3020210.0;2019;12;12;7;3;0;5;0;0;1;0;0;0;1;1;0;0;1
11;12;12304313.0;2019;12;21;2;3;6;2;2;0;1;1;0;0;0;1;0;0;1
11;2;2020205.0;2019;12;20;2;3;0;1;2;1;0;0;0;0;0;1;0;0;1
11;4;4030931.0;2019;12;11;7;3;6;4;0;0;1;1;0;0;0;1;0;0;1
11;12;12214527.0;2019;12;11;7;3;5;2;0;0;1;0;0;0;0;0;0;0;1
11;4;4030931.0;2019;12;19;2;3;5;7;2;1;1;0;0;0;0;1;0;0;1
11;1;1033201.0;2019;12;19;2;3;6;2;2;0;1;1;0;0;0;1;0;0;1
11;4;4030931.0;2019;12;11;7;3;2;6;0;0;1;0;0;0;0;1;0;0;1
11;8;8010404.0;2019;12;6;7;3;6;2;2;0;1;1;0;0;0;1;0;0;1
11;5;5020524.0;2019;12;4;7;3;5;3;2;0;1;0;0;0;0;1;0;0;1
11;4;4030623.0;2019;12;16;2;3;3;6;2;1;1;0;0;0;0;0;0;0;1
11;6;6030610.0;2019;12;7;2;3;5;2;1;0;1;0;0;0;1;0;0;0;1
11;4;4041343.0;2019;12;9;7;3;5;2;0;1;1;0;0;0;0;1;0;0;1
11;1;1011201.0;2019;12;1;7;3;8;1;2;0;1;0;0;0;0;1;0;0;1
11;1;1044201.0;2019;12;9;2;3;0;3;0;0;1;0;1;0;0;0;0;0;1
11;2;2010102.0;2019;12;6;2;3;5;3;2;0;1;0;0;0;1;0;0;0;1
11;11;11041023.0;2019;12;19;7;2;6;4;2;0;1;1;0;0;0;1;0;0;1
11;8;8010118.0;2019;12;19;7;3;5;3;2;0;1;0;0;0;1;1;0;0;1
11;9;9020701.0;2019;12;5;2;3;5;3;2;1;1;0;0;0;0;1;0;0;1
11;1;1044201.0;2019;12;19;7;3;5;2;2;0;1;0;0;0;0;1;0;0;1
11;1;1044101.0;2019;12;18;2;3;3;6;2;1;1;0;0;0;0;1;0;0;1
11;2;2010102.0;2019;12;18;7;3;2;6;2;0;1;0;1;0;0;1;0;0;1
11;8;8010404.0;2019;12;18;7;3;1;5;2;1;1;0;0;0;0;1;0;0;1
11;6;6020305.0;2019;12;18;2;3;2;6;2;0;1;0;1;0;0;0;0;0;1
11;12;12214424.0;2019;12;17;2;3;5;3;2;1;1;0;0;0;0;1;0;0;1
11;11;11040926.0;2019;12;18;7;3;2;6;2;0;1;0;0;0;0;1;0;0;1
11;8;8010211.0;2019;12;18;7;3;2;6;2;0;1;0;0;0;0;0;0;0;1
11;1;1044102.0;2019;12;17;2;3;5;7;2;0;1;0;1;0;0;1;0;0;1
11;11;11010310.0;2019;12;17;2;3;2;6;2;0;1;0;0;0;0;1;0;0;1
11;5;5010339.0;2019;12;18;7;3;5;2;2;1;1;0;0;0;0;1;0;0;1
11;2;2020203.0;2019;12;20;6;3;6;4;2;0;0;1;0;0;1;0;0;0;1
11;10;10010311.0;2019;12;16;2;3;2;6;2;0;1;0;0;0;0;2;0;0;1
11;9;9030901.0;2019;12;20;6;3;6;4;2;0;0;1;0;0;1;1;0;0;1
11;8;8041037.0;2019;12;14;2;2;0;3;0;0;0;0;1;0;1;1;0;0;1
11;2;2020204.0;2019;12;13;2;3;2;6;0;0;1;0;0;0;0;0;0;0;1
11;12;12224230.0;2019;12;20;6;2;4;6;2;1;0;0;0;0;0;0;0;0;1
11;3;3071639.0;2019;12;12;2;3;9;1;0;0;1;0;0;0;1;1;0;0;1
11;7;7010102.0;2019;12;16;6;3;6;4;2;1;0;1;0;0;0;1;0;0;1
11;4;4051549.0;2019;12;9;2;3;2;6;0;0;1;0;0;0;0;0;0;0;1
11;10;10010308.0;2019;12;18;1;3;5;3;2;0;1;0;0;0;1;1;0;0;1
11;6;6030609.0;2019;12;17;6;3;6;2;2;0;1;1;0;0;0;1;0;0;1
11;12;12302212.0;2019;12;17;6;3;6;4;2;0;1;1;0;0;0;1;0;0;1
11;4;4051446.0;2019;12;2;1;3;5;3;2;0;1;0;0;0;0;1;0;0;1
11;9;9052001.0;2019;12;17;6;3;6;4;2;0;1;1;0;0;0;1;0;0;1
11;1;1011402.0;2019;12;17;6;3;0;2;2;0;1;1;0;0;0;1;0;0;1
11;12;12103219.0;2019;12;17;6;3;6;2;2;0;1;1;0;0;0;1;0;0;1
11;3;3050924.0;2019;12;17;6;3;6;4;2;0;1;1;0;0;0;1;0;0;1
11;4;4051551.0;2019;12;15;6;3;5;2;1;1;1;0;0;0;0;1;0;0;1
11;8;8041040.0;2019;12;17;1;2;1;5;2;0;1;0;0;1;0;1;0;0;1
11;4;4041344.0;2019;12;19;1;3;5;3;2;1;1;0;0;0;0;1;0;0;1
11;10;10010310.0;2019;12;16;6;3;5;3;2;1;1;0;0;0;0;1;0;0;1
11;8;8020727.0;2019;12;16;6;3;2;6;2;0;1;0;0;0;0;1;0;0;1
11;6;6030609.0;2019;12;16;6;3;8;1;2;0;1;0;0;0;0;1;0;0;1
11;12;12214125.0;2019;12;19;1;3;2;6;2;0;1;0;0;0;0;0;0;0;1
11;1;1044201.0;2019;12;16;6;3;2;6;2;0;1;0;0;0;1;1;0;0;1
11;6;6040807.0;2019;12;17;1;3;5;3;2;0;1;0;0;0;0;1;0;0;1
11;6;6030503.0;2019;12;12;6;2;2;7;0;0;1;0;0;0;0;1;0;0;1
11;9;9051901.0;2019;12;22;6;3;6;2;2;0;1;1;0;0;0;1;0;0;1
11;6;6040804.0;2019;12;17;1;3;6;7;2;1;0;1;0;0;0;1;0;0;1
11;2;2010103.0;2019;12;21;6;3;6;2;2;0;1;1;0;0;0;1;0;0;1
11;4;4030519.0;2019;12;20;6;3;5;7;2;0;1;0;0;0;1;1;0;0;1
11;10;10010310.0;2019;12;19;6;3;2;6;2;0;1;0;0;0;0;1;0;0;1
11;4;4010101.0;2019;12;16;1;3;5;3;2;0;1;0;0;0;0;0;0;0;1
11;9;9020701.0;2019;12;19;6;3;5;3;2;0;1;0;0;0;0;1;0;0;1
11;6;6010207.0;2019;12;19;6;3;5;3;2;0;1;0;0;0;0;1;0;0;1
11;8;8010301.0;2019;12;14;1;3;5;3;0;1;1;0;0;0;0;1;0;0;1
11;8;8010214.0;2019;12;19;6;3;2;6;2;0;1;0;0;0;0;1;0;0;1
11;8;8041038.0;2019;12;14;1;2;5;2;0;0;1;0;0;0;0;1;0;0;1
11;7;7020203.0;2019;12;19;6;3;0;4;2;1;0;1;0;0;0;1;0;0;1
11;4;4020310.0;2019;12;18;6;3;2;6;2;0;1;0;0;0;0;1;0;0;1
11;4;5030833.0;2019;12;13;1;3;2;6;0;0;1;0;0;0;0;1;0;0;1
11;12;12214125.0;2019;12;11;1;3;5;2;0;0;1;0;0;0;0;1;0;0;1
11;12;12304314.0;2019;12;18;6;3;6;4;2;0;1;1;0;0;0;1;0;0;1
11;4;4031032.0;2019;12;18;6;3;0;7;2;0;1;0;0;0;0;1;0;0;1
11;9;9010401.0;2019;12;6;1;3;8;1;2;0;1;0;0;0;0;2;0;0;1
11;4;4030623.0;2019;12;5;1;3;9;1;2;0;1;0;0;0;0;1;0;0;1
11;4;4041241.0;2019;12;18;6;2;6;4;2;1;0;1;0;0;0;1;0;0;1
11;5;5030833.0;2019;12;16;6;2;6;2;2;0;1;1;0;0;0;1;0;0;1
11;4;4030929.0;2019;12;16;6;2;0;7;2;1;0;0;0;0;0;1;0;0;1
11;9;9041301.0;2019;12;5;1;3;9;1;2;0;1;0;0;0;0;1;0;0;1
11;2;2050801.0;2019;12;14;6;3;5;3;0;0;1;0;0;0;0;1;0;0;1
11;1;1011304.0;2019;12;1;1;2;5;3;2;1;1;0;0;0;0;1;0;0;1
11;9;9030902.0;2019;12;14;6;3;5;2;0;1;1;0;0;0;0;1;0;0;1
11;4;4041134.0;2019;12;10;6;3;5;3;0;1;1;0;0;0;0;1;0;0;1
11;3;3030715.0;2019;12;12;1;3;2;6;0;0;1;0;0;0;0;0;0;0;1
11;11;11040926.0;2019;12;9;6;3;5;3;0;0;1;0;0;0;0;1;0;0;1
11;4;4041136.0;2019;12;9;6;3;6;4;0;0;1;1;0;0;0;1;0;0;1
11;8;8010213.0;2019;12;8;6;3;5;7;0;1;1;0;0;0;0;0;0;0;1
11;11;11030720.0;2019;12;0;1;1;6;4;2;0;1;1;0;0;0;1;0;0;1
11;8;8010302.0;2019;12;14;7;2;5;7;0;0;1;0;1;0;0;1;0;0;1
11;2;2020206.0;2019;12;8;6;3;0;1;0;1;0;0;0;0;0;0;0;0;1
11;8;8041036.0;2019;12;14;2;3;5;3;0;0;1;0;0;0;0;0;0;0;1
11;8;8010211.0;2019;12;13;2;3;1;5;0;1;1;0;0;0;0;0;0;0;1
11;12;12103117.0;2019;12;11;2;3;5;3;0;0;1;0;0;0;0;0;0;0;1
11;8;8010303.0;2019;12;10;2;3;5;2;0;0;1;0;1;0;0;0;0;0;1
11;4;4010102.0;2019;12;8;2;3;6;4;0;0;0;1;1;0;0;0;0;0;1
11;6;6020410.0;2019;12;21;2;2;5;3;2;0;1;0;0;1;0;0;0;0;1
11;9;9020501.0;2019;12;6;2;2;0;1;2;1;0;0;0;0;0;0;0;0;1
11;8;8030831.0;2019;12;16;1;3;6;7;2;0;1;1;0;0;0;0;0;0;1
11;11;11040925.0;2019;12;15;1;3;5;3;0;0;1;0;0;0;0;0;0;0;1
11;4;4041238.0;2019;12;14;1;3;2;6;0;0;1;0;0;0;0;0;0;0;1
11;6;6020303.0;2019;12;4;1;3;5;3;2;0;1;0;0;0;0;0;0;0;1
11;4;4030827.0;2019;12;2;1;3;1;5;2;0;1;0;0;0;0;0;0;0;1
11;11;11010205.0;2019;12;21;7;2;6;4;2;0;1;1;0;0;0;0;0;0;1
11;1;1011302.0;2019;12;21;7;3;1;5;2;0;1;0;0;0;1;0;0;0;1
11;8;8010510.0;2019;12;20;7;3;2;2;2;0;1;0;0;0;0;1;0;0;1
11;1;1044201.0;2019;12;17;7;3;6;7;2;0;1;1;0;0;0;0;0;0;1
11;1;1022205.0;2019;12;16;7;3;0;1;2;1;0;0;0;0;0;0;0;0;1
11;7;7040405.0;2019;12;17;7;3;6;4;2;0;1;1;0;0;0;0;0;0;1
11;2;2040502.0;2019;12;15;7;3;6;3;0;1;0;1;0;0;0;0;0;0;1
11;6;6010205.0;2019;12;14;7;3;6;4;0;0;1;1;0;0;0;0;0;0;1
11;8;8020623.0;2019;12;13;7;3;5;3;0;0;1;0;0;0;1;0;0;0;1
11;1;1011303.0;2019;12;12;7;3;5;3;0;0;0;0;0;0;1;0;0;0;1
11;4;4030417.0;2019;12;12;7;3;5;7;0;0;1;0;1;0;0;0;0;0;1
11;8;8010301.0;2019;12;12;7;3;6;4;0;0;1;1;0;0;0;0;0;0;1
11;2;2030302.0;2019;12;7;7;3;5;3;2;1;1;0;0;0;0;0;0;0;1
11;8;8010301.0;2019;12;23;7;2;0;1;2;1;0;0;0;0;0;0;0;0;1
11;1;1011305.0;2019;12;0;7;2;5;3;2;0;1;0;0;0;1;0;0;0;1
11;4;4030620.0;2019;12;0;6;2;8;1;2;0;1;0;0;0;0;1;0;0;1
11;1;1022103.0;2019;12;16;6;3;5;3;2;1;1;0;0;0;0;0;0;0;1
11;2;2020206.0;2019;12;13;6;3;0;7;0;0;1;0;0;0;0;0;0;0;1
11;9;9052001.0;2019;12;10;6;3;3;6;0;1;1;0;0;0;0;1;0;0;1
11;7;7030303.0;2019;12;10;6;3;0;3;0;0;0;0;1;0;1;1;0;0;1
11;2;2020204.0;2019;12;9;6;3;8;1;0;0;1;0;0;0;0;1;0;0;1
11;4;4041134.0;2019;12;7;6;3;5;3;1;1;0;0;0;0;1;0;0;0;1
11;1;1011103.0;2019;12;21;6;3;2;6;2;0;1;0;0;0;0;1;0;0;1
11;5;5010311.0;2019;12;20;6;3;6;2;2;0;1;1;0;0;0;1;0;0;1
11;4;4041344.0;2019;12;19;6;3;1;5;2;1;1;0;0;0;0;0;0;0;1
11;8;8020622.0;2019;12;17;6;3;2;6;2;0;1;0;0;0;0;1;0;0;1
11;7;7020204.0;2019;12;17;6;3;5;3;2;1;1;0;0;0;0;1;0;0;1
11;11;11030720.0;2019;12;16;6;3;5;3;2;0;1;0;0;0;0;1;0;0;1
11;9;9051702.0;2019;12;19;6;2;6;4;2;0;1;1;0;0;0;1;0;0;1
11;3;3040513.0;2019;12;14;6;2;0;1;0;1;0;0;0;0;0;1;0;0;1
11;6;6040807.0;2019;12;9;6;2;5;3;0;1;1;0;0;0;0;1;0;0;1
11;12;12103116.0;2019;12;17;5;3;2;2;2;1;1;0;0;0;0;1;0;0;1
11;8;8010404.0;2019;12;20;5;3;5;3;2;0;1;0;0;0;0;1;0;0;1
11;10;10020622.0;2019;12;17;5;3;5;2;2;0;1;0;0;0;0;1;0;0;1
11;11;11020514.0;2019;12;17;5;3;5;3;2;0;1;0;0;0;0;1;0;0;1
11;11;11051229.0;2019;12;17;5;3;2;6;2;0;1;0;1;0;0;1;0;0;1
11;8;8010303.0;2019;12;16;5;3;5;3;2;0;1;0;0;0;0;1;0;0;1
11;1;1033201.0;2019;12;11;5;3;0;1;0;0;1;0;1;0;0;1;0;0;1
11;9;9051702.0;2019;12;9;5;3;0;1;0;1;0;0;0;0;0;1;0;0;1
11;5;5020625.0;2019;12;2;5;3;8;1;2;0;1;0;0;0;0;1;0;0;1
11;4;4030518.0;2019;12;0;5;3;0;1;2;0;0;0;0;0;1;1;0;0;1
11;11;11030720.0;2019;12;15;5;2;5;1;0;0;1;0;0;0;0;1;0;0;1
11;9;9010301.0;2019;12;14;5;2;5;2;0;0;1;0;0;0;0;1;0;0;1
11;1;1033203.0;2019;12;6;5;2;3;6;2;1;1;0;0;0;0;1;0;0;1
11;4;4051655.0;2019;12;12;4;3;5;2;0;0;1;0;0;0;0;1;0;0;1
11;1;1033201.0;2019;12;23;4;3;5;7;2;0;1;0;1;0;0;1;0;0;1
11;4;4030929.0;2019;12;19;4;3;2;7;2;0;1;0;0;0;0;1;0;0;1
11;7;7030303.0;2019;12;16;4;3;1;1;2;0;1;0;0;0;1;1;0;0;1
11;8;8020728.0;2019;12;13;4;3;5;3;0;0;1;0;0;0;1;1;0;0;1
11;4;4020208.0;2019;12;23;3;3;6;2;2;0;1;1;0;0;0;1;0;0;1
11;9;9010301.0;2019;12;21;3;3;5;2;2;0;1;0;0;0;0;1;0;0;1
11;5;5010101.0;2019;12;20;3;3;6;2;2;0;1;1;0;0;0;1;0;0;1
11;10;10040931.0;2019;12;19;3;3;5;3;2;0;1;0;0;0;0;1;0;0;1
11;11;11010308.0;2019;12;18;3;3;1;5;2;0;1;0;0;0;0;1;0;0;1
11;6;6020304.0;2019;12;18;3;3;8;1;2;0;1;0;0;0;0;1;0;0;1
11;1;1022201.0;2019;12;14;3;3;0;1;0;0;1;0;1;0;0;0;0;0;1
11;5;5010339.0;2019;12;13;3;3;0;6;0;0;1;0;0;0;1;1;0;0;1
11;8;8010404.0;2019;12;13;3;3;6;4;0;0;1;1;0;0;0;0;0;0;1
11;3;3040818.0;2019;12;11;3;3;5;2;0;1;1;0;0;0;0;0;0;0;1
11;2;2040502.0;2019;12;10;3;3;5;3;0;1;0;0;0;0;0;0;0;0;1
11;10;10010204.0;2019;12;9;3;3;2;2;0;0;1;0;0;0;0;0;0;0;1
11;3;3050923.0;2019;12;20;2;3;6;4;2;0;1;1;0;0;0;0;0;0;1
11;2;2010104.0;2019;12;17;2;3;2;2;1;0;1;0;1;0;0;0;0;0;1
11;10;10010206.0;2019;12;7;2;3;6;7;2;1;0;1;0;0;0;0;0;0;1
11;10;10030724.0;2019;12;13;2;3;2;6;0;0;1;0;0;0;1;1;0;0;1
11;4;4020311.0;2019;12;12;2;3;6;7;0;0;1;1;0;0;0;1;0;0;1
11;9;9052001.0;2019;12;12;2;3;1;5;0;0;1;0;0;0;0;0;0;0;1
11;2;2030302.0;2019;12;19;2;3;1;5;2;1;1;0;0;0;0;0;0;0;1
11;4;4030931.0;2019;12;20;2;3;6;4;2;0;1;1;0;0;0;0;0;0;1
11;2;2050803.0;2019;12;18;2;3;5;7;2;0;1;0;0;0;0;0;0;0;1
11;11;11020514.0;2019;12;12;2;2;6;4;0;0;1;1;0;0;0;1;0;0;1
11;9;9010302.0;2019;12;17;2;3;2;6;2;0;1;0;0;0;0;0;0;0;1
11;6;6020306.0;2019;12;16;2;2;9;1;2;0;1;0;0;0;0;0;0;0;1
11;12;12214527.0;2019;12;16;2;3;2;6;1;0;1;0;0;0;0;0;0;0;1
11;6;6020301.0;2019;12;16;2;3;5;3;2;0;1;0;0;0;0;1;0;0;1
11;8;8030831.0;2019;12;16;2;3;0;5;1;1;1;0;0;0;0;1;0;0;1
11;12;12214125.0;2019;12;15;2;2;5;2;0;1;1;0;0;0;0;0;0;0;1
11;4;4041136.0;2019;12;11;2;2;9;7;0;0;1;0;0;0;0;1;0;0;1
11;8;8020620.0;2019;12;11;2;3;5;3;0;1;1;0;0;0;0;1;0;0;1
11;6;6010210.0;2019;12;9;2;3;6;4;0;1;0;1;0;0;0;1;0;0;1
11;4;4030931.0;2019;12;9;2;2;6;2;0;0;1;1;0;0;0;1;0;0;1
11;2;2030402.0;2019;12;8;2;3;1;5;0;1;0;0;0;0;1;1;0;0;1
11;1;1044101.0;2019;12;7;2;3;5;3;1;0;1;0;0;0;0;1;0;0;1
11;8;8010404.0;2019;12;7;2;3;6;2;2;0;1;1;0;0;0;1;0;0;1
11;5;5020625.0;2019;12;18;2;3;5;3;2;0;1;0;0;0;1;0;0;0;1
11;2;2020205.0;2019;12;14;1;3;0;1;0;1;0;0;0;0;0;1;0;0;1
11;3;3071639.0;2019;12;14;1;3;0;5;0;0;1;0;0;0;0;0;0;0;1
11;12;12103218.0;2019;12;12;1;2;5;2;0;1;1;0;0;0;0;0;0;0;1
11;8;8020619.0;2019;12;12;1;3;5;2;0;0;1;0;0;0;0;1;0;0;1
11;12;12214422.0;2019;12;9;1;3;2;2;0;0;1;0;1;0;0;1;0;0;1
11;4;4030931.0;2019;12;8;1;3;5;3;0;0;1;0;0;0;0;1;0;0;1
11;2;2020206.0;2019;12;7;1;3;5;3;2;0;1;0;0;0;0;1;0;0;1
11;11;11041128.0;2019;12;18;1;3;1;5;2;0;1;0;0;0;0;1;0;0;1
11;12;12214424.0;2019;12;21;1;3;2;6;2;0;1;0;0;0;0;0;0;0;1
11;4;4030930.0;2019;12;18;1;3;5;3;2;0;1;0;1;0;0;0;0;0;1
11;1;1011402.0;2019;12;16;1;3;3;6;2;1;0;0;0;0;0;1;0;0;1
11;8;8030831.0;2019;12;14;1;3;1;5;0;0;1;0;0;0;0;0;0;0;1
11;6;6040703.0;2019;12;13;1;3;5;3;0;0;1;0;0;0;0;0;0;0;1
11;7;7040403.0;2019;12;21;7;3;2;2;2;0;1;0;0;0;0;0;0;0;1
11;2;2030401.0;2019;12;20;7;2;0;3;2;0;1;0;0;0;0;1;0;0;1
11;5;5020419.0;2019;12;19;7;3;2;6;2;0;1;0;0;0;1;1;0;0;1
11;12;12103117.0;2019;12;17;7;2;0;4;2;0;0;1;0;0;1;0;0;0;1
11;8;8010404.0;2019;12;16;7;3;0;1;2;0;0;0;1;0;0;1;0;0;1
11;6;6040807.0;2019;12;14;7;3;2;2;0;0;1;0;0;0;0;1;0;0;1
11;5;5020625.0;2019;12;13;7;3;2;7;0;0;1;0;0;0;0;0;0;0;1
11;9;9051702.0;2019;12;13;7;3;6;4;0;0;1;1;0;0;0;0;0;0;1
11;8;8041036.0;2019;12;13;7;2;5;2;0;0;1;0;0;0;0;0;0;0;1
11;6;6030607.0;2019;12;12;7;3;1;1;0;0;1;0;0;0;1;1;0;0;1
11;7;7060601.0;2019;12;12;7;3;0;3;0;1;1;0;0;0;0;1;0;0;1
11;7;7060604.0;2019;12;11;7;2;8;1;0;0;1;0;0;0;0;1;0;0;1
11;12;12214422.0;2019;12;11;7;3;5;7;0;0;1;0;0;0;0;1;0;0;1
11;12;12304314.0;2019;12;10;7;3;2;6;0;0;1;0;0;0;0;1;0;0;1
11;1;1011301.0;2019;12;10;7;3;2;6;0;0;1;0;0;0;0;0;0;0;1
11;2;2050801.0;2019;12;9;7;3;2;6;0;0;1;0;0;0;1;1;0;0;1
11;8;8010301.0;2019;12;8;7;3;0;3;0;0;1;0;0;0;1;1;0;0;1
11;2;2010104.0;2019;12;3;7;3;5;2;2;0;1;0;0;0;0;1;0;0;1
11;10;10010204.0;2019;12;16;6;3;2;6;1;0;1;0;0;0;0;1;0;0;1
11;1;1033102.0;2019;12;15;6;3;0;3;0;1;1;0;0;0;0;1;0;0;1
11;6;6010103.0;2019;12;17;6;3;0;7;2;0;1;1;0;0;0;1;0;0;1