LAND;BEZ;LOR_ab_2021;UJAHR;UMONAT;USTUNDE;UWOCHENTAG;UKATEGORIE;UART;UTYP1;ULICHTVERH;IstRad;IstPKW;IstFuss;IstKrad;IstGkfz;IstSonstige;USTRZUSTAND;LOCKDOWN;COVID;FERIEN
11;2;2100102.0;2018;1;8;2;2;6;2;0;0;1;1;0;0;0;0;0;0;0
11;1;1100312.0;2018;1;20;4;2;6;4;2;0;1;1;0;0;0;1;0;0;0
11;3;3500936.0;2018;1;7;4;3;6;4;2;0;0;1;0;0;1;1;0;0;0
11;1;1200623.0;2018;1;14;7;3;5;7;0;0;1;0;0;0;0;0;0;0;0
11;4;4300412.0;2018;1;13;4;3;5;2;0;1;1;0;0;0;0;1;0;0;0
11;1;1401047.0;2018;1;21;5;3;6;2;2;0;1;1;0;0;0;1;0;0;0
11;11;11200513.0;2018;1;16;4;3;5;3;2;0;1;0;0;0;0;1;0;0;0
11;1;1100207.0;2018;1;12;3;3;2;7;0;1;1;0;0;0;0;0;0;0;0
11;7;7300618.0;2018;1;16;4;3;5;2;2;1;1;0;0;0;0;1;0;0;0
11;10;10200629.0;2018;1;13;2;3;0;6;0;0;0;0;0;0;1;0;0;0;0
11;1;1300834.0;2018;1;15;4;3;5;3;0;1;1;0;0;0;0;0;0;0;0
11;5;5100105.0;2018;1;15;4;3;2;6;0;0;1;0;0;0;0;1;0;0;0
11;7;7100102.0;2018;1;22;7;3;5;3;2;0;1;0;0;0;0;0;0;0;0
11;3;3601452.0;2018;1;17;4;3;5;3;1;0;1;0;0;0;0;1;0;0;0
11;6;6100209.0;2018;1;6;2;3;0;7;2;0;1;0;0;0;0;0;0;0;0
11;4;4300412.0;2018;1;17;4;2;0;4;1;0;1;1;0;0;1;1;0;0;0
11;5;5300840.0;2018;1;18;4;3;5;3;2;0;1;0;0;0;0;1;0;0;0
11;8;8100417.0;2018;1;1;7;3;6;2;2;0;1;1;0;0;0;0;0;0;0
11;4;4200311.0;2018;1;19;4;3;6;2;2;0;1;1;0;0;0;1;0;0;0
11;6;6200421.0;2018;1;18;4;3;2;6;2;0;1;0;0;0;0;1;0;0;0
11;6;6300633.0;2018;1;19;4;3;6;2;2;0;1;1;0;0;0;1;0;0;0
11;4;4500938.0;2018;1;11;3;3;2;7;0;0;1;0;0;0;0;0;0;0;0
11;1;1300733.0;2018;1;20;4;3;6;2;2;0;1;1;0;0;0;1;0;0;0
11;2;2100104.0;2018;1;11;2;2;6;4;0;1;0;1;0;0;0;0;0;0;0
11;1;1100101.0;2018;1;13;4;3;6;4;0;0;1;1;0;0;0;1;0;0;0
11;10;10200420.0;2018;1;16;6;3;5;3;2;1;1;0;0;0;0;0;0;0;0
11;4;4200311.0;2018;1;11;4;3;1;5;0;1;1;0;0;0;0;1;0;0;0
11;1;1100311.0;2018;1;11;4;3;3;1;0;0;1;0;0;0;0;1;0;0;0
11;3;3100103.0;2018;1;11;4;3;5;3;0;0;1;0;0;0;1;1;0;0;0
11;7;7200307.0;2018;1;13;4;2;1;5;0;0;1;0;0;0;0;1;0;0;0
11;2;2400623.0;2018;1;20;5;3;0;7;2;1;0;0;0;0;1;1;0;0;0
11;5;5200524.0;2018;1;10;4;3;5;3;0;0;1;0;0;0;0;1;0;0;0
11;3;3400725.0;2018;1;7;2;3;5;3;0;1;0;0;0;0;0;0;0;0;0
11;4;4501042.0;2018;1;11;4;2;6;4;0;0;1;1;0;0;0;1;0;0;0
11;7;7200409.0;2018;1;18;1;3;1;5;2;1;1;0;0;0;0;0;0;0;0
11;5;5100315.0;2018;1;10;4;3;5;3;0;1;0;0;0;1;0;1;0;0;0
11;6;6100206.0;2018;1;14;6;3;5;2;0;1;1;0;0;0;0;0;0;0;0
11;8;8200725.0;2018;1;9;4;3;5;3;0;1;1;0;0;0;0;1;0;0;0
11;3;3601449.0;2018;1;8;4;3;2;7;1;0;1;0;0;0;0;0;0;0;0
11;10;10200629.0;2018;1;7;4;2;6;4;2;0;1;1;0;0;0;1;0;0;0
11;10;10200422.0;2018;1;17;2;3;6;4;2;0;1;1;0;0;0;0;0;0;0
11;7;7601544.0;2018;1;7;4;2;6;2;2;0;1;1;0;0;0;1;0;0;0
11;1;1100311.0;2018;1;7;4;3;3;6;1;0;1;0;0;1;0;1;0;0;0
11;1;1300733.0;2018;1;17;7;3;6;2;2;0;1;1;0;0;0;0;0;0;0
11;1;1300730.0;2018;1;7;4;2;6;2;2;0;1;1;0;0;0;1;0;0;0
11;7;7200308.0;2018;1;18;2;3;5;3;2;1;0;0;0;0;0;0;0;0;0
11;11;11300721.0;2018;1;7;4;3;6;4;2;0;1;1;0;0;0;1;0;0;0
11;10;10100315.0;2018;1;16;1;3;2;2;1;0;1;0;0;0;0;0;0;0;0
11;5;5100209.0;2018;1;7;4;2;6;4;2;0;1;1;0;0;0;1;0;0;0
11;1;1400938.0;2018;1;7;6;3;6;2;0;0;1;1;0;0;0;0;0;0;0
11;7;7400927.0;2018;1;6;4;3;5;2;2;1;1;0;0;0;0;1;0;0;0
11;12;12200515.0;2018;1;13;3;3;1;7;0;0;1;0;0;0;1;0;0;0;0
11;2;2400623.0;2018;1;6;4;3;2;3;1;1;1;0;0;0;0;1;0;0;0
11;1;1400937.0;2018;1;6;4;3;5;3;2;1;1;0;0;0;0;1;0;0;0
11;9;9200715.0;2018;1;7;2;3;2;6;1;0;1;0;0;0;0;2;0;0;0
11;1;1100416.0;2018;1;5;4;2;5;3;2;1;1;0;0;0;0;1;0;0;0
11;1;1100205.0;2018;1;9;4;3;6;4;0;1;0;1;0;0;0;0;0;0;0
11;1;1100206.0;2018;1;13;7;3;5;3;0;0;1;0;0;0;0;0;0;0;0
11;3;3200308.0;2018;1;8;4;3;5;3;0;1;1;0;0;0;0;1;0;0;0
11;9;9200512.0;2018;1;20;4;3;6;4;2;0;1;1;0;0;0;1;0;0;0
11;3;3400721.0;2018;1;8;3;3;6;4;1;1;0;1;0;0;0;0;0;0;0
11;8;8100310.0;2018;1;8;4;3;5;3;1;1;1;0;0;0;0;1;0;0;0
11;2;2500833.0;2018;1;23;5;3;5;2;2;1;1;0;0;0;0;1;0;0;0
11;2;2100102.0;2018;1;8;4;3;5;7;0;0;1;0;0;0;1;1;0;0;0
11;10;10100210.0;2018;1;16;3;2;6;4;2;0;1;1;0;0;0;0;0;0;0
11;4;4501151.0;2018;1;7;4;2;6;2;1;0;1;1;0;0;0;1;0;0;0
11;4;4200308.0;2018;1;15;4;3;2;6;0;0;1;0;0;1;0;1;0;0;0
11;1;1100310.0;2018;1;16;2;3;2;6;1;0;1;0;0;0;1;0;0;0;0
11;10;10100311.0;2018;1;7;4;3;6;2;1;0;1;1;0;0;0;1;0;0;0
11;7;7200409.0;2018;1;7;4;2;5;7;1;0;1;0;0;0;0;1;0;0;0
11;2;2200209.0;2018;1;20;7;3;5;2;2;0;1;0;0;0;0;0;0;0;0
11;4;4500936.0;2018;1;8;4;2;6;4;1;0;1;1;0;0;0;1;0;0;0
11;6;6200311.0;2018;1;17;4;3;5;3;2;0;1;0;0;0;0;0;0;0;0
11;4;4400832.0;2018;1;17;4;3;6;2;0;0;1;1;0;0;0;0;0;0;0
11;1;1100205.0;2018;1;9;2;3;3;6;0;0;1;0;1;0;0;0;0;0;0
11;11;11200514.0;2018;1;20;3;3;5;3;2;1;1;0;0;0;0;1;0;0;0
11;2;2100103.0;2018;1;11;2;3;3;6;0;0;1;0;0;0;1;0;0;0;0
11;1;1300836.0;2018;1;11;3;3;2;6;0;0;1;0;0;0;0;1;0;0;0
11;5;5100210.0;2018;1;13;2;2;6;2;0;0;1;1;0;0;0;0;0;0;0
11;3;3601449.0;2018;1;18;3;3;8;1;2;0;1;0;0;0;0;1;0;0;0
11;6;6100101.0;2018;1;15;3;3;1;5;0;0;1;0;0;0;0;1;0;0;0
11;11;11400927.0;2018;1;14;6;2;6;2;0;0;1;1;0;0;0;0;0;0;0
11;4;4300623.0;2018;1;13;3;3;0;5;0;0;0;0;1;0;1;1;0;0;0
11;4;4400729.0;2018;1;12;4;3;5;3;0;1;1;0;0;0;0;0;0;0;0
11;5;5100316.0;2018;1;8;5;3;6;4;1;0;1;1;0;0;0;1;0;0;0
11;9;9200715.0;2018;1;12;3;3;5;2;0;0;1;0;0;0;0;1;0;0;0
11;6;6300629.0;2018;1;6;2;3;6;4;2;0;1;1;0;0;0;0;0;0;0
11;9;9401534.0;2018;1;8;3;3;0;7;1;1;0;0;0;0;0;1;0;0;0
11;8;8100207.0;2018;1;16;1;3;5;3;1;0;1;0;0;0;1;0;0;0;0
11;2;2400521.0;2018;1;6;3;3;5;3;2;0;1;0;0;0;0;1;0;0;0
11;12;12200412.0;2018;1;14;6;3;2;6;0;0;1;0;0;0;0;1;0;0;0
11;6;6200313.0;2018;1;5;3;3;6;2;2;0;1;1;0;0;0;1;0;0;0
11;9;9501838.0;2018;1;5;4;2;8;1;2;0;1;0;0;0;0;2;0;0;0
11;5;5100315.0;2018;1;13;3;2;5;2;0;0;1;0;0;0;0;1;0;0;0
11;12;12601236.0;2018;1;16;6;2;0;2;2;0;1;0;0;0;1;0;0;0;0
11;8;8100415.0;2018;1;14;3;3;3;6;0;1;0;0;0;0;1;1;0;0;0
11;5;5100315.0;2018;1;10;4;3;2;6;0;0;1;0;0;0;0;0;0;0;0
11;6;6400736.0;2018;1;21;3;3;5;3;2;0;1;0;0;0;0;1;0;0;0
11;12;12100204.0;2018;1;6;2;2;6;4;2;0;1;1;0;0;0;0;0;0;0
11;10;10100101.0;2018;1;17;3;2;6;4;2;0;1;1;0;0;0;1;0;0;0
11;2;2100101.0;2018;1;19;7;3;5;3;2;1;1;0;0;0;0;0;0;0;0
11;9;9100304.0;2018;1;18;3;3;5;3;2;1;1;0;0;0;0;1;0;0;0
11;8;8100416.0;2018;1;22;6;3;1;5;2;0;1;0;0;0;0;1;0;0;0
11;3;3300413.0;2018;1;17;3;3;3;6;2;0;1;0;0;0;1;1;0;0;0
11;2;2200210.0;2018;1;19;3;3;2;6;2;0;1;0;0;0;0;0;0;0;0
11;7;7400927.0;2018;1;17;3;3;6;4;2;0;1;1;0;0;0;1;0;0;0
11;8;8401139.0;2018;1;17;3;3;5;3;2;0;1;0;0;0;0;1;0;0;0
11;1;1400938.0;2018;1;16;2;3;5;3;1;1;1;0;0;0;0;0;0;0;0
11;6;6100102.0;2018;1;17;3;3;1;5;2;1;1;0;0;0;0;1;0;0;0
11;4;4501042.0;2018;1;17;3;3;5;2;1;0;1;0;0;0;1;1;0;0;0
11;9;9200715.0;2018;1;17;3;3;5;2;2;0;1;0;0;0;0;1;0;0;0
11;4;4200309.0;2018;1;6;3;3;5;3;2;0;1;0;0;0;0;1;0;0;0
11;6;6200315.0;2018;1;16;2;3;1;5;1;0;1;0;0;0;0;0;0;0;0
11;5;5200527.0;2018;1;5;2;3;1;7;2;0;0;0;0;0;1;0;0;0;0
11;3;3500934.0;2018;1;0;2;3;6;4;2;0;1;1;0;0;0;1;0;0;0
11;8;8200831.0;2018;1;16;7;2;6;4;2;0;1;1;0;0;0;0;0;0;0
11;10;10100311.0;2018;1;0;2;2;6;7;2;0;0;1;0;0;1;1;0;0;0
11;1;1100416.0;2018;1;20;5;3;5;3;2;1;1;0;0;0;0;1;0;0;0
11;8;8100314.0;2018;1;22;2;3;5;2;2;0;1;0;0;0;0;0;0;0;0
11;9;9300920.0;2018;1;15;3;3;5;2;1;1;1;0;0;0;0;0;0;0;0
11;6;6300633.0;2018;1;13;2;3;6;4;0;1;0;1;0;0;0;0;0;0;0
11;10;10300734.0;2018;1;13;2;2;5;7;0;1;1;0;0;0;0;0;0;0;0
11;1;1100309.0;2018;1;7;2;3;5;3;1;0;1;0;0;0;0;0;0;0;0
11;7;7300619.0;2018;1;6;2;3;5;3;2;0;1;0;0;0;0;1;0;0;0
11;8;8100104.0;2018;1;22;7;3;3;6;2;0;1;0;0;0;0;0;0;0;0
11;8;8100312.0;2018;1;6;2;2;6;4;2;0;1;1;0;0;0;0;0;0;0
11;1;1100310.0;2018;1;2;4;3;5;3;2;0;1;0;0;0;0;1;0;0;0
11;5;5300737.0;2018;1;22;5;3;3;6;2;0;1;0;0;0;0;1;0;0;0
11;1;1100416.0;2018;1;2;7;2;5;3;2;1;1;0;0;0;0;0;0;0;0
11;6;6300634.0;2018;1;4;2;3;6;2;2;0;1;1;0;0;0;1;0;0;0
11;1;1100309.0;2018;1;17;4;3;2;6;2;0;1;0;1;0;0;1;0;0;0
11;1;1100101.0;2018;1;1;2;3;6;4;2;0;0;1;0;0;1;0;0;0;0
11;5;5100208.0;2018;1;7;3;3;8;1;1;0;1;0;0;0;0;0;0;0;0
11;7;7501029.0;2018;1;1;2;3;5;3;2;0;1;0;0;0;0;0;0;0;0
11;2;2200210.0;2018;1;13;2;3;5;3;0;1;1;0;0;0;0;2;0;0;0
11;1;1200627.0;2018;1;0;2;3;6;4;2;0;1;1;0;0;0;0;0;0;0
11;5;5100211.0;2018;1;0;2;2;6;7;2;0;0;1;0;0;1;0;0;0;0
11;9;9200511.0;2018;1;23;6;3;5;3;2;0;1;0;0;0;0;0;0;0;0
11;1;1100101.0;2018;1;14;2;3;5;2;0;0;1;0;0;0;0;0;0;0;0
11;9;9401329.0;2018;1;12;4;3;2;6;0;0;1;0;0;0;0;1;0;0;0
11;9;9200715.0;2018;1;14;2;3;5;3;0;0;1;0;0;0;0;0;0;0;0
11;3;3601452.0;2018;1;20;2;3;5;3;2;0;1;0;0;0;0;0;0;0;0
11;1;1300835.0;2018;1;11;2;3;5;2;0;1;0;0;0;0;1;0;0;0;0
11;1;1200517.0;2018;1;10;2;3;2;6;0;0;1;0;0;0;0;2;0;0;0
11;8;8100312.0;2018;1;15;6;3;5;2;0;1;0;0;0;0;1;0;0;0;0
11;2;2400623.0;2018;1;8;4;3;5;3;1;1;1;0;0;0;0;0;0;0;0
11;1;1100207.0;2018;1;17;2;2;4;2;2;1;0;0;0;0;0;0;0;0;0
11;2;2400623.0;2018;1;17;7;2;6;4;2;0;1;1;0;0;0;0;0;0;0
11;1;1100102.0;2018;1;16;5;3;6;2;2;0;1;1;0;0;0;1;0;0;0
11;2;2200209.0;2018;1;10;1;3;5;3;0;0;1;0;0;0;0;0;0;0;0
11;5;5300737.0;2018;1;9;6;3;2;6;0;0;1;0;0;0;1;0;0;0;0
11;1;1300733.0;2018;1;8;3;3;6;2;1;0;1;1;0;0;0;1;0;0;0
11;4;4200309.0;2018;1;10;2;2;5;2;0;1;1;0;0;0;0;0;0;0;0
11;2;2200213.0;2018;1;13;7;3;1;5;0;0;1;0;0;0;0;1;0;0;0
11;7;7300618.0;2018;1;9;3;3;2;7;0;0;1;0;0;0;1;0;0;0;0
11;12;12500926.0;2018;1;13;2;3;1;7;0;0;1;0;0;0;0;0;0;0;0
11;10;10200417.0;2018;1;17;3;3;5;2;2;0;1;0;0;0;0;0;0;0;0
11;12;12601134.0;2018;1;16;2;3;4;7;1;0;1;0;0;0;0;1;0;0;0
11;1;1100205.0;2018;1;1;7;3;5;3;2;0;1;0;0;0;0;0;0;0;0
11;8;8100310.0;2018;1;20;4;3;5;3;2;0;1;0;0;0;0;1;0;0;0
11;5;5300735.0;2018;1;21;2;3;2;6;2;0;1;0;0;0;0;0;0;0;0
11;2;2100105.0;2018;1;11;2;3;5;2;0;1;1;0;0;0;0;0;0;0;0
11;6;6300633.0;2018;1;16;6;2;0;2;2;0;1;0;1;0;0;0;0;0;0
11;1;1400942.0;2018;1;22;7;3;5;3;2;0;1;0;0;0;0;0;0;0;0
11;4;4501148.0;2018;1;14;4;3;2;6;0;0;1;0;0;0;0;0;0;0;0
11;10;10100312.0;2018;1;18;5;3;0;2;2;0;1;0;0;0;1;1;0;0;0
11;5;5100101.0;2018;1;7;2;3;6;2;1;0;1;1;0;0;0;0;0;0;0
11;8;8401139.0;2018;1;17;1;3;1;5;2;1;1;0;0;0;0;0;0;0;0
11;9;9100407.0;2018;1;14;6;3;6;4;0;0;1;1;0;0;0;0;0;0;0
11;10;10200418.0;2018;1;6;4;2;6;4;2;0;0;1;0;0;1;2;0;0;0
11;7;7501031.0;2018;1;16;2;3;5;2;2;0;1;0;0;0;0;0;0;0;0
11;8;8401241.0;2018;1;16;1;3;5;3;1;0;1;0;0;0;0;0;0;0;0
11;5;5200528.0;2018;1;21;2;2;4;1;2;0;1;0;0;0;0;0;0;0;0
11;3;3400724.0;2018;1;14;1;3;5;3;0;0;1;0;0;0;0;0;0;0;0
11;9;9200715.0;2018;1;19;2;2;9;1;2;0;1;0;0;0;0;0;0;0;0
11;3;3601451.0;2018;1;18;1;2;5;2;2;0;1;0;0;0;0;1;0;0;0
11;1;1200628.0;2018;1;18;2;3;2;6;2;1;1;0;0;0;0;0;0;0;0
11;8;8401242.0;2018;1;21;1;3;1;5;2;0;1;0;0;0;0;0;0;0;0
11;11;11200513.0;2018;1;17;2;3;5;2;2;1;0;0;0;0;1;0;0;0;0
11;10;10100205.0;2018;1;15;1;2;8;1;0;0;1;0;0;0;0;1;0;0;0
11;6;6400844.0;2018;1;16;2;3;5;2;2;0;1;0;0;0;0;0;0;0;0
11;3;3601450.0;2018;1;18;1;2;0;1;2;1;0;0;0;0;0;1;0;0;0
11;1;1401048.0;2018;1;23;7;3;2;6;2;0;1;0;0;0;0;1;0;0;0
11;1;1401049.0;2018;1;16;2;2;6;4;2;0;0;1;1;0;0;0;0;0;0
11;8;8100310.0;2018;1;18;7;3;5;3;2;1;1;0;0;0;0;1;0;0;0
11;2;2500834.0;2018;1;18;7;3;5;2;2;1;1;0;0;0;0;1;0;0;0
11;4;4501151.0;2018;1;15;2;3;5;2;0;0;1;0;1;0;0;0;0;0;0
11;12;12500825.0;2018;1;17;3;3;6;2;1;0;1;1;0;0;0;1;0;0;0
11;5;5200423.0;2018;1;17;7;2;3;6;2;0;1;0;0;0;0;0;0;0;0
11;4;4501040.0;2018;1;14;2;3;5;3;0;1;0;0;0;0;1;0;0;0;0
11;10;10200422.0;2018;1;15;7;3;6;4;0;0;1;1;0;0;0;0;0;0;0
11;7;7400927.0;2018;1;14;2;3;2;2;0;0;1;0;0;0;1;0;0;0;0
11;1;1100415.0;2018;1;9;3;3;6;4;0;0;1;1;0;0;0;1;0;0;0
11;11;11300721.0;2018;1;14;7;3;5;7;0;0;1;0;0;0;0;0;0;0;0
11;6;6200421.0;2018;1;18;3;3;6;2;2;0;1;1;0;0;0;1;0;0;0
11;2;2300314.0;2018;1;12;2;3;1;5;0;1;1;0;0;0;0;0;0;0;0
11;3;3601245.0;2018;1;13;7;3;6;6;0;1;0;1;0;0;0;0;0;0;0
11;6;6200422.0;2018;1;11;2;3;5;7;0;1;1;0;0;0;0;0;0;0;0
11;10;10200423.0;2018;1;2;7;3;6;2;2;0;0;1;0;0;1;1;0;0;0
11;11;11300725.0;2018;1;6;2;3;6;4;2;0;0;1;0;0;1;0;0;0;0
11;12;12601032.0;2018;1;8;7;3;2;6;0;0;1;0;0;0;0;1;0;0;0
11;1;1300732.0;2018;1;10;7;3;5;3;0;0;1;0;0;0;0;1;0;0;0
11;4;4500938.0;2018;1;9;2;3;5;2;0;0;1;0;0;0;0;0;0;0;0
11;4;4300619.0;2018;1;17;3;3;6;2;2;0;1;1;0;0;0;1;0;0;0
11;5;5100316.0;2018;1;11;7;3;5;7;0;0;1;0;1;0;0;1;0;0;0
11;3;3500932.0;2018;1;9;2;3;5;2;0;1;1;0;0;0;0;0;0;0;0
11;9;9100101.0;2018;1;11;2;3;6;4;0;0;1;1;0;0;0;0;0;0;0
11;4;4300416.0;2018;1;11;7;2;5;2;0;1;1;0;0;0;0;0;0;0;0
11;6;6200313.0;2018;1;9;2;2;6;4;0;0;1;1;0;0;0;0;0;0;0
11;1;1100310.0;2018;1;12;7;3;2;6;0;0;1;0;0;0;0;1;0;0;0
11;7;7100102.0;2018;1;7;2;3;5;2;1;0;1;0;0;0;0;0;0;0;0
11;1;1100206.0;2018;1;12;7;3;0;1;0;1;0;0;0;0;0;0;0;0;0
11;3;3701555.0;2018;1;7;2;3;6;4;0;1;0;1;0;0;0;0;0;0;0
11;4;4501041.0;2018;1;13;7;3;2;6;0;0;1;0;0;0;0;1;0;0;0
11;8;8100206.0;2018;1;21;7;3;2;6;2;0;1;0;0;0;0;0;0;0;0
11;1;1100416.0;2018;1;7;2;3;6;4;0;1;0;1;0;0;0;0;0;0;0
11;7;7501134.0;2018;1;18;6;3;0;4;2;0;1;1;0;0;0;1;0;0;0
11;3;3601140.0;2018;1;7;2;3;5;3;0;1;1;0;0;0;0;0;0;0;0
11;8;8100312.0;2018;1;17;6;3;1;5;2;0;1;0;0;0;0;1;0;0;0
11;5;5300737.0;2018;1;9;2;3;5;3;0;1;0;0;0;1;0;0;0;0;0
11;11;11100309.0;2018;1;14;6;3;6;4;0;0;1;1;0;0;0;1;0;0;0
11;1;1100313.0;2018;1;9;2;3;1;5;0;1;1;0;0;0;0;0;0;0;0
11;6;6200313.0;2018;1;14;6;3;0;4;0;0;0;1;0;0;1;1;0;0;0
11;1;1400938.0;2018;1;13;6;3;6;4;0;0;1;1;0;0;0;0;0;0;0
11;4;4200311.0;2018;1;1;1;2;5;2;2;0;1;0;0;0;0;0;0;0;0
11;9;9501736.0;2018;1;13;6;3;0;1;0;1;0;0;0;0;0;1;0;0;0
11;10;10400836.0;2018;1;17;1;3;6;4;2;0;1;1;0;0;0;0;0;0;0
11;7;7400826.0;2018;1;11;6;3;2;6;0;0;1;0;0;1;1;0;0;0;0
11;9;9200715.0;2018;1;7;1;2;6;2;0;0;1;1;0;0;0;0;0;0;0
11;3;3500934.0;2018;1;12;1;3;5;2;0;0;1;0;0;0;0;0;0;0;0
11;12;12500926.0;2018;1;14;1;3;5;3;0;0;1;0;0;0;0;0;0;0;0
11;1;1400938.0;2018;1;15;1;3;2;6;0;0;1;0;0;0;0;0;0;0;0
11;1;1400940.0;2018;1;19;1;3;6;4;2;0;1;1;0;0;0;0;0;0;0
11;2;2500727.0;2018;1;11;6;3;1;5;0;1;1;0;0;0;0;0;0;0;0
11;2;7400720.0;2018;1;21;1;3;6;2;2;0;1;1;0;0;0;0;0;0;0
11;7;7400720.0;2018;1;10;6;3;5;2;0;1;1;0;0;0;0;0;0;0;0
11;1;1200625.0;2018;1;14;1;3;1;5;0;0;1;0;0;0;1;0;0;0;0
11;2;2300314.0;2018;1;10;6;3;5;7;0;1;1;0;0;0;0;0;0;0;0
11;6;6100101.0;2018;1;9;6;3;5;3;0;0;1;0;0;0;0;0;0;0;0
11;7;7300618.0;2018;1;15;1;2;1;5;0;0;1;0;0;0;0;0;0;0;0
11;6;6200423.0;2018;1;8;6;3;0;7;0;1;0;0;0;0;0;0;0;0;0
11;1;1100310.0;2018;1;8;6;3;5;3;0;1;1;0;0;0;0;0;0;0;0
11;9;9100304.0;2018;1;11;7;3;2;2;0;0;1;0;0;0;0;0;0;0;0
11;8;8100312.0;2018;1;8;3;3;5;3;0;0;1;0;0;0;0;2;0;0;0
11;4;4501045.0;2018;1;8;6;2;5;2;1;1;0;0;0;1;0;1;0;0;0
11;4;4501040.0;2018;1;18;3;3;6;4;2;1;0;1;0;0;0;1;0;0;0
11;12;12601031.0;2018;1;16;7;3;8;1;2;0;1;0;0;0;0;0;0;0;0
11;1;1300834.0;2018;1;6;6;3;2;6;2;0;1;0;0;0;0;1;0;0;0
11;6;6400841.0;2018;1;23;7;3;5;3;2;0;1;0;0;0;0;0;0;0;0
11;2;2400624.0;2018;1;3;6;3;1;5;2;0;1;0;1;0;0;1;0;0;0
11;8;8100312.0;2018;1;20;7;3;2;6;2;0;1;0;0;0;0;0;0;0;0
11;6;6200313.0;2018;1;14;6;2;2;6;0;0;1;0;0;0;0;1;0;0;0
11;6;6300527.0;2018;1;13;6;2;5;2;0;0;1;0;0;0;0;1;0;0;0
11;10;10100312.0;2018;1;19;7;3;5;3;2;0;1;0;0;0;0;0;0;0;0
11;7;7400721.0;2018;1;11;6;2;6;2;0;0;1;1;0;0;0;0;0;0;0
11;5;5300841.0;2018;1;17;7;3;2;6;2;0;1;0;0;0;0;0;0;0;0
11;1;1100308.0;2018;1;18;6;3;0;5;2;1;1;0;0;0;0;1;0;0;0
11;1;1100312.0;2018;1;19;6;3;6;2;2;0;1;1;0;0;0;1;0;0;0
11;6;6200421.0;2018;1;17;7;3;5;3;2;1;1;0;0;0;0;0;0;0;0
11;3;3601140.0;2018;1;17;3;3;5;2;2;1;1;0;0;0;0;1;0;0;0
11;2;2300316.0;2018;1;19;6;3;6;4;2;0;1;1;0;0;0;1;0;0;0
11;12;12601032.0;2018;1;16;7;3;6;4;0;0;1;1;0;0;0;0;0;0;0
11;6;6400838.0;2018;1;9;6;3;6;7;0;0;1;1;0;0;0;1;0;0;0
11;1;1300834.0;2018;1;15;7;3;5;2;0;0;1;0;0;0;0;0;0;0;0
11;4;4200311.0;2018;1;21;6;3;2;6;2;0;1;0;0;0;1;0;0;0;0
11;2;2100104.0;2018;1;15;7;3;5;2;0;1;1;0;0;0;0;0;0;0;0
11;4;4500939.0;2018;1;18;6;3;6;2;2;0;1;1;0;0;0;1;0;0;0
11;8;8100209.0;2018;1;13;7;3;6;4;0;0;1;1;0;0;0;0;0;0;0
11;6;6400844.0;2018;1;17;6;2;1;5;1;0;1;0;0;0;0;1;0;0;0
11;12;12601235.0;2018;1;13;7;3;5;3;0;0;1;0;0;0;0;0;0;0;0
11;6;6200315.0;2018;1;18;3;2;6;4;2;0;1;1;0;0;0;1;0;0;0
11;2;2100101.0;2018;1;17;5;3;1;5;2;1;1;0;0;0;0;1;0;0;0
11;7;7200308.0;2018;1;13;7;3;5;2;0;0;1;0;0;0;0;0;0;0;0
11;4;4400831.0;2018;1;13;7;3;5;3;0;1;1;0;0;0;0;0;0;0;0
11;6;6200421.0;2018;1;11;5;3;5;2;0;1;0;0;0;0;1;1;0;0;0
11;11;11200514.0;2018;1;10;7;3;2;6;0;0;1;0;0;0;0;0;0;0;0
11;10;10100311.0;2018;1;10;5;3;6;2;0;0;0;1;0;0;1;1;0;0;0
11;2;2200212.0;2018;1;9;7;3;0;1;0;1;0;0;0;0;0;0;0;0;0
11;5;5200528.0;2018;1;7;5;3;5;3;2;0;1;0;0;0;0;1;0;0;0
11;4;4300620.0;2018;1;8;7;3;3;2;0;0;1;0;0;0;0;0;0;0;0
11;2;2400521.0;2018;1;21;5;3;2;7;2;0;1;0;0;0;0;1;0;0;0
11;1;1100206.0;2018;1;5;7;3;0;1;2;0;0;0;1;0;0;0;0;0;0
11;4;4200308.0;2018;1;21;5;2;0;7;2;0;1;0;0;0;0;0;0;0;0
11;4;4300414.0;2018;1;1;7;3;0;7;2;0;1;0;0;0;1;0;0;0;0
11;7;7200308.0;2018;1;21;5;3;5;2;2;0;1;0;0;0;0;1;0;0;0
11;1;1100207.0;2018;1;18;5;2;5;2;2;0;1;0;0;0;1;1;0;0;0
11;8;8100311.0;2018;1;1;7;3;3;6;2;0;1;0;0;0;0;0;0;0;0
11;5;5200420.0;2018;1;10;5;3;6;4;0;0;1;1;0;0;0;0;0;0;0
11;2;2200208.0;2018;1;22;7;2;5;3;2;0;1;0;0;0;0;0;0;0;0
11;8;8100105.0;2018;1;17;5;3;2;6;2;0;1;0;0;0;0;1;0;0;0
11;4;4501042.0;2018;1;20;6;3;6;4;2;0;1;1;0;0;0;0;0;0;0
11;4;4400835.0;2018;1;17;5;3;6;2;2;0;1;1;0;0;0;1;0;0;0
11;1;1401049.0;2018;1;13;6;3;5;2;0;0;1;0;0;0;0;0;0;0;0
11;1;1300836.0;2018;1;17;5;3;5;2;2;0;1;0;0;0;1;1;0;0;0
11;1;1200624.0;2018;1;12;6;3;5;2;0;1;1;0;0;0;0;1;0;0;0