LAND;BEZ;LOR_ab_2021;UJAHR;UMONAT;USTUNDE;UWOCHENTAG;UKATEGORIE;UART;UTYP1;ULICHTVERH;IstRad;IstPKW;IstFuss;IstKrad;IstGkfz;IstSonstige;USTRZUSTAND;LOCKDOWN;COVID;FERIEN
11;11;11501340.0;2018;2;7;3;3;5;3;0;0;1;0;0;0;0;2;0;0;1
11;2;2100101.0;2018;2;19;2;3;1;5;2;1;1;0;0;0;1;0;0;0;1
11;10;10200421.0;2018;2;6;3;3;5;3;1;1;1;0;0;0;0;0;0;0;1
11;10;10300731.0;2018;2;13;3;2;1;5;0;1;1;0;0;0;0;0;0;0;1
11;12;12601236.0;2018;2;12;3;3;2;6;0;0;1;0;0;0;0;0;0;0;1
11;1;1401045.0;2018;2;8;4;2;6;4;0;1;0;1;0;0;0;0;0;0;1
11;3;3500933.0;2018;2;6;6;3;6;2;2;0;1;1;0;0;0;0;0;0;1
11;6;6300633.0;2018;2;10;3;3;2;6;0;0;1;0;0;0;0;0;0;0;1
11;1;1400937.0;2018;2;7;3;3;6;7;0;1;0;1;0;0;0;0;0;0;1
11;7;7400927.0;2018;2;10;3;2;5;3;0;0;1;0;0;0;0;0;0;0;1
11;4;4501150.0;2018;2;16;2;3;6;4;1;0;1;1;0;0;0;1;0;0;1
11;4;4501041.0;2018;2;12;4;3;2;6;0;0;1;0;0;0;0;0;0;0;1
11;3;3601244.0;2018;2;9;3;3;5;3;0;1;1;0;0;0;0;0;0;0;1
11;8;8300934.0;2018;2;15;2;3;2;2;0;1;1;0;0;0;0;0;0;0;1
11;7;7300516.0;2018;2;19;2;3;6;4;2;0;1;1;0;0;0;0;0;0;1
11;1;1100206.0;2018;2;18;2;3;2;6;2;0;1;0;0;0;0;1;0;0;1
11;3;3500934.0;2018;2;16;2;3;0;3;0;0;1;0;0;0;1;0;0;0;1
11;12;12100204.0;2018;2;19;4;3;5;2;2;0;1;0;0;0;0;0;0;0;1
11;5;5100208.0;2018;2;21;2;3;6;2;2;0;1;1;0;0;0;0;0;0;1
11;7;7501134.0;2018;2;18;2;3;6;2;2;0;1;1;0;0;0;0;0;0;1
11;5;5200629.0;2018;2;14;3;3;6;4;0;0;1;1;0;0;0;0;0;0;1
11;11;11200514.0;2018;2;18;2;3;5;3;2;0;1;0;0;0;0;0;0;0;1
11;5;5100211.0;2018;2;20;2;3;5;2;2;0;1;0;0;0;0;1;0;0;1
11;4;4501043.0;2018;2;17;2;3;5;2;2;0;1;0;0;0;0;0;0;0;1
11;5;5200527.0;2018;2;17;2;2;6;4;1;0;1;1;0;0;0;0;0;0;1
11;6;6100205.0;2018;2;20;2;3;6;4;2;0;1;1;0;0;0;0;0;0;1
11;3;3100101.0;2018;2;16;2;3;5;3;0;1;1;0;0;0;0;0;0;0;1
11;4;4300416.0;2018;2;16;2;3;5;7;0;1;1;0;0;0;0;0;0;0;1
11;1;1100311.0;2018;2;17;4;3;5;3;1;0;1;0;0;0;0;1;0;0;1
11;3;3200308.0;2018;2;15;2;3;6;4;0;0;1;1;0;0;0;0;0;0;1
11;4;4501153.0;2018;2;16;3;2;5;2;0;1;1;0;0;0;0;2;0;0;1
11;1;1300731.0;2018;2;19;2;2;0;1;2;0;0;0;1;0;0;2;0;0;1
11;7;7601238.0;2018;2;15;2;3;5;2;0;1;1;0;0;0;0;0;0;0;1
11;9;9200613.0;2018;2;22;1;3;1;7;2;0;1;0;0;0;0;1;0;0;1
11;4;4500938.0;2018;2;12;2;3;5;3;0;0;1;0;0;0;0;0;0;0;1
11;6;6200313.0;2018;2;14;2;3;6;4;0;1;0;1;0;0;0;0;0;0;1
11;7;7400826.0;2018;2;11;2;3;0;3;0;1;0;0;0;0;1;0;0;0;1
11;4;4501152.0;2018;2;7;4;3;5;2;0;0;1;0;0;0;0;1;0;0;1
11;12;12500926.0;2018;2;15;2;2;5;2;0;1;0;0;0;1;0;0;0;0;1
11;4;4400727.0;2018;2;8;3;3;6;4;0;0;1;1;0;0;0;1;0;0;1
11;9;9200819.0;2018;2;21;1;3;9;1;2;0;1;0;0;0;0;1;0;0;1
11;6;6200421.0;2018;2;15;4;3;3;6;0;0;1;0;0;0;1;0;0;0;1
11;6;6300631.0;2018;2;15;2;3;2;6;0;0;1;0;0;0;0;0;0;0;1
11;7;7400822.0;2018;2;11;3;3;5;3;0;1;1;0;0;0;0;0;0;0;1
11;9;9200512.0;2018;2;21;1;3;5;2;2;0;1;0;0;0;1;0;0;0;1
11;4;4400726.0;2018;2;14;2;2;5;3;0;0;1;0;0;0;0;0;0;0;1
11;8;8300935.0;2018;2;14;2;3;0;7;0;0;1;0;0;0;0;0;0;0;1
11;1;1400937.0;2018;2;20;1;3;5;3;2;0;1;0;0;0;0;1;0;0;1
11;7;7400927.0;2018;2;13;2;3;5;3;0;0;1;0;0;1;0;0;0;0;1
11;7;7400822.0;2018;2;12;2;3;2;6;0;0;1;0;0;1;0;0;0;0;1
11;1;1200522.0;2018;2;11;2;3;6;4;0;0;0;1;0;1;0;0;0;0;1
11;6;6100205.0;2018;2;10;4;3;5;7;0;0;1;0;0;0;0;0;0;0;1
11;2;2300418.0;2018;2;15;2;3;5;3;0;1;1;0;0;0;0;0;0;0;1
11;9;9501737.0;2018;2;10;2;2;6;4;0;0;1;1;0;0;0;0;0;0;1
11;1;1100310.0;2018;2;6;3;3;5;2;0;0;1;0;0;0;1;2;0;0;1
11;1;1200522.0;2018;2;17;1;3;5;2;2;0;1;0;1;0;0;1;0;0;1
11;8;8100209.0;2018;2;10;2;3;5;2;0;0;1;0;0;0;0;0;0;0;1
11;2;2200210.0;2018;2;10;2;3;5;3;0;1;1;0;0;0;0;1;0;0;1
11;2;2100106.0;2018;2;14;1;3;0;1;0;1;0;0;0;0;0;1;0;0;1
11;10;10100313.0;2018;2;8;2;3;2;6;0;0;1;0;0;0;0;0;0;0;1
11;8;8100311.0;2018;2;21;4;3;5;3;2;0;1;0;0;0;0;1;0;0;1
11;6;6100205.0;2018;2;6;2;3;5;2;2;0;1;0;0;0;1;1;0;0;1
11;5;5200629.0;2018;2;6;2;3;5;2;2;1;1;0;0;0;0;1;0;0;1
11;8;8100520.0;2018;2;6;2;3;6;2;2;0;1;1;0;0;0;1;0;0;1
11;10;10400941.0;2018;2;12;1;3;5;3;0;0;1;0;0;0;0;0;0;0;1
11;2;2100102.0;2018;2;6;2;3;2;1;2;0;1;0;0;0;0;2;0;0;1
11;12;12200411.0;2018;2;12;5;3;5;2;0;1;1;0;0;0;0;0;0;0;1
11;1;1200629.0;2018;2;7;6;3;5;3;1;1;1;0;0;0;0;1;0;0;1
11;6;6200421.0;2018;2;3;2;3;5;3;2;0;1;0;0;1;0;1;0;0;1
11;11;11100204.0;2018;2;14;4;2;6;4;0;0;0;1;0;0;1;0;0;0;1
11;6;6100205.0;2018;2;18;2;1;6;4;2;0;0;1;0;0;1;0;0;0;1
11;8;8100415.0;2018;2;18;2;3;3;6;2;1;1;0;0;0;0;1;0;0;1
11;10;10200524.0;2018;2;11;1;2;6;4;0;0;1;1;0;0;0;1;0;0;1
11;7;7400927.0;2018;2;22;1;3;5;3;2;0;1;0;0;0;0;1;0;0;1
11;11;11300721.0;2018;2;18;1;3;0;3;2;0;0;0;1;0;1;1;0;0;1
11;11;11300721.0;2018;2;17;4;3;1;5;2;0;1;0;0;1;0;0;0;0;1
11;3;3200308.0;2018;2;17;1;3;6;2;2;0;1;1;0;0;0;1;0;0;1
11;3;3400620.0;2018;2;14;3;3;6;4;0;0;1;1;0;0;0;0;0;0;1
11;1;2100101.0;2018;2;16;1;3;2;6;2;0;1;0;0;0;0;1;0;0;1
11;4;4400832.0;2018;2;16;3;3;6;7;0;1;0;1;0;0;0;0;0;0;1
11;12;12500824.0;2018;2;16;1;3;2;6;1;0;1;0;0;0;0;1;0;0;1
11;1;1100313.0;2018;2;16;2;3;3;6;1;0;1;0;1;0;0;0;0;0;1
11;8;8100415.0;2018;2;3;1;3;2;7;2;0;1;0;0;0;1;1;0;0;1
11;5;5100104.0;2018;2;14;1;3;0;7;0;0;1;0;0;0;0;0;0;0;1
11;6;6200421.0;2018;2;14;1;2;0;1;0;0;1;1;0;0;0;0;0;0;1
11;4;4400835.0;2018;2;17;2;2;5;3;1;0;1;0;0;0;0;1;0;0;1
11;4;4300622.0;2018;2;17;4;3;5;2;1;0;1;0;0;0;1;0;0;0;1
11;4;4400835.0;2018;2;13;1;3;6;2;0;0;1;1;0;0;0;0;0;0;1
11;12;12500824.0;2018;2;15;3;2;2;6;0;0;1;0;0;0;0;0;0;0;1
11;10;10400938.0;2018;2;22;7;3;9;1;2;0;1;0;0;0;0;1;0;0;1
11;4;4501150.0;2018;2;9;1;3;5;2;0;1;1;0;0;0;0;0;0;0;1
11;5;5200524.0;2018;2;20;7;3;5;3;2;0;1;0;0;0;0;0;0;0;1
11;2;2200210.0;2018;2;1;1;3;5;3;2;0;1;0;0;0;0;0;0;0;1
11;3;3701660.0;2018;2;19;7;3;6;2;2;0;1;1;0;0;0;1;0;0;1
11;2;2200213.0;2018;2;18;7;3;6;4;2;1;0;1;0;0;0;0;0;0;1
11;11;11300721.0;2018;2;11;7;3;5;7;0;0;1;0;0;0;0;0;0;0;1
11;1;1100104.0;2018;2;14;4;3;6;2;0;0;0;1;0;1;0;0;0;0;1
11;2;2400521.0;2018;2;11;7;3;5;2;0;0;1;0;0;0;0;0;0;0;1
11;5;5400944.0;2018;2;8;3;2;6;6;0;0;1;1;0;0;0;0;0;0;1
11;1;1100206.0;2018;2;12;7;3;5;5;0;1;1;0;0;0;0;1;0;0;1
11;7;7601442.0;2018;2;13;7;3;2;6;0;0;1;0;0;0;0;0;0;0;1
11;2;2200212.0;2018;2;16;7;2;2;7;1;0;1;0;0;0;0;0;0;0;1
11;9;9100101.0;2018;2;9;6;3;5;2;0;1;0;0;0;1;0;0;0;0;1
11;5;5300839.0;2018;2;17;7;2;1;5;1;0;1;0;1;0;0;0;0;0;1
11;4;4300624.0;2018;2;10;4;3;2;6;0;0;1;0;0;0;1;1;0;0;1
11;9;9301126.0;2018;2;18;7;3;2;6;2;0;1;0;0;0;0;1;0;0;1
11;1;1100207.0;2018;2;18;7;3;5;2;2;1;1;0;0;0;0;0;0;0;1
11;8;8100104.0;2018;2;8;4;3;2;6;0;0;1;0;0;0;0;1;0;0;1
11;5;5100317.0;2018;2;18;7;3;2;6;2;0;1;0;0;0;0;0;0;0;1
11;10;10400938.0;2018;2;7;3;3;5;3;0;0;1;0;0;0;0;1;0;0;1
11;2;2300314.0;2018;2;16;6;3;1;5;0;1;1;0;0;0;0;0;0;0;1
11;3;3701658.0;2018;2;20;6;3;0;7;1;1;1;0;0;0;0;1;0;0;1
11;5;5100206.0;2018;2;15;6;3;5;3;0;0;1;0;0;0;0;0;0;0;1
11;11;11300724.0;2018;2;22;5;2;5;3;2;1;1;0;0;0;0;1;0;0;1
11;6;6200312.0;2018;2;18;6;3;5;3;2;0;1;0;0;0;0;1;0;0;1
11;8;8100314.0;2018;2;13;6;3;5;2;0;0;0;0;1;0;1;0;0;0;1
11;3;3701556.0;2018;2;14;3;3;6;4;0;0;1;1;0;0;0;1;0;0;1
11;5;5100314.0;2018;2;11;6;3;6;4;0;0;1;1;0;0;0;0;0;0;1
11;10;10400837.0;2018;2;16;2;3;5;3;0;0;1;0;0;0;0;0;0;0;1
11;10;10100209.0;2018;2;12;2;3;2;6;0;0;1;0;0;0;0;0;0;0;1
11;8;8100209.0;2018;2;11;6;3;6;4;0;0;1;1;0;0;0;0;0;0;1
11;12;12601235.0;2018;2;19;2;3;2;6;2;0;1;0;0;0;0;1;0;0;1
11;10;10400940.0;2018;2;10;6;3;5;3;0;0;1;0;0;0;1;0;0;0;1
11;11;11300616.0;2018;2;20;6;3;6;4;2;0;1;1;0;0;0;0;0;0;1
11;7;7400721.0;2018;2;0;4;3;0;1;2;1;0;0;0;0;0;0;0;0;1
11;10;10100311.0;2018;2;9;6;3;5;2;0;1;0;0;0;0;1;0;0;0;1
11;7;7100205.0;2018;2;19;6;3;5;3;2;1;1;0;0;0;0;1;0;0;1
11;4;4300623.0;2018;2;15;3;3;6;2;0;0;1;1;0;0;0;1;0;0;1
11;1;1200520.0;2018;2;19;6;3;5;2;2;1;1;0;0;0;0;1;0;0;1
11;4;4300518.0;2018;2;8;6;3;2;6;0;0;1;0;0;0;1;1;0;0;1
11;8;8100521.0;2018;2;16;2;3;2;6;1;0;1;0;0;0;0;0;0;0;1
11;10;10300732.0;2018;2;16;4;3;5;3;0;1;1;0;0;0;0;0;0;0;1
11;2;2100105.0;2018;2;9;6;3;5;3;0;1;1;0;0;0;0;0;0;0;1
11;11;11200513.0;2018;2;15;5;3;0;2;0;1;0;0;0;0;1;0;0;0;1
11;3;3400619.0;2018;2;10;2;2;1;7;0;0;1;0;0;0;0;1;0;0;1
11;8;8100209.0;2018;2;16;5;3;5;2;0;1;1;0;0;0;0;0;0;0;1
11;9;9200511.0;2018;2;6;2;2;5;3;0;0;1;0;0;0;0;2;0;0;1
11;10;10300732.0;2018;2;17;5;3;5;3;1;1;1;0;0;0;0;0;0;0;1
11;1;1401049.0;2018;2;16;7;3;5;3;0;0;1;0;0;0;0;0;0;0;1
11;7;7200413.0;2018;2;19;5;3;2;6;2;0;1;0;0;0;0;0;0;0;1
11;3;3500934.0;2018;2;14;6;2;6;4;0;0;1;1;0;0;0;0;0;0;1
11;3;3500934.0;2018;2;16;4;3;1;6;0;0;1;0;0;0;0;0;0;0;1
11;1;1100309.0;2018;2;14;4;3;5;7;0;0;1;0;0;0;1;0;0;0;1
11;4;4300621.0;2018;2;8;4;3;2;6;0;1;0;0;0;0;0;0;0;0;1
11;6;6200422.0;2018;2;8;2;3;5;3;0;1;1;0;0;0;0;2;0;0;1
11;12;12100205.0;2018;2;15;4;3;5;2;0;0;1;0;0;0;0;0;0;0;1
11;10;10100311.0;2018;2;12;7;2;5;2;0;0;1;0;0;0;1;0;0;0;1
11;2;2500727.0;2018;2;14;4;3;5;2;0;1;1;0;0;0;0;0;0;0;1
11;10;10200422.0;2018;2;16;4;3;6;4;0;0;1;1;0;0;0;0;0;0;1
11;8;8100415.0;2018;2;22;4;2;6;4;2;0;1;1;0;0;0;0;0;0;1
11;9;9301228.0;2018;2;17;7;3;8;1;1;0;1;0;0;0;0;0;0;0;1
11;2;2200212.0;2018;2;19;4;3;2;6;2;0;1;0;0;0;0;0;0;0;1
11;1;1100207.0;2018;2;23;6;3;2;6;2;0;1;0;0;0;0;0;0;0;1
11;5;5100316.0;2018;2;19;4;3;2;6;2;0;1;0;0;0;0;0;0;0;1
11;4;4300622.0;2018;2;13;5;3;5;2;0;1;1;0;0;0;0;0;0;0;1
11;5;5300736.0;2018;2;7;4;3;2;6;0;0;1;0;0;0;0;0;0;0;1
11;7;7200308.0;2018;2;13;3;3;6;2;0;0;1;1;0;0;0;0;0;0;1
11;9;9502043.0;2018;2;8;4;2;5;3;0;0;1;0;1;0;0;0;0;0;1
11;11;11501238.0;2018;2;9;4;3;2;6;0;0;1;0;1;0;0;0;0;0;1
11;2;2500835.0;2018;2;13;1;3;5;2;0;1;1;0;0;0;0;0;0;0;1
11;8;8401139.0;2018;2;6;4;3;5;3;1;1;1;0;0;0;0;0;0;0;1
11;1;1400939.0;2018;2;14;6;3;6;2;0;0;1;1;0;0;1;0;0;0;1
11;2;2500727.0;2018;2;11;4;3;1;5;0;1;0;0;0;1;0;0;0;0;1
11;10;10200524.0;2018;2;12;4;3;6;4;0;0;1;1;0;0;1;0;0;0;1
11;5;5100210.0;2018;2;17;4;3;6;2;1;0;1;1;0;0;0;0;0;0;1
11;9;9100101.0;2018;2;7;3;3;1;5;0;1;1;0;0;0;0;0;0;0;1
11;1;1100309.0;2018;2;9;4;3;5;2;0;1;1;0;0;0;0;0;0;0;1
11;4;4501041.0;2018;2;15;2;3;6;7;0;0;1;1;0;0;0;0;0;0;1
11;3;3400725.0;2018;2;17;4;3;0;7;2;1;0;0;0;0;0;0;0;0;1
11;1;1100312.0;2018;2;15;3;3;5;2;0;1;1;0;0;0;0;0;0;0;1
11;1;1100312.0;2018;2;16;4;3;6;4;0;1;0;1;0;0;0;0;0;0;1
11;10;10200524.0;2018;2;16;4;2;6;4;0;0;1;1;0;0;0;0;0;0;1
11;7;7200307.0;2018;2;14;1;2;0;7;0;0;1;0;0;0;0;0;0;0;1
11;2;2500832.0;2018;2;14;4;3;2;6;0;1;0;0;0;0;0;0;0;0;1
11;7;7100205.0;2018;2;13;6;3;6;7;0;0;1;1;0;0;0;0;0;0;1
11;8;8100209.0;2018;2;14;4;3;2;6;0;1;1;0;0;0;0;0;0;0;1
11;8;8200730.0;2018;2;12;3;3;0;2;0;0;0;0;0;0;1;0;0;0;1
11;5;5100317.0;2018;2;14;4;3;6;2;0;0;1;1;0;0;0;0;0;0;1
11;11;11400927.0;2018;2;14;2;3;2;6;0;0;1;0;0;0;0;0;0;0;1
11;1;1100206.0;2018;2;14;4;3;2;7;0;0;1;0;0;0;0;0;0;0;1
11;10;10300734.0;2018;2;15;7;3;2;6;0;0;1;0;0;0;0;0;0;0;1
11;8;8100415.0;2018;2;13;4;3;2;6;0;0;1;0;0;0;0;0;0;0;1
11;4;4100101.0;2018;2;15;1;3;5;3;0;0;1;0;0;0;0;0;0;0;1
11;7;7300517.0;2018;2;11;4;2;5;3;0;1;1;0;0;0;0;0;0;0;1
11;6;6400844.0;2018;2;10;6;3;2;2;0;0;0;0;0;1;1;0;0;0;1
11;4;4100101.0;2018;2;5;4;3;2;2;2;0;1;0;0;0;0;0;0;0;1
11;5;5200420.0;2018;2;15;3;3;2;2;0;0;1;0;0;0;0;0;0;0;1
11;4;4501148.0;2018;2;12;5;3;2;2;0;0;1;0;0;0;0;0;0;0;1
11;8;8401241.0;2018;2;17;2;3;5;3;1;1;1;0;0;0;0;0;0;0;1
11;6;6100209.0;2018;2;20;3;3;5;2;2;0;1;0;0;0;0;0;0;0;1
11;2;2200208.0;2018;2;10;2;3;0;6;0;0;1;0;1;0;0;0;0;0;1
11;4;4300624.0;2018;2;14;3;3;0;5;0;0;1;0;0;0;1;0;0;0;1
11;8;8100209.0;2018;2;16;7;3;5;5;0;0;1;0;0;0;0;0;0;0;1
11;2;2100102.0;2018;2;22;6;2;2;6;2;0;1;0;0;0;0;0;0;0;1
11;1;1100102.0;2018;2;11;5;3;5;3;0;0;1;0;0;0;0;0;0;0;1
11;7;7300619.0;2018;2;13;3;3;5;2;0;1;0;0;0;0;1;0;0;0;1
11;8;8100103.0;2018;2;18;3;3;2;6;2;0;1;0;0;0;0;0;0;0;1
11;11;11300722.0;2018;2;14;3;3;5;3;0;0;1;0;0;0;0;0;0;0;1
11;3;3601245.0;2018;2;17;6;3;5;3;2;0;1;0;0;0;0;0;0;0;1
11;8;8100207.0;2018;2;15;3;3;2;6;0;0;1;0;0;0;0;0;0;0;1
11;6;6300634.0;2018;2;1;6;3;2;7;2;0;1;0;0;0;0;0;0;0;1
11;5;5200528.0;2018;2;16;4;3;0;6;0;0;1;0;0;0;1;0;0;0;1
11;6;6300528.0;2018;2;21;3;3;6;4;2;0;1;1;0;0;0;0;0;0;1
11;2;2500835.0;2018;2;18;3;3;0;6;2;0;1;0;0;0;1;0;0;0;1
11;5;5200630.0;2018;2;9;2;3;1;5;0;1;1;0;0;0;0;0;0;0;1
11;5;5100208.0;2018;2;18;3;3;1;5;2;0;1;0;0;0;1;0;0;0;1
11;2;2400522.0;2018;2;13;7;3;2;2;0;0;1;0;0;0;0;0;0;0;1
11;1;1200629.0;2018;2;17;3;3;5;5;1;0;1;0;1;0;0;0;0;0;1
11;12;12500926.0;2018;2;14;5;3;5;2;0;1;1;0;0;0;0;0;0;0;1
11;4;4300619.0;2018;2;17;3;3;6;4;1;0;0;1;1;0;0;0;0;0;1
11;6;6300526.0;2018;2;16;3;3;5;3;0;0;1;0;0;0;0;0;0;0;1
11;1;1100416.0;2018;2;18;3;3;5;3;2;1;1;0;0;0;0;0;0;0;1
11;9;9200819.0;2018;2;13;3;2;6;4;0;0;0;1;0;0;1;0;0;0;1
11;1;1100310.0;2018;2;11;3;3;2;6;0;0;1;0;0;0;0;0;0;0;1
11;6;6400737.0;2018;2;12;1;3;5;3;0;0;1;0;0;0;0;0;0;0;1
11;12;12500926.0;2018;2;10;3;3;2;6;0;0;1;0;0;0;0;0;0;0;1
11;2;2100104.0;2018;2;0;3;2;5;3;2;1;1;0;0;0;0;0;0;0;1
11;5;5100105.0;2018;2;7;2;3;5;3;0;0;1;0;0;0;1;1;0;0;1
11;4;4400729.0;2018;2;2;3;3;2;6;2;0;1;0;0;0;0;0;0;0;1
11;4;4300623.0;2018;2;9;7;2;0;7;0;1;0;0;0;0;0;0;0;0;1
11;11;11200512.0;2018;2;6;3;3;2;6;1;0;1;0;0;0;1;0;0;0;1
11;10;10100312.0;2018;2;7;3;2;6;7;0;0;1;1;0;0;0;0;0;0;1
11;10;10400837.0;2018;2;8;3;3;5;3;0;1;1;0;0;0;0;0;0;0;1
11;6;6300633.0;2018;2;14;3;3;5;2;0;1;1;0;0;0;0;0;0;0;1
11;2;2100101.0;2018;2;9;3;3;5;3;0;1;1;0;0;0;0;0;0;0;1
11;2;2200210.0;2018;2;10;3;3;5;2;0;1;1;0;0;0;0;0;0;0;1
11;8;8100311.0;2018;2;19;1;3;6;4;2;0;1;1;0;0;0;0;0;0;1
11;9;9100304.0;2018;2;9;5;3;2;6;0;0;1;0;0;0;0;0;0;0;1
11;8;8100105.0;2018;2;19;6;3;2;6;2;0;1;0;0;0;0;0;0;0;1
11;4;4501041.0;2018;2;12;3;3;5;2;0;0;1;0;0;0;0;0;0;0;1
11;11;11300620.0;2018;2;11;6;3;2;6;0;0;1;0;0;0;0;0;0;0;1
11;10;10100102.0;2018;2;19;2;3;0;5;2;0;1;0;0;0;1;0;0;0;1
11;1;1400937.0;2018;2;15;6;3;5;2;0;0;1;0;0;0;0;0;0;0;1
11;1;1100310.0;2018;2;2;2;2;9;1;2;0;1;1;0;0;0;0;0;0;1
11;11;11200514.0;2018;2;20;2;3;6;7;2;0;1;1;0;0;0;0;0;0;1
11;2;2100104.0;2018;2;20;2;3;5;3;2;1;1;0;0;0;0;0;0;0;1
11;8;8300934.0;2018;2;9;3;3;6;4;0;0;1;1;0;0;0;0;0;0;1
11;3;3400725.0;2018;2;17;2;2;2;6;1;1;1;0;0;0;0;0;0;0;1
11;6;6200421.0;2018;2;14;2;3;4;1;0;0;1;0;0;0;0;0;0;0;1
11;4;4501042.0;2018;2;18;2;3;3;6;2;1;1;0;0;0;0;0;0;0;1
11;2;2200213.0;2018;2;2;1;3;5;7;2;0;1;0;0;0;0;1;0;0;1
11;3;3701556.0;2018;2;16;5;3;0;2;0;1;1;0;0;0;0;0;0;0;1
11;3;3300411.0;2018;2;17;2;3;2;7;1;0;1;0;0;0;1;0;0;0;1
11;6;6400844.0;2018;2;3;6;3;5;3;2;0;1;0;0;0;0;0;0;0;1
11;5;5200420.0;2018;2;21;4;3;0;1;2;0;1;0;0;0;0;0;0;0;1
11;4;4100102.0;2018;2;16;2;3;2;6;0;0;1;0;0;1;0;0;0;0;1
11;12;12500824.0;2018;2;14;5;3;2;2;0;0;1;0;0;0;0;0;0;0;1
11;1;1400938.0;2018;2;16;2;3;2;6;0;0;1;0;0;0;0;0;0;0;1
11;1;1100310.0;2018;2;8;2;3;1;5;0;1;1;0;0;0;0;0;0;0;1
11;1;1300834.0;2018;2;23;5;2;5;2;2;0;1;0;0;0;0;0;0;0;1
11;2;2200208.0;2018;2;14;2;3;5;3;0;1;0;0;0;0;1;0;0;0;1
11;4;4501042.0;2018;2;21;7;3;0;1;2;0;0;0;1;0;0;0;0;0;1
11;1;1200626.0;2018;2;9;2;3;3;6;0;0;1;0;0;0;0;0;0;0;1
11;1;1401043.0;2018;2;14;2;3;5;2;0;1;1;0;0;0;0;0;0;0;1
11;3;3601451.0;2018;2;6;2;3;5;3;2;0;1;0;0;0;0;1;0;0;1
11;6;6300633.0;2018;2;14;2;3;6;2;0;0;1;1;0;0;0;0;0;0;1
11;1;1300733.0;2018;2;16;7;3;6;4;0;0;1;1;0;0;0;0;0;0;1
11;7;7200308.0;2018;2;20;5;3;5;7;2;0;1;0;0;0;0;0;0;0;1
11;1;1300733.0;2018;2;14;2;3;1;5;0;0;1;0;0;0;1;0;0;0;1
11;10;10100103.0;2018;2;13;6;3;6;4;0;0;1;1;0;0;0;0;0;0;1
11;5;5300840.0;2018;2;16;4;3;5;7;0;0;1;0;0;0;0;0;0;0;1
11;12;12200515.0;2018;2;14;2;3;5;3;0;0;1;0;0;0;0;0;0;0;1
11;10;10100205.0;2018;2;14;2;2;5;3;0;1;1;0;0;0;0;0;0;0;1
11;4;4200311.0;2018;2;8;2;3;2;6;0;0;1;0;0;0;0;2;0;0;1
11;5;5200630.0;2018;2;7;5;3;6;2;0;0;1;1;0;0;0;0;0;0;1
11;2;2500833.0;2018;2;10;2;3;5;3;0;0;1;0;0;0;0;0;0;0;1
11;1;1300836.0;2018;2;13;7;3;1;5;0;1;1;0;0;0;0;0;0;0;1
11;4;4501147.0;2018;2;9;2;3;5;5;0;1;1;0;0;0;0;0;0;0;1
11;12;12500825.0;2018;2;9;5;3;6;7;0;0;1;1;0;0;0;0;0;0;1
11;3;3500934.0;2018;2;7;2;3;6;7;0;0;1;1;0;0;0;0;0;0;1
11;8;8200624.0;2018;2;6;2;3;6;2;2;0;1;1;0;0;0;0;0;0;1
11;7;7400823.0;2018;2;16;3;3;6;4;0;0;1;1;0;0;0;0;0;0;1
11;6;6100209.0;2018;2;20;2;3;1;5;2;1;1;0;0;0;0;0;0;0;1
11;11;11300722.0;2018;2;14;2;2;5;3;0;1;1;0;0;0;0;0;0;0;1
11;6;6200421.0;2018;2;16;2;2;5;3;0;1;1;0;0;0;0;0;0;0;1
11;3;3500934.0;2018;2;15;3;3;5;3;0;0;1;0;0;0;0;0;0;0;1
11;9;9100304.0;2018;2;18;2;2;5;2;2;0;1;0;1;0;0;0;0;0;1
11;2;2100106.0;2018;2;10;2;1;6;2;0;0;0;1;0;1;0;0;0;0;1
11;6;6400737.0;2018;2;1;1;2;1;5;2;1;1;0;0;0;0;1;0;0;1
11;12;12400617.0;2018;2;8;5;3;5;3;0;1;1;0;0;0;0;0;0;0;1
11;5;5100317.0;2018;2;2;1;3;6;4;2;0;1;1;0;0;0;0;0;0;1
11;2;2300315.0;2018;2;0;7;3;0;1;2;1;0;0;0;0;0;0;0;0;1
11;8;8200622.0;2018;2;20;1;3;1;5;2;0;1;0;0;0;0;0;0;0;1
11;3;3601141.0;2018;2;18;1;3;2;6;2;0;1;0;0;0;0;0;0;0;1
11;11;11400931.0;2018;2;16;1;2;6;4;1;0;1;1;0;0;0;0;0;0;1
11;8;8200832.0;2018;2;5;3;2;5;3;2;0;1;0;1;0;1;0;0;0;1
11;3;3300412.0;2018;2;15;1;3;6;4;0;0;1;1;0;0;0;0;0;0;1
11;5;5100316.0;2018;2;15;2;3;2;6;0;0;1;0;0;0;1;0;0;0;1
11;6;6200423.0;2018;2;9;1;2;5;3;0;1;1;0;0;0;0;0;0;0;1
11;1;1100308.0;2018;2;16;1;3;2;6;0;0;1;0;0;0;0;0;0;0;1
11;2;2200211.0;2018;2;8;1;3;6;7;0;0;0;1;0;0;1;0;0;0;1
11;4;4300518.0;2018;2;13;1;2;5;2;0;0;1;0;0;0;0;0;0;0;1
11;3;3400828.0;2018;2;8;5;3;5;3;0;0;1;0;0;0;0;0;0;0;1
11;2;2500831.0;2018;2;6;1;3;5;3;2;0;1;0;0;0;1;0;0;0;1