LAND;BEZ;LOR_ab_2021;UJAHR;UMONAT;USTUNDE;UWOCHENTAG;UKATEGORIE;UART;UTYP1;ULICHTVERH;IstRad;IstPKW;IstFuss;IstKrad;IstGkfz;IstSonstige;USTRZUSTAND;LOCKDOWN;COVID;FERIEN
11;9;9501737.0;2018;3;15;4;2;6;4;0;0;1;1;0;0;0;0;0;0;1
11;5;5200629.0;2018;3;21;6;3;2;2;2;0;1;0;0;0;0;0;0;0;1
11;6;6400839.0;2018;3;8;6;2;5;3;0;0;1;0;0;0;0;0;0;0;1
11;10;10100103.0;2018;3;12;2;3;5;5;0;0;1;0;0;0;0;0;0;0;1
11;4;4501148.0;2018;3;7;6;3;5;2;0;1;1;0;0;0;0;0;0;0;1
11;6;6200421.0;2018;3;10;6;3;5;3;0;0;1;0;0;0;0;0;0;0;1
11;9;9200819.0;2018;3;8;6;3;6;2;0;0;1;1;0;0;0;0;0;0;1
11;12;12200307.0;2018;3;9;6;3;0;5;0;0;1;0;0;0;0;0;0;0;1
11;8;8100312.0;2018;3;17;6;3;6;2;0;0;1;1;0;0;0;0;0;0;1
11;1;1100310.0;2018;3;9;6;3;1;5;0;1;1;0;0;0;0;0;0;0;1
11;8;8100311.0;2018;3;17;6;3;6;4;0;0;1;1;0;0;0;0;0;0;1
11;9;9100101.0;2018;3;17;3;3;5;2;1;1;1;0;0;0;0;1;0;0;1
11;7;7601544.0;2018;3;9;6;3;6;7;0;0;1;1;0;0;0;0;0;0;1
11;2;2200210.0;2018;3;15;6;3;2;2;0;0;1;0;0;0;0;0;0;0;1
11;2;2300314.0;2018;3;15;6;3;3;2;0;1;0;0;0;0;1;0;0;0;1
11;2;2100106.0;2018;3;8;6;3;5;3;0;0;1;0;0;0;0;0;0;0;1
11;11;11100101.0;2018;3;19;4;3;8;1;2;0;0;0;0;0;1;1;0;0;1
11;6;6400737.0;2018;3;7;6;3;5;3;0;1;1;0;0;0;0;1;0;0;1
11;8;8401241.0;2018;3;14;6;3;0;4;0;0;0;1;0;0;1;0;0;0;1
11;6;6100101.0;2018;3;19;6;3;3;6;2;0;1;0;0;0;0;1;0;0;1
11;1;1100415.0;2018;3;7;6;3;6;4;0;0;1;1;0;0;0;0;0;0;1
11;4;4500937.0;2018;3;19;6;3;5;7;2;1;1;0;0;0;0;0;0;0;1
11;12;12200411.0;2018;3;6;6;3;5;2;1;0;1;0;0;0;0;0;0;0;1
11;12;12500825.0;2018;3;7;6;3;6;4;0;0;1;1;0;0;0;0;0;0;1
11;1;1100311.0;2018;3;4;6;3;5;3;1;1;1;0;0;0;0;0;0;0;1
11;4;4500939.0;2018;3;5;3;2;5;2;2;0;1;0;0;0;0;1;0;0;1
11;5;5300841.0;2018;3;18;6;3;6;4;2;0;1;1;0;0;0;0;0;0;1
11;2;2100106.0;2018;3;19;5;3;3;6;2;1;1;0;0;0;0;0;0;0;1
11;4;4300412.0;2018;3;19;5;3;2;6;2;0;1;0;0;0;0;0;0;0;1
11;2;2500834.0;2018;3;7;6;3;2;2;0;0;1;0;1;0;0;1;0;0;1
11;4;4100101.0;2018;3;18;6;3;5;3;1;0;1;0;0;0;0;0;0;0;1
11;3;3601450.0;2018;3;13;5;3;2;6;0;0;1;0;0;0;0;0;0;0;1
11;2;2200209.0;2018;3;17;6;3;5;2;1;0;1;0;1;0;0;0;0;0;1
11;1;1100312.0;2018;3;12;5;3;5;5;0;1;1;0;0;0;0;0;0;0;1
11;1;1300836.0;2018;3;17;6;3;1;1;0;0;1;0;0;0;0;0;0;0;1
11;3;3300413.0;2018;3;10;5;2;2;6;0;0;1;0;0;0;0;0;0;0;1
11;5;5300841.0;2018;3;17;6;3;1;5;1;0;1;0;0;0;1;1;0;0;1
11;5;5100211.0;2018;3;7;3;3;5;2;0;0;1;0;0;0;0;0;0;0;1
11;9;9501838.0;2018;3;7;6;3;0;1;0;1;0;0;0;0;0;2;0;0;1
11;3;3701554.0;2018;3;7;6;3;1;5;0;0;1;0;0;1;0;0;0;0;1
11;3;3601245.0;2018;3;11;5;3;2;2;0;1;1;0;0;0;0;0;0;0;1
11;1;1100102.0;2018;3;15;6;3;5;2;0;1;1;0;0;0;0;0;0;0;1
11;8;8100104.0;2018;3;15;6;3;2;6;0;0;1;0;1;0;0;0;0;0;1
11;3;3500934.0;2018;3;11;5;3;5;3;0;0;1;0;0;0;0;0;0;0;1
11;4;4200308.0;2018;3;15;6;3;5;3;0;0;1;0;0;0;0;0;0;0;1
11;4;4300414.0;2018;3;10;5;3;6;7;0;0;1;1;0;0;0;0;0;0;1
11;7;7400823.0;2018;3;15;6;2;5;3;0;0;1;0;0;1;0;0;0;0;1
11;12;12100205.0;2018;3;8;2;3;0;1;0;1;0;0;0;0;0;2;0;0;1
11;1;1100102.0;2018;3;22;5;3;0;7;2;0;1;0;0;0;0;1;0;0;1
11;2;2500728.0;2018;3;22;5;3;6;7;2;1;0;1;0;0;0;0;0;0;1
11;5;5200526.0;2018;3;15;5;3;6;4;0;0;1;1;0;0;0;0;0;0;1
11;10;10300732.0;2018;3;9;5;3;2;7;0;0;1;0;0;0;0;0;0;0;1
11;3;3400724.0;2018;3;17;5;3;5;3;0;1;1;0;0;0;0;0;0;0;1
11;2;2400625.0;2018;3;19;3;2;5;3;2;0;1;0;0;0;1;2;0;0;1
11;6;6300634.0;2018;3;21;5;3;5;5;2;0;1;0;1;0;0;1;0;0;1
11;9;9501737.0;2018;3;19;5;3;5;2;2;1;1;0;0;0;0;0;0;0;1
11;1;1100308.0;2018;3;9;5;3;5;2;0;1;1;0;0;0;0;0;0;0;1
11;1;1400938.0;2018;3;14;5;3;2;6;0;0;1;0;0;0;0;1;0;0;1
11;6;6300630.0;2018;3;13;5;3;2;2;0;0;1;0;0;0;0;1;0;0;1
11;2;2100104.0;2018;3;9;5;3;5;2;0;1;1;0;0;0;0;0;0;0;1
11;2;2500833.0;2018;3;15;4;3;0;6;0;0;1;0;0;0;1;1;0;0;1
11;10;10100312.0;2018;3;12;5;3;5;2;0;1;1;0;0;0;0;1;0;0;1
11;7;7501134.0;2018;3;9;5;3;5;3;0;0;1;0;0;0;0;0;0;0;1
11;4;4100102.0;2018;3;18;5;3;6;4;2;0;1;1;0;0;0;0;0;0;1
11;2;2300419.0;2018;3;9;5;3;2;6;0;0;1;0;0;0;0;0;0;0;1
11;7;7200308.0;2018;3;18;5;3;5;3;2;0;1;0;0;0;0;0;0;0;1
11;8;8100521.0;2018;3;8;5;3;5;3;0;0;1;0;0;0;0;0;0;0;1
11;9;9200715.0;2018;3;8;5;3;2;6;0;0;1;0;0;0;0;0;0;0;1
11;9;9200715.0;2018;3;6;5;3;5;2;1;1;0;0;0;1;0;1;0;0;1
11;8;8100104.0;2018;3;22;5;3;2;3;2;0;1;0;0;0;0;0;0;0;1
11;7;7100205.0;2018;3;10;5;3;5;3;0;0;1;0;0;0;0;1;0;0;1
11;10;10200524.0;2018;3;8;5;3;0;6;0;1;0;0;0;0;1;0;0;0;1
11;5;5100211.0;2018;3;14;3;3;0;3;0;0;1;0;1;0;0;0;0;0;1
11;12;12500926.0;2018;3;10;5;3;6;2;0;0;0;1;0;0;1;0;0;0;1
11;3;3601142.0;2018;3;20;5;3;6;4;2;0;1;1;0;0;0;0;0;0;1
11;2;2100104.0;2018;3;17;5;3;0;3;2;0;1;0;1;0;0;0;0;0;1
11;3;3400723.0;2018;3;10;5;3;1;5;0;1;1;0;0;0;0;1;0;0;1
11;2;2400520.0;2018;2;8;4;3;6;3;0;0;1;1;0;0;0;0;0;0;1
11;11;11401136.0;2018;3;7;5;3;2;2;0;0;1;0;0;0;0;0;0;0;1
11;5;5200631.0;2018;3;8;5;3;5;5;0;0;1;0;0;0;0;1;0;0;1
11;5;5200423.0;2018;3;7;5;2;6;4;0;0;1;1;0;0;0;0;0;0;1
11;9;9401534.0;2018;3;10;5;3;2;2;0;0;1;1;0;0;0;1;0;0;1
11;1;1100312.0;2018;3;17;5;3;1;5;2;1;1;0;0;0;0;0;0;0;1
11;3;3601449.0;2018;3;10;3;3;6;4;0;1;0;1;0;0;0;0;0;0;1
11;9;9200717.0;2018;3;15;5;3;5;3;0;0;1;0;0;0;0;0;0;0;1
11;6;6300633.0;2018;3;7;5;3;5;3;0;1;1;0;0;0;0;1;0;0;1
11;3;3601453.0;2018;3;17;5;3;5;3;2;1;1;0;0;0;0;0;0;0;1
11;1;1401048.0;2018;3;16;3;3;6;4;0;0;1;1;0;0;0;0;0;0;1
11;8;8200726.0;2018;3;15;5;2;6;4;0;0;1;1;0;0;0;0;0;0;1
11;5;5300736.0;2018;3;14;5;3;2;6;0;0;1;0;0;0;0;0;0;0;1
11;9;9401534.0;2018;3;15;5;3;6;3;0;0;1;1;0;0;0;0;0;0;1
11;2;2500832.0;2018;3;9;5;3;0;7;0;1;0;0;0;0;0;1;0;0;1
11;1;1100311.0;2018;3;8;4;3;5;3;0;1;1;0;0;0;0;0;0;0;1
11;6;6200421.0;2018;3;14;5;2;3;3;0;1;1;0;0;1;0;0;0;0;1
11;3;3500932.0;2018;3;19;4;2;5;2;2;0;1;0;0;0;0;1;0;0;1
11;9;9300920.0;2018;3;14;5;3;5;3;0;1;1;0;0;0;0;0;0;0;1
11;8;8100207.0;2018;3;18;4;3;2;2;2;0;1;0;0;0;0;1;0;0;1
11;7;7601238.0;2018;3;5;3;3;5;7;2;0;1;0;1;0;0;0;0;0;1
11;6;6100102.0;2018;3;17;4;3;5;3;0;0;1;0;0;0;0;0;0;0;1
11;1;1100101.0;2018;3;12;4;3;2;6;0;0;1;0;0;0;0;1;0;0;1
11;6;6400737.0;2018;3;14;5;3;5;2;0;1;1;0;0;0;0;0;0;0;1
11;4;4400835.0;2018;3;10;4;3;2;7;0;0;1;0;0;0;0;1;0;0;1
11;8;8200623.0;2018;3;10;4;3;5;2;0;0;1;0;0;0;0;1;0;0;1
11;10;10400837.0;2018;3;13;5;2;5;3;0;0;1;0;0;0;0;0;0;0;1
11;2;2400623.0;2018;3;9;4;3;5;3;0;1;1;0;0;0;0;1;0;0;1
11;1;1300730.0;2018;3;8;4;3;5;7;0;0;1;0;0;0;0;1;0;0;1
11;1;1100309.0;2018;3;13;5;3;5;2;0;1;1;0;0;0;0;0;0;0;1
11;1;1100206.0;2018;3;8;4;3;5;3;0;0;1;0;0;0;0;1;0;0;1
11;10;10200421.0;2018;3;13;5;3;5;3;0;0;1;0;0;0;0;0;0;0;1
11;1;1100207.0;2018;3;13;4;3;1;5;0;0;1;0;0;0;0;1;0;0;1
11;12;12601236.0;2018;3;20;3;3;6;2;2;0;1;1;0;0;0;1;0;0;1
11;2;2500728.0;2018;3;7;4;3;6;4;0;0;1;1;0;0;0;1;0;0;1
11;9;9502043.0;2018;3;5;4;3;0;1;2;0;1;0;0;0;1;2;0;0;1
11;4;4501153.0;2018;3;13;5;3;5;2;0;1;1;0;0;0;0;0;0;0;1
11;5;5200420.0;2018;3;8;4;2;5;3;0;1;1;0;0;0;0;2;0;0;1
11;2;2300314.0;2018;3;2;4;3;6;4;2;0;0;1;0;0;1;1;0;0;1
11;2;2200209.0;2018;2;13;4;3;5;2;0;1;0;0;0;0;1;0;0;0;1
11;9;9100306.0;2018;3;13;4;3;2;6;0;0;1;0;0;0;0;1;0;0;1
11;4;4501042.0;2018;3;23;4;3;6;4;2;0;1;1;0;0;0;0;0;0;1
11;3;3500933.0;2018;2;14;4;2;6;4;0;0;1;1;0;0;0;0;0;0;1
11;11;11400931.0;2018;2;13;4;3;6;2;0;0;1;1;0;0;0;0;0;0;1
11;3;3601245.0;2018;3;21;4;2;1;1;2;0;1;0;0;0;0;1;0;0;1
11;11;11300721.0;2018;2;13;4;3;2;2;0;0;1;0;0;0;0;0;0;0;1
11;6;6100205.0;2018;3;15;2;3;2;6;0;0;1;0;0;0;0;0;0;0;1
11;2;2400623.0;2018;3;18;4;3;2;6;2;0;1;0;0;0;0;1;0;0;1
11;9;9301025.0;2018;3;18;4;2;5;3;2;1;1;0;0;0;0;1;0;0;1
11;3;3200206.0;2018;2;12;4;3;5;2;0;1;1;0;0;0;0;0;0;0;1
11;4;4400833.0;2018;3;18;4;2;5;2;1;0;1;0;0;0;0;1;0;0;1
11;5;5200631.0;2018;2;12;4;3;6;2;0;0;1;1;0;0;0;0;0;0;1
11;4;4501149.0;2018;3;17;4;3;7;7;0;1;0;0;0;0;0;1;0;0;1
11;2;2100101.0;2018;2;11;4;3;2;6;0;0;1;0;0;0;1;0;0;0;1
11;7;7100103.0;2018;3;17;3;2;5;3;1;1;1;0;0;0;0;1;0;0;1
11;10;10200629.0;2018;2;11;4;3;5;3;0;0;1;0;0;0;0;0;0;0;1
11;4;4100101.0;2018;2;11;4;3;2;6;0;0;1;0;0;0;1;0;0;0;1
11;6;6100101.0;2018;3;15;4;3;2;2;0;0;1;0;0;1;1;1;0;0;1
11;2;2300314.0;2018;2;20;4;3;6;2;2;0;1;1;0;0;0;0;0;0;1
11;9;9100409.0;2018;3;10;3;3;5;2;0;0;1;0;0;0;0;1;0;0;1
11;1;1300834.0;2018;3;13;2;3;5;2;0;0;1;0;0;0;0;1;0;0;1
11;10;10200418.0;2018;3;19;3;3;5;2;2;0;1;0;0;0;0;0;0;0;1
11;8;8100415.0;2018;3;14;2;3;5;3;0;0;1;0;0;0;1;0;0;0;1
11;1;1100205.0;2018;3;19;3;3;5;3;2;1;1;0;0;0;0;0;0;0;1
11;11;11300722.0;2018;3;16;2;3;6;4;0;0;0;1;0;0;1;0;0;0;1
11;3;3601140.0;2018;3;16;2;3;5;2;0;1;1;0;0;0;0;0;0;0;1
11;11;11501339.0;2018;3;19;3;2;6;4;2;0;1;1;0;0;0;1;0;0;1
11;8;8200832.0;2018;3;13;2;3;6;4;0;0;0;1;0;1;0;0;0;0;1
11;4;4501146.0;2018;3;7;2;3;6;4;1;1;0;1;0;0;0;0;0;0;1
11;11;11401033.0;2018;3;13;2;2;6;4;0;0;0;1;1;0;0;1;0;0;1
11;8;8100314.0;2018;3;18;3;3;0;6;1;0;1;0;1;0;0;0;0;0;1
11;10;10100102.0;2018;3;16;2;2;5;2;0;0;1;0;1;0;0;0;0;0;1
11;10;10200420.0;2018;3;18;3;3;5;3;2;0;1;0;0;0;0;1;0;0;1
11;7;7601443.0;2018;3;4;2;3;6;6;2;0;1;1;0;0;0;0;0;0;1
11;1;1200517.0;2018;3;18;3;3;2;2;2;0;1;0;0;0;0;0;0;0;1
11;10;10100206.0;2018;3;16;3;2;6;4;0;0;1;1;0;0;0;0;0;0;1
11;6;6200316.0;2018;3;15;2;3;2;2;0;1;1;0;0;0;0;0;0;0;1
11;12;12200308.0;2018;3;16;3;3;2;6;0;1;1;0;0;0;0;1;0;0;1
11;3;3601245.0;2018;3;14;2;3;3;6;0;0;1;0;0;0;0;0;0;0;1
11;4;4501147.0;2018;3;15;3;3;0;5;0;1;1;0;0;0;0;0;0;0;1
11;12;12100204.0;2018;3;14;3;3;5;3;0;0;1;0;0;0;0;0;0;0;1
11;7;7300619.0;2018;3;15;2;3;5;3;0;0;1;0;0;0;0;0;0;0;1
11;1;1100101.0;2018;3;5;3;3;5;7;2;0;1;0;1;0;0;0;0;0;1
11;9;9502043.0;2018;3;7;3;3;5;2;0;1;1;0;0;0;0;0;0;0;1
11;4;4200311.0;2018;3;14;2;2;5;3;0;0;1;0;0;0;0;1;0;0;1
11;5;5200528.0;2018;3;7;3;3;5;2;0;0;1;0;0;0;0;1;0;0;1
11;1;4501042.0;2018;3;13;2;3;0;1;0;1;0;0;0;0;0;1;0;0;1
11;8;8100104.0;2018;3;8;3;3;5;2;0;1;1;0;0;0;0;1;0;0;1
11;1;1300834.0;2018;3;18;2;3;3;6;0;0;1;0;0;0;0;0;0;0;1
11;12;12400618.0;2018;3;9;3;3;4;6;0;0;1;0;0;0;0;2;0;0;1
11;12;12200310.0;2018;3;11;3;3;6;2;0;0;1;1;0;0;0;1;0;0;1
11;7;7601238.0;2018;3;18;2;3;2;6;0;0;1;0;0;0;0;0;0;0;1
11;6;6200313.0;2018;3;11;3;3;2;6;0;0;0;0;0;1;0;1;0;0;1
11;1;1100308.0;2018;3;18;2;3;5;3;0;1;1;0;0;0;0;0;0;0;1
11;1;1300836.0;2018;3;13;3;3;2;6;0;0;1;0;0;0;1;1;0;0;1
11;1;1100309.0;2018;3;17;2;3;5;2;0;1;1;0;0;0;0;0;0;0;1
11;1;1200628.0;2018;3;5;2;3;6;4;2;0;1;1;0;0;0;0;0;0;1
11;1;1401043.0;2018;3;16;2;3;4;6;0;0;1;0;0;0;0;0;0;0;1
11;12;12400617.0;2018;3;17;2;3;5;3;0;0;1;0;0;0;0;0;0;0;1
11;12;12100102.0;2018;3;16;2;2;4;2;0;0;1;0;0;0;0;0;0;0;1
11;1;1100309.0;2018;3;15;2;3;3;6;0;1;1;0;0;0;0;0;0;0;1
11;2;2200210.0;2018;3;16;2;3;2;6;0;0;1;0;1;0;0;0;0;0;1
11;3;3701555.0;2018;3;18;1;3;5;5;1;0;1;0;1;0;0;0;0;0;1
11;6;6400841.0;2018;3;15;2;3;5;2;0;1;0;0;0;0;1;0;0;0;1
11;9;9200818.0;2018;3;17;1;3;2;6;0;0;1;0;0;0;0;0;0;0;1
11;9;9501939.0;2018;3;15;2;3;2;6;0;0;1;0;0;0;0;0;0;0;1
11;1;1401049.0;2018;3;17;1;3;2;6;0;0;1;0;0;0;0;0;0;0;1
11;8;8100312.0;2018;3;15;2;3;5;2;0;0;1;0;0;0;0;0;0;0;1
11;2;2500832.0;2018;3;14;1;3;6;2;0;0;1;1;0;0;0;0;0;0;1
11;3;3701658.0;2018;3;15;1;3;1;5;0;1;1;0;0;0;0;0;0;0;1
11;4;4500939.0;2018;3;9;2;3;5;3;0;1;1;0;0;0;0;0;0;0;1
11;10;10100311.0;2018;3;12;1;3;5;2;0;0;1;0;0;0;0;0;0;0;1
11;4;4400726.0;2018;3;12;1;3;5;7;0;0;1;0;0;0;0;0;0;0;1
11;3;3500935.0;2018;3;16;2;3;6;7;0;0;1;1;0;0;0;0;0;0;1
11;5;5100314.0;2018;3;11;1;3;2;7;0;0;1;0;0;0;0;0;0;0;1
11;4;4501148.0;2018;3;12;1;2;5;7;0;0;1;0;1;0;0;0;0;0;1
11;2;2500833.0;2018;3;8;2;3;2;6;0;0;1;0;0;0;1;0;0;0;1
11;12;12500930.0;2018;3;17;1;2;5;3;0;0;1;0;0;0;0;0;0;0;1
11;7;7601341.0;2018;3;8;2;3;2;6;0;0;1;0;0;0;0;0;0;0;1
11;1;1100416.0;2018;3;15;1;3;0;1;0;1;0;0;0;0;0;0;0;0;1
11;1;1300836.0;2018;3;15;2;3;6;4;0;0;1;1;0;0;0;0;0;0;1
11;1;1100309.0;2018;3;23;1;3;6;4;2;0;1;1;0;0;0;0;0;0;1
11;11;11300721.0;2018;3;20;1;3;2;6;2;0;1;0;1;0;0;0;0;0;1
11;2;2500832.0;2018;3;7;2;3;5;3;0;1;1;0;0;0;0;0;0;0;1
11;1;1200517.0;2018;3;20;1;3;8;1;2;0;1;0;0;0;0;0;0;0;1
11;5;5100211.0;2018;3;14;2;3;5;3;0;0;1;0;0;0;0;0;0;0;1
11;1;1200517.0;2018;3;14;2;3;2;6;0;0;1;0;0;0;0;0;0;0;1
11;1;1300834.0;2018;3;19;1;3;6;2;2;0;1;1;0;0;0;0;0;0;1
11;3;3601346.0;2018;3;13;1;3;5;2;0;1;1;0;0;0;0;0;0;0;1
11;4;4400830.0;2018;3;14;2;3;5;2;0;1;1;0;0;0;0;0;0;0;1
11;7;7100204.0;2018;3;14;2;3;1;5;0;0;1;0;1;0;0;0;0;0;1
11;11;11200411.0;2018;3;10;1;2;8;1;0;0;1;0;0;0;0;0;0;0;1
11;7;7601341.0;2018;3;14;2;3;2;6;0;0;1;0;0;0;0;0;0;0;1
11;5;5100316.0;2018;3;10;1;3;1;5;0;0;1;0;0;0;0;0;0;0;1
11;5;5100211.0;2018;3;16;2;3;6;4;0;1;0;1;0;0;0;0;0;0;1
11;7;7400721.0;2018;3;8;1;3;6;7;0;0;0;1;0;0;1;0;0;0;1
11;1;1300733.0;2018;3;13;2;3;5;3;0;0;1;0;0;0;0;0;0;0;1
11;3;3601142.0;2018;3;11;2;3;2;2;0;0;1;0;0;0;0;0;0;0;1
11;5;5100317.0;2018;3;8;1;2;5;3;0;0;1;0;0;0;1;0;0;0;1
11;7;7601237.0;2018;3;15;2;3;5;3;0;0;1;0;0;0;0;0;0;0;1
11;4;4300517.0;2018;3;16;2;3;6;7;0;0;1;1;0;0;0;0;0;0;1
11;9;9501838.0;2018;3;7;1;2;9;1;0;0;1;0;0;0;0;0;0;0;1
11;1;1300836.0;2018;3;17;2;2;5;2;0;1;1;0;0;0;0;0;0;0;1
11;9;9401329.0;2018;3;17;2;3;2;7;1;0;1;0;0;0;0;0;0;0;1
11;1;1100310.0;2018;3;3;1;3;5;3;2;0;1;0;0;0;0;0;0;0;1
11;7;7501029.0;2018;3;9;2;3;2;6;0;0;1;0;0;0;1;0;0;0;1
11;5;5100316.0;2018;3;20;7;3;2;2;2;0;1;0;0;0;0;0;0;0;1
11;11;11100309.0;2018;3;18;2;3;6;4;1;0;1;1;0;0;0;0;0;0;1
11;10;10200420.0;2018;3;20;7;3;2;6;2;0;1;0;0;0;0;0;0;0;1
11;6;6100101.0;2018;3;20;2;3;5;2;2;1;1;0;0;0;0;0;0;0;1
11;5;5200629.0;2018;3;13;2;3;0;6;0;0;1;0;0;0;1;0;0;0;1
11;11;11200512.0;2018;3;20;7;2;0;1;2;1;0;0;0;0;0;0;0;0;1
11;4;4300619.0;2018;3;20;2;3;5;2;2;0;1;0;0;0;0;0;0;0;1
11;8;8200832.0;2018;3;18;2;3;2;6;1;0;1;0;0;0;0;0;0;0;1
11;9;9300920.0;2018;3;19;7;2;9;1;2;0;0;0;1;0;0;0;0;0;1
11;3;3601245.0;2018;3;18;7;3;5;2;1;0;1;0;1;0;0;0;0;0;1
11;5;5100104.0;2018;3;5;2;3;5;3;0;0;1;0;0;0;0;0;0;0;1
11;8;8100105.0;2018;3;17;7;3;3;6;0;0;1;0;0;0;0;0;0;0;1
11;1;1300835.0;2018;3;5;2;3;0;2;2;0;1;0;0;0;1;0;0;0;1
11;2;2400624.0;2018;3;16;7;3;5;2;0;1;1;0;0;0;0;0;0;0;1
11;4;4500939.0;2018;3;12;1;3;5;2;0;0;1;0;0;0;0;0;0;0;1
11;3;3601346.0;2018;3;16;7;2;5;7;0;0;0;0;1;0;1;0;0;0;1
11;4;4501041.0;2018;3;17;1;3;0;6;1;0;1;0;1;0;0;0;0;0;1
11;8;8401241.0;2018;3;15;1;3;5;3;0;0;1;0;0;0;1;0;0;0;1
11;3;3200205.0;2018;3;14;7;3;2;2;0;0;1;0;1;0;0;0;0;0;1
11;1;1100309.0;2018;3;20;1;3;1;5;2;1;1;0;0;0;1;0;0;0;1
11;1;1100206.0;2018;3;13;7;2;6;4;0;1;0;1;0;0;0;0;0;0;1
11;5;5100104.0;2018;3;16;1;3;2;4;0;0;1;1;0;0;0;0;0;0;1
11;8;8200831.0;2018;3;12;7;3;6;7;0;0;1;1;0;0;0;0;0;0;1
11;6;6300631.0;2018;3;11;7;3;6;4;0;0;1;1;0;0;0;0;0;0;1
11;1;1300732.0;2018;3;8;1;3;6;2;0;0;1;1;0;0;0;0;0;0;1
11;11;11200514.0;2018;3;10;7;3;1;7;0;0;1;0;0;0;0;0;0;0;1
11;9;9200819.0;2018;3;10;7;3;2;6;0;0;1;0;0;0;0;0;0;0;1
11;8;8401244.0;2018;3;9;1;3;2;6;0;0;1;0;0;0;1;0;0;0;1
11;4;4300620.0;2018;3;5;1;2;8;1;2;0;1;0;1;0;0;0;0;0;1
11;8;8100314.0;2018;3;9;7;3;5;3;0;0;1;0;0;0;1;0;0;0;1
11;5;5100210.0;2018;3;12;1;3;2;6;0;0;1;0;0;0;0;0;0;0;1
11;7;7300516.0;2018;3;0;7;3;5;2;2;0;1;0;0;0;1;0;0;0;1
11;9;9100407.0;2018;3;3;7;2;8;1;2;0;1;0;0;0;0;0;0;0;1
11;7;7601339.0;2018;3;6;1;3;1;1;0;0;1;0;0;0;0;0;0;0;1
11;5;5100315.0;2018;3;18;6;3;5;3;2;0;1;0;0;0;0;0;0;0;1
11;1;1400937.0;2018;3;13;1;2;9;1;0;0;1;0;0;0;0;0;0;0;1
11;2;2200211.0;2018;3;17;6;3;3;6;0;1;1;0;0;0;0;0;0;0;1
11;11;11400931.0;2018;3;9;6;3;6;7;0;0;0;1;0;0;1;0;0;0;1
11;8;8100102.0;2018;3;21;7;3;6;4;2;0;1;1;0;0;0;0;0;0;1
11;3;3601142.0;2018;3;5;6;3;5;3;1;0;1;0;0;0;0;1;0;0;1
11;4;4200309.0;2018;3;23;6;2;1;7;2;0;1;0;0;0;0;0;0;0;1
11;1;1100103.0;2018;3;2;7;3;7;7;2;0;0;0;1;0;0;0;0;0;1
11;1;1200628.0;2018;3;3;7;2;8;1;2;0;1;0;0;0;0;0;0;0;1
11;2;2200210.0;2018;3;9;6;3;5;3;0;1;1;0;0;0;0;0;0;0;1
11;2;2400623.0;2018;3;9;7;3;0;4;0;0;0;1;0;0;1;0;0;0;1
11;1;1300836.0;2018;3;16;6;3;5;2;0;0;1;0;0;0;0;0;0;0;1
11;9;9501737.0;2018;3;11;7;3;2;6;0;0;1;0;0;0;0;0;0;0;1
11;1;1200624.0;2018;3;14;6;3;2;6;0;0;1;0;0;0;0;1;0;0;1
11;1;1300836.0;2018;3;12;7;3;2;6;0;0;1;0;0;0;0;0;0;0;1
11;9;9100304.0;2018;3;0;7;2;1;1;2;0;1;0;0;0;0;1;0;0;1
11;10;10400938.0;2018;3;14;6;3;2;6;0;0;1;0;0;0;0;0;0;0;1
11;9;9200717.0;2018;3;0;7;3;5;3;2;0;1;0;0;0;0;2;0;0;1
11;12;12601134.0;2018;3;15;7;3;5;3;0;1;1;0;0;0;0;0;0;0;1
11;1;1100416.0;2018;3;13;6;3;1;5;0;0;1;0;0;0;0;1;0;0;1
11;2;2100105.0;2018;3;15;7;3;5;3;0;0;1;0;0;0;0;0;0;0;1
11;3;3300413.0;2018;3;17;6;3;5;2;0;0;1;0;0;0;1;0;0;0;1
11;6;6200422.0;2018;3;15;7;3;1;5;0;0;1;0;0;0;0;0;0;0;1
11;12;12500926.0;2018;3;16;7;3;0;2;0;0;0;0;0;0;1;0;0;0;1
11;11;11400928.0;2018;3;17;6;3;5;2;0;1;1;0;0;0;0;0;0;0;1
11;7;7501030.0;2018;3;17;6;3;2;2;1;0;1;0;0;0;0;2;0;0;1
11;4;4501044.0;2018;3;17;6;3;2;6;0;0;1;0;0;0;0;0;0;0;1
11;3;3400723.0;2018;3;13;6;3;6;4;0;0;1;1;0;0;0;0;0;0;1
11;7;7300516.0;2018;3;17;6;3;2;6;1;0;1;0;0;0;0;0;0;0;1
11;10;10100210.0;2018;3;14;6;3;5;3;0;1;0;0;0;0;1;0;0;0;1
11;2;2300417.0;2018;3;21;6;2;6;4;2;0;0;1;0;0;1;2;0;0;1
11;1;1100309.0;2018;3;19;6;3;3;6;2;1;1;0;0;0;0;0;0;0;1
11;8;8100520.0;2018;3;19;6;3;2;6;2;0;1;0;0;0;0;2;0;0;1
11;2;2200212.0;2018;3;21;6;3;2;6;2;0;1;0;0;0;0;0;0;0;1
11;6;6200420.0;2018;3;18;6;3;1;1;2;0;1;0;1;0;0;2;0;0;1
11;4;4200311.0;2018;3;5;6;3;5;2;2;0;1;0;0;0;0;1;0;0;1
11;6;6400735.0;2018;3;13;6;3;8;1;0;0;1;0;0;0;0;1;0;0;1