LAND;BEZ;LOR_ab_2021;UJAHR;UMONAT;USTUNDE;UWOCHENTAG;UKATEGORIE;UART;UTYP1;ULICHTVERH;IstRad;IstPKW;IstFuss;IstKrad;IstGkfz;IstSonstige;USTRZUSTAND;LOCKDOWN;COVID;FERIEN
11;4;4501041.0;2018;4;14;6;3;2;6;0;0;1;0;0;0;0;0;0;0;1
11;7;7601546.0;2018;3;19;6;3;1;1;1;0;1;0;1;0;0;0;0;0;1
11;2;2300419.0;2018;3;18;6;2;0;1;1;1;0;0;0;0;0;0;0;0;1
11;12;12500930.0;2018;4;19;3;3;5;2;0;0;1;0;0;0;0;0;0;0;1
11;12;12200412.0;2018;4;17;6;3;5;7;0;0;1;0;0;0;0;0;0;0;1
11;4;4300416.0;2018;3;16;6;2;5;3;0;1;1;0;0;0;0;0;0;0;1
11;5;5300737.0;2018;3;15;6;3;5;3;0;0;1;0;1;0;0;0;0;0;1
11;1;1200624.0;2018;4;15;6;3;0;6;0;0;1;0;1;0;0;0;0;0;1
11;3;3601450.0;2018;4;20;2;3;5;2;1;1;1;0;0;0;0;0;0;0;1
11;4;4501042.0;2018;4;9;6;3;3;6;0;0;1;0;0;1;0;0;0;0;1
11;8;8100418.0;2018;3;15;6;3;1;1;0;0;1;0;1;0;0;0;0;0;1
11;4;4501042.0;2018;4;19;3;3;3;6;0;1;0;0;0;0;1;0;0;0;1
11;10;10100104.0;2018;4;9;6;3;5;3;0;0;1;0;0;0;0;0;0;0;1
11;7;7400720.0;2018;3;14;6;3;5;2;0;1;1;0;0;0;0;0;0;0;1
11;3;3100102.0;2018;4;18;6;2;5;2;0;1;1;0;0;0;0;0;0;0;1
11;11;11300721.0;2018;3;13;6;3;2;6;0;0;1;0;0;0;0;0;0;0;1
11;12;12100103.0;2018;4;18;3;3;5;2;0;0;1;0;0;0;0;0;0;0;1
11;4;4400834.0;2018;4;11;6;3;0;6;0;0;1;0;0;0;0;0;0;0;1
11;1;1401046.0;2018;4;23;6;3;5;2;2;0;1;0;0;0;0;0;0;0;1
11;4;4300412.0;2018;4;15;3;3;3;6;0;0;1;0;1;0;0;0;0;0;1
11;8;8300934.0;2018;3;11;6;3;2;2;0;0;0;0;1;0;1;0;0;0;1
11;1;1100102.0;2018;4;19;6;3;2;6;1;0;1;0;0;0;0;0;0;0;1
11;7;7400824.0;2018;4;18;6;3;2;6;1;0;1;0;0;0;0;0;0;0;1
11;11;11100308.0;2018;3;10;6;3;5;2;0;1;1;0;0;0;0;0;0;0;1
11;12;12500929.0;2018;4;18;6;3;6;4;0;0;1;1;0;0;0;0;0;0;1
11;1;1100102.0;2018;3;22;6;2;0;7;2;0;0;0;0;0;1;0;0;0;1
11;7;7400825.0;2018;4;18;6;3;6;4;0;1;0;1;0;0;0;0;0;0;1
11;11;11501340.0;2018;4;19;2;3;6;4;1;0;1;1;0;0;0;0;0;0;1
11;11;11300617.0;2018;4;17;6;3;8;1;0;0;1;0;0;0;0;0;0;0;1
11;9;9200613.0;2018;3;12;5;3;2;6;0;0;1;0;0;1;0;1;0;0;1
11;1;1100311.0;2018;4;18;3;3;5;2;0;1;1;0;0;0;0;0;0;0;1
11;8;8100419.0;2018;4;17;6;3;5;2;0;1;1;0;0;0;0;0;0;0;1
11;5;5200527.0;2018;3;9;5;3;2;6;0;0;1;0;0;0;0;0;0;0;1
11;1;1401049.0;2018;4;17;6;3;5;2;0;1;1;0;0;0;0;0;0;0;1
11;5;5100316.0;2018;3;20;5;3;5;2;2;0;1;0;1;0;0;0;0;0;1
11;7;7501031.0;2018;4;16;6;3;2;6;0;0;1;0;0;0;0;0;0;0;1
11;4;4400833.0;2018;4;17;6;2;5;3;0;0;1;0;0;0;0;0;0;0;1
11;4;4200308.0;2018;4;14;3;2;5;2;0;0;1;0;1;0;0;0;0;0;1
11;1;1100313.0;2018;3;20;5;3;3;6;2;1;1;0;0;0;0;0;0;0;1
11;3;3601243.0;2018;4;17;6;3;1;5;0;1;1;0;0;0;0;0;0;0;1
11;3;3701554.0;2018;3;19;5;3;5;7;1;0;1;0;1;0;0;0;0;0;1
11;4;4400832.0;2018;4;16;6;3;0;2;0;1;1;0;0;0;0;0;0;0;1
11;12;12601235.0;2018;3;18;5;3;0;2;1;1;1;0;0;0;0;0;0;0;1
11;12;12500930.0;2018;4;16;6;3;5;2;0;1;1;0;0;0;0;0;0;0;1
11;1;1401046.0;2018;3;18;5;3;5;3;0;1;1;0;0;0;0;0;0;0;1
11;12;12200411.0;2018;3;17;5;3;2;2;0;0;1;0;0;0;0;0;0;0;1
11;4;4100101.0;2018;4;17;3;3;5;2;0;0;1;0;0;0;1;0;0;0;1
11;11;11300617.0;2018;4;15;6;3;2;6;0;0;1;0;0;0;0;0;0;0;1
11;8;8401241.0;2018;3;16;5;3;5;2;0;0;1;0;0;0;1;0;0;0;1
11;10;10100102.0;2018;3;16;5;3;5;3;0;0;1;0;0;0;0;0;0;0;1
11;1;1100310.0;2018;4;15;6;3;0;1;0;0;1;0;1;0;0;0;0;0;1
11;11;11300617.0;2018;4;15;6;3;3;2;0;0;1;0;0;0;0;0;0;0;1
11;9;9200613.0;2018;4;11;3;3;5;3;0;1;1;0;0;0;0;0;0;0;1
11;8;8100209.0;2018;3;15;5;3;2;6;0;0;1;0;0;0;0;0;0;0;1
11;8;8200624.0;2018;4;15;6;2;6;4;0;0;1;1;0;0;0;0;0;0;1
11;4;4501146.0;2018;3;15;5;3;5;2;0;1;1;0;0;0;0;0;0;0;1
11;1;1300834.0;2018;4;15;6;2;6;4;0;0;1;1;0;0;0;0;0;0;1
11;11;11401136.0;2018;3;14;5;3;5;3;0;0;1;0;0;0;1;0;0;0;1
11;12;12100102.0;2018;3;14;5;3;6;4;0;0;1;1;0;0;0;0;0;0;1
11;3;3200308.0;2018;4;16;3;3;0;3;0;0;1;0;1;0;0;0;0;0;1
11;11;11200411.0;2018;4;13;6;3;0;6;0;1;0;0;0;0;0;0;0;0;1
11;6;6200313.0;2018;3;13;5;3;0;2;0;0;1;0;0;0;0;0;0;0;1
11;9;9501838.0;2018;3;13;5;3;5;3;0;0;1;0;0;0;0;0;0;0;1
11;1;1100206.0;2018;4;12;6;3;5;3;0;0;1;0;0;0;0;0;0;0;1
11;1;1100206.0;2018;3;12;5;3;3;6;0;1;0;0;0;0;1;0;0;0;1
11;1;1200517.0;2018;4;14;3;2;0;7;0;0;1;1;0;1;0;0;0;0;1
11;4;4300517.0;2018;4;12;6;3;5;2;0;1;1;0;0;0;0;0;0;0;1
11;12;12200310.0;2018;3;12;5;3;2;6;0;0;1;0;0;0;0;0;0;0;1
11;3;3400619.0;2018;4;11;6;2;5;2;0;1;1;0;0;0;0;0;0;0;1
11;4;4300518.0;2018;4;22;2;3;3;6;2;0;1;0;0;0;0;0;0;0;1
11;9;9502043.0;2018;3;11;5;3;6;3;0;0;1;1;0;0;0;1;0;0;1
11;10;10300733.0;2018;4;11;6;3;0;3;0;0;1;0;1;0;0;0;0;0;1
11;7;7100102.0;2018;3;11;5;3;5;3;0;1;1;0;0;0;0;1;0;0;1
11;1;1100308.0;2018;4;13;3;3;2;6;0;0;0;0;1;1;0;0;0;0;1
11;8;8100208.0;2018;4;9;6;3;6;2;0;0;1;1;0;0;0;0;0;0;1
11;1;1100207.0;2018;3;10;5;3;2;6;0;0;1;0;0;1;0;1;0;0;1
11;4;4400835.0;2018;3;10;5;3;1;5;0;1;1;0;0;0;0;1;0;0;1
11;5;5100315.0;2018;4;12;3;3;6;7;0;0;1;1;0;0;0;0;0;0;1
11;10;10100311.0;2018;4;14;2;3;5;2;0;0;1;0;0;0;0;0;0;0;1
11;10;10400938.0;2018;4;8;6;3;5;3;0;1;1;0;0;0;0;0;0;0;1
11;11;11300721.0;2018;3;9;5;3;6;4;0;0;1;1;0;0;0;1;0;0;1
11;10;10100311.0;2018;3;9;5;3;2;6;0;0;1;0;0;0;1;1;0;0;1
11;7;7400720.0;2018;4;9;6;3;5;7;0;0;1;0;0;0;0;0;0;0;1
11;1;1401044.0;2018;4;20;2;2;6;4;2;1;0;1;0;0;0;0;0;0;1
11;4;4300623.0;2018;4;10;6;3;0;7;0;0;1;0;0;0;0;0;0;0;1
11;2;2400522.0;2018;3;8;5;3;3;6;0;1;1;0;0;0;0;0;0;0;1
11;4;4400726.0;2018;4;12;3;3;2;6;0;0;1;0;0;0;0;0;0;0;1
11;5;5100103.0;2018;4;17;2;3;2;6;0;1;1;0;0;0;0;0;0;0;1
11;6;6200313.0;2018;4;9;6;3;8;1;0;0;0;0;1;0;0;0;0;0;1
11;8;8401242.0;2018;3;8;5;2;5;7;0;0;1;0;0;0;0;1;0;0;1
11;5;5400945.0;2018;4;17;3;3;8;1;0;0;0;0;1;0;0;0;0;0;1
11;6;6100206.0;2018;4;20;6;3;2;6;2;0;1;0;0;0;0;0;0;0;1
11;7;7601236.0;2018;3;8;5;3;0;5;0;0;0;0;0;0;1;1;0;0;1
11;10;10400941.0;2018;4;12;5;3;5;3;0;1;1;0;0;0;0;0;0;0;1
11;11;11401137.0;2018;3;1;5;2;5;2;2;0;1;0;0;0;1;1;0;0;1
11;1;1100311.0;2018;4;12;3;3;5;3;0;0;1;0;1;0;0;0;0;0;1
11;1;1100415.0;2018;4;17;5;3;5;7;0;0;1;0;1;0;0;0;0;0;1
11;1;1100102.0;2018;4;16;5;3;2;6;0;0;1;0;0;0;0;1;0;0;1
11;1;1400939.0;2018;3;12;5;3;5;3;0;1;1;0;0;0;0;0;0;0;1
11;11;11501341.0;2018;4;16;5;3;0;1;0;1;1;0;0;0;0;0;0;0;1
11;4;4100101.0;2018;4;18;2;2;0;1;0;0;0;0;0;0;1;0;0;0;1
11;1;1100311.0;2018;4;12;5;3;5;2;0;1;1;0;0;0;0;0;0;0;1
11;12;12200515.0;2018;3;9;4;3;0;3;0;1;0;0;0;0;1;0;0;0;1
11;2;2400522.0;2018;4;12;3;3;5;7;0;0;1;0;0;0;1;0;0;0;1
11;11;11200513.0;2018;4;15;5;3;0;4;0;0;0;1;0;0;1;0;0;0;1
11;6;6100209.0;2018;3;16;4;3;2;2;0;0;1;0;0;0;0;0;0;0;1
11;8;8300934.0;2018;4;14;5;3;0;3;0;0;1;0;0;0;1;0;0;0;1
11;4;4400832.0;2018;3;11;4;3;6;2;0;0;1;1;0;0;0;1;0;0;1
11;4;4500936.0;2018;4;11;3;3;0;6;0;0;1;0;0;0;1;0;0;0;1
11;4;4501042.0;2018;4;14;5;3;6;4;0;0;1;1;0;0;0;0;0;0;1
11;4;4501045.0;2018;4;7;5;3;5;3;0;1;1;0;0;0;0;1;0;0;1
11;3;3200205.0;2018;4;10;5;2;5;3;0;0;1;0;0;0;0;0;0;0;1
11;12;12200412.0;2018;3;13;4;2;2;6;0;0;1;0;0;0;0;1;0;0;1
11;4;4501148.0;2018;4;13;5;3;2;6;0;0;1;0;0;0;0;0;0;0;1
11;7;7400823.0;2018;3;14;4;3;2;6;0;0;1;0;0;0;0;1;0;0;1
11;4;4500939.0;2018;4;11;3;3;5;3;0;1;1;0;0;0;0;1;0;0;1
11;4;4501045.0;2018;4;12;5;3;2;6;0;0;1;0;0;0;0;0;0;0;1
11;9;9200819.0;2018;4;11;5;3;2;6;0;0;1;0;0;0;0;0;0;0;1
11;7;7200409.0;2018;4;15;3;3;1;5;0;0;1;0;1;0;0;0;0;0;1
11;11;11300723.0;2018;3;15;4;3;5;3;0;0;1;0;0;0;0;1;0;0;1
11;6;6200421.0;2018;4;10;5;3;5;2;0;0;1;0;0;0;0;0;0;0;1
11;4;4500939.0;2018;4;9;5;3;2;6;0;0;1;0;0;0;0;0;0;0;1
11;1;1100206.0;2018;3;15;4;3;5;3;0;0;1;0;0;0;0;1;0;0;1
11;3;3400722.0;2018;3;15;4;3;5;3;0;1;1;0;0;0;0;1;0;0;1
11;2;2300315.0;2018;4;11;3;3;5;2;0;0;1;0;0;0;0;0;0;0;1
11;2;2400521.0;2018;4;8;5;3;5;2;0;0;1;0;0;0;1;0;0;0;1
11;9;9200511.0;2018;3;15;4;2;5;7;0;0;1;0;0;0;1;1;0;0;1
11;10;10200420.0;2018;4;7;5;2;5;2;0;1;1;0;0;0;0;0;0;0;1
11;1;1100415.0;2018;4;13;3;2;0;1;0;1;0;0;0;0;0;0;0;0;1
11;12;12500930.0;2018;3;14;4;3;3;6;0;0;1;0;0;0;0;1;0;0;1
11;5;5200423.0;2018;4;5;5;3;5;7;1;0;1;0;1;0;0;0;0;0;1
11;12;12100101.0;2018;3;13;4;2;5;3;0;0;1;0;1;0;1;1;0;0;1
11;10;10300734.0;2018;4;13;3;3;2;6;0;0;1;0;0;0;0;0;0;0;1
11;4;4100101.0;2018;3;10;4;3;5;3;0;0;1;0;0;0;0;1;0;0;1
11;4;4100101.0;2018;4;22;5;3;9;1;2;0;1;0;0;0;0;1;0;0;1
11;9;9100407.0;2018;3;9;4;3;2;6;0;0;1;0;0;0;0;1;0;0;1
11;3;3500934.0;2018;4;5;5;3;8;1;2;0;1;0;0;0;0;1;0;0;1
11;1;1200522.0;2018;3;9;4;3;5;2;0;1;1;0;0;0;0;1;0;0;1
11;8;8401241.0;2018;3;8;4;3;2;2;0;1;1;0;0;0;0;1;0;0;1
11;8;8100209.0;2018;4;11;3;3;2;6;0;0;1;0;0;0;0;0;0;0;1
11;3;3701554.0;2018;4;0;5;3;0;1;2;1;0;0;0;0;0;1;0;0;1
11;1;1200628.0;2018;3;8;4;3;5;2;0;1;1;0;0;0;0;1;0;0;1
11;5;5400943.0;2018;3;20;4;3;5;3;2;0;1;0;0;0;0;0;0;0;1
11;3;3601245.0;2018;4;13;5;3;5;3;0;0;1;0;0;0;0;0;0;0;1
11;10;10100315.0;2018;4;16;2;3;2;2;0;0;1;0;0;0;0;0;0;0;1
11;6;6300525.0;2018;3;20;4;3;5;3;2;1;1;0;0;0;0;1;0;0;1
11;3;3300514.0;2018;4;16;5;3;0;3;0;1;1;0;0;0;0;0;0;0;1
11;7;7400928.0;2018;3;20;4;2;5;7;2;0;1;0;0;0;0;1;0;0;1
11;5;5300737.0;2018;4;10;3;3;2;6;0;0;1;0;0;0;1;0;0;0;1
11;1;2100104.0;2018;4;18;4;3;6;4;0;0;0;1;0;0;1;0;0;0;1
11;12;12500926.0;2018;3;17;4;3;0;6;0;0;1;0;1;0;0;1;0;0;1
11;8;8401243.0;2018;3;17;4;3;5;3;0;0;1;0;0;0;0;1;0;0;1
11;4;4400726.0;2018;4;9;3;3;5;3;0;1;1;0;0;0;0;1;0;0;1
11;4;4501045.0;2018;4;18;4;3;5;2;0;1;1;0;0;0;0;0;0;0;1
11;10;10300732.0;2018;4;17;4;3;2;6;0;0;1;0;0;0;0;0;0;0;1
11;1;1300733.0;2018;3;16;4;3;5;5;0;1;1;0;0;0;0;1;0;0;1
11;7;7400927.0;2018;3;16;4;3;5;3;0;0;1;0;0;0;0;1;0;0;1
11;2;2300316.0;2018;4;20;4;2;5;2;1;0;1;0;1;0;0;0;0;0;1
11;4;4300619.0;2018;3;16;4;3;5;2;0;1;0;0;0;0;1;1;0;0;1
11;1;1100311.0;2018;3;8;3;3;0;6;0;1;1;0;0;0;0;0;0;0;1
11;9;9501736.0;2018;4;17;4;3;0;6;0;0;1;0;1;0;0;0;0;0;1
11;1;1100310.0;2018;4;19;2;3;3;6;1;1;0;0;0;0;0;0;0;0;1
11;2;2500835.0;2018;4;17;4;3;5;3;0;1;1;0;0;0;0;0;0;0;1
11;6;6200422.0;2018;3;23;3;3;5;2;2;0;1;0;0;0;1;0;0;0;1
11;1;1100205.0;2018;4;15;4;3;1;5;0;1;0;0;0;0;1;0;0;0;1
11;1;1100102.0;2018;3;21;3;3;5;2;2;0;0;0;1;0;1;0;0;0;1
11;8;8301036.0;2018;4;16;4;3;5;3;0;0;1;0;0;0;0;0;0;0;1
11;5;5100104.0;2018;3;21;3;3;3;6;2;1;1;0;0;0;0;0;0;0;1
11;9;9301025.0;2018;4;15;4;3;2;6;0;0;1;0;0;0;1;0;0;0;1
11;4;4501043.0;2018;4;15;4;3;1;5;0;0;1;0;0;0;0;0;0;0;1
11;7;7400928.0;2018;4;7;3;2;5;3;0;0;1;0;0;0;0;0;0;0;1
11;8;8100314.0;2018;3;20;3;3;2;7;2;1;1;0;0;0;0;0;0;0;1
11;3;3501037.0;2018;4;15;4;3;2;6;0;0;1;0;0;0;1;0;0;0;1
11;1;1400938.0;2018;4;14;4;3;2;6;0;0;1;0;0;0;0;0;0;0;1
11;7;7601443.0;2018;3;19;3;3;5;3;2;0;1;0;0;0;0;0;0;0;1
11;2;2500726.0;2018;4;14;4;2;5;3;0;1;0;0;0;0;0;0;0;0;1
11;4;4100101.0;2018;4;23;2;3;5;3;2;0;1;0;0;0;0;0;0;0;1
11;4;4501042.0;2018;4;14;4;3;1;7;0;0;0;0;1;0;0;0;0;0;1
11;4;4200311.0;2018;3;19;3;2;5;7;2;0;1;0;1;0;0;0;0;0;1
11;9;9100408.0;2018;4;14;4;3;2;6;0;0;1;0;1;0;0;0;0;0;1
11;4;4200205.0;2018;3;19;3;3;1;5;2;1;1;0;0;0;1;0;0;0;1
11;1;1200518.0;2018;4;14;4;2;1;5;0;1;1;0;0;0;0;0;0;0;1
11;8;8100312.0;2018;3;19;3;3;1;5;1;1;1;0;0;0;1;0;0;0;1
11;12;12100204.0;2018;4;14;4;3;5;2;0;0;1;0;0;0;0;0;0;0;1
11;1;1100311.0;2018;4;13;4;3;9;1;0;0;1;0;0;0;0;0;0;0;1
11;11;11200513.0;2018;4;15;3;3;2;6;0;0;1;0;0;0;0;0;0;0;1
11;1;1200627.0;2018;3;18;3;3;6;4;0;1;0;1;0;0;0;0;0;0;1
11;8;8401241.0;2018;4;11;4;3;1;5;0;0;1;0;0;0;0;0;0;0;1
11;12;12400722.0;2018;4;10;4;3;1;5;0;0;1;0;0;0;0;0;0;0;1
11;4;4300623.0;2018;3;18;3;3;5;2;0;0;1;0;1;0;0;0;0;0;1
11;7;7100101.0;2018;3;9;3;3;2;6;0;0;1;0;1;0;0;0;0;0;1
11;6;6100207.0;2018;4;13;2;3;6;4;0;0;1;1;0;0;0;0;0;0;1
11;12;12200309.0;2018;4;8;4;2;1;5;0;0;1;0;0;0;0;0;0;0;1
11;11;11200513.0;2018;3;9;3;3;5;3;0;0;1;0;0;0;0;0;0;0;1
11;12;12100101.0;2018;3;4;3;3;8;1;2;0;1;0;0;0;0;0;0;0;1
11;2;2200208.0;2018;4;9;4;3;5;2;0;1;1;0;0;0;0;0;0;0;1
11;8;8100102.0;2018;3;1;3;3;1;5;2;1;1;0;0;0;0;0;0;0;1
11;3;3701556.0;2018;3;15;3;3;2;2;0;0;1;0;0;0;1;0;0;0;1
11;1;1100310.0;2018;4;8;4;3;2;6;0;0;1;0;1;0;0;0;0;0;1
11;9;9501736.0;2018;4;8;4;2;6;4;0;0;1;1;0;0;0;0;0;0;1
11;1;1100416.0;2018;4;12;3;3;0;6;0;0;1;0;1;0;0;0;0;0;1
11;1;1400942.0;2018;3;15;3;3;5;3;0;0;1;0;0;0;0;0;0;0;1
11;2;2500834.0;2018;4;20;4;3;0;7;2;1;0;0;0;0;0;0;0;0;1
11;8;8200726.0;2018;3;15;3;3;6;4;0;0;1;1;0;0;0;0;0;0;1
11;12;12200309.0;2018;4;21;4;3;5;2;2;0;1;0;0;0;0;1;0;0;1
11;2;2500834.0;2018;3;14;3;3;5;2;0;1;1;0;0;0;0;0;0;0;1
11;10;10400837.0;2018;3;13;3;3;5;3;0;1;1;0;0;0;0;0;0;0;1
11;7;7601545.0;2018;3;12;3;3;0;4;0;0;0;1;0;0;1;0;0;0;1
11;9;9200613.0;2018;3;13;3;3;5;3;0;0;1;0;0;0;0;0;0;0;1
11;6;6200420.0;2018;4;17;2;3;5;7;0;0;1;0;1;0;0;0;0;0;1
11;5;5300736.0;2018;4;11;4;3;5;2;0;1;0;0;0;0;1;0;0;0;1
11;4;4501042.0;2018;4;14;1;3;1;5;0;1;1;0;0;0;0;0;0;0;1
11;1;1100206.0;2018;4;14;7;3;0;1;0;1;0;0;0;0;0;1;0;0;1
11;7;7100102.0;2018;4;21;3;3;1;5;2;1;1;0;0;0;0;0;0;0;1
11;4;4300517.0;2018;4;22;7;2;0;1;2;1;0;0;0;0;0;0;0;0;1
11;12;12500928.0;2018;4;16;2;3;2;6;0;1;1;0;0;0;0;0;0;0;1
11;10;10400941.0;2018;4;17;6;3;1;5;0;1;1;0;0;0;0;0;0;0;1
11;3;3500935.0;2018;4;1;6;3;0;7;2;0;0;1;0;0;1;1;0;0;1
11;9;9200819.0;2018;4;20;1;3;2;6;2;0;1;0;0;0;1;0;0;0;1
11;7;7501133.0;2018;4;15;6;2;5;2;0;0;1;0;0;0;0;0;0;0;1
11;1;1401049.0;2018;4;14;6;2;5;7;0;0;1;0;0;0;1;0;0;0;1
11;10;10100311.0;2018;4;7;4;3;5;2;0;1;0;0;1;0;0;0;0;0;1
11;2;2100106.0;2018;4;14;1;3;0;2;0;0;1;0;1;0;0;0;0;0;1
11;12;12500930.0;2018;4;17;3;3;5;2;0;0;1;0;0;0;0;0;0;0;1
11;12;12500927.0;2018;4;14;6;2;1;5;0;0;1;0;0;0;0;0;0;0;1
11;9;9100408.0;2018;4;16;2;2;5;3;0;0;1;0;0;0;0;1;0;0;1
11;7;7501030.0;2018;4;14;6;3;6;4;0;0;1;1;0;0;0;0;0;0;1
11;1;1100205.0;2018;4;14;6;3;6;4;0;0;0;1;0;0;1;0;0;0;1
11;3;3100101.0;2018;4;18;2;3;2;6;0;0;1;0;0;0;1;1;0;0;1
11;2;2300418.0;2018;4;14;6;3;0;3;0;0;1;0;0;0;1;0;0;0;1
11;1;1100313.0;2018;4;14;6;3;5;3;0;0;1;0;0;0;0;0;0;0;1
11;3;3400620.0;2018;4;15;1;3;5;3;0;1;1;0;0;0;0;0;0;0;1
11;3;3701658.0;2018;4;13;6;3;2;6;0;0;1;0;0;0;1;0;0;0;1
11;9;9200717.0;2018;4;7;3;3;4;2;0;1;1;0;0;0;0;0;0;0;1
11;3;3701554.0;2018;4;13;1;3;0;7;0;1;1;0;0;0;0;1;0;0;1
11;8;8100521.0;2018;4;16;3;3;5;7;0;1;1;0;0;0;0;0;0;0;1
11;12;12200412.0;2018;4;13;6;3;5;3;0;1;1;0;0;0;0;0;0;0;1
11;7;7100205.0;2018;4;14;2;3;6;4;0;1;0;1;0;0;0;0;0;0;1
11;12;12100205.0;2018;4;13;6;3;2;6;0;0;1;0;0;0;1;1;0;0;1
11;11;11400931.0;2018;4;12;6;3;2;6;0;0;1;0;0;0;1;1;0;0;1
11;3;3300517.0;2018;4;0;4;2;5;3;2;0;1;0;0;0;1;0;0;0;1
11;5;5200629.0;2018;4;13;1;3;2;6;0;0;1;0;0;0;0;0;0;0;1
11;4;4500937.0;2018;4;11;6;3;2;6;0;0;1;0;0;0;0;1;0;0;1
11;4;4200311.0;2018;4;8;3;3;5;2;0;0;1;0;0;0;0;0;0;0;1
11;2;2400625.0;2018;4;11;6;2;6;4;0;0;1;1;0;0;0;1;0;0;1
11;4;4300623.0;2018;4;16;4;3;6;4;0;0;1;1;0;0;0;0;0;0;1
11;1;1100309.0;2018;4;13;1;2;5;3;0;1;0;0;0;0;1;0;0;0;1
11;7;7601341.0;2018;4;11;6;2;5;3;0;0;1;0;0;1;0;1;0;0;1
11;1;1100310.0;2018;4;10;3;3;1;5;0;1;1;0;0;0;1;0;0;0;1
11;8;8200730.0;2018;4;14;3;3;5;7;0;0;1;0;1;0;0;0;0;0;1
11;2;2300418.0;2018;4;10;6;3;5;2;0;1;1;0;0;0;0;1;0;0;1
11;7;7300517.0;2018;4;9;6;3;5;3;0;1;1;0;0;0;0;1;0;0;1
11;8;8200730.0;2018;4;14;2;2;0;6;0;0;1;0;1;0;0;0;0;0;1
11;11;11200513.0;2018;4;9;6;3;5;3;0;0;1;0;0;0;0;1;0;0;1
11;4;4501043.0;2018;4;9;6;3;0;2;0;1;0;0;0;0;1;1;0;0;1
11;12;12500930.0;2018;4;13;4;3;5;2;0;0;1;0;1;0;0;0;0;0;1
11;9;9401635.0;2018;4;11;1;3;5;3;0;1;1;0;0;0;0;0;0;0;1
11;4;4501148.0;2018;4;8;6;3;2;6;0;0;1;0;0;0;0;1;0;0;1
11;5;5200421.0;2018;4;16;3;3;1;7;0;0;1;0;0;0;0;0;0;0;1
11;12;12200412.0;2018;4;8;6;3;4;7;0;0;1;0;0;0;1;0;0;0;1
11;11;11100308.0;2018;4;20;2;3;9;1;1;0;1;0;0;0;0;1;0;0;1
11;10;10200524.0;2018;4;7;6;3;5;3;0;1;1;0;0;0;0;1;0;0;1
11;7;7100102.0;2018;4;7;6;3;5;3;0;1;1;0;0;0;0;0;0;0;1
11;10;10100311.0;2018;4;13;3;3;5;3;0;1;1;0;0;0;0;0;0;0;1
11;1;1300834.0;2018;4;20;6;3;5;3;2;0;1;0;0;0;0;1;0;0;1
11;7;7501032.0;2018;4;18;6;3;6;4;0;0;1;1;0;0;0;0;0;0;1
11;8;8100311.0;2018;4;10;2;2;5;3;0;1;1;0;0;0;0;1;0;0;1
11;4;4200308.0;2018;4;17;6;3;6;4;0;0;1;1;0;0;0;0;0;0;1
11;4;4501042.0;2018;4;17;6;3;5;3;0;0;1;0;0;0;0;0;0;0;1
11;1;1100102.0;2018;4;9;4;3;2;2;0;0;1;0;0;0;0;0;0;0;1
11;6;6200313.0;2018;4;9;1;3;6;7;0;0;0;1;0;0;1;0;0;0;1
11;7;7100205.0;2018;4;16;6;3;5;3;0;1;1;0;0;0;0;0;0;0;1
11;1;1100206.0;2018;4;19;3;3;1;5;0;1;1;0;0;0;0;0;0;0;1
11;1;1100312.0;2018;4;15;6;3;6;7;0;0;1;1;0;0;0;0;0;0;1
11;5;5100316.0;2018;4;21;2;3;1;5;1;0;1;0;0;0;0;0;0;0;1
11;5;5100316.0;2018;4;22;6;2;5;2;2;1;1;0;0;0;0;1;0;0;1
11;1;1300733.0;2018;4;16;6;3;2;6;0;1;1;0;0;0;0;0;0;0;1
11;5;5100104.0;2018;4;16;1;3;0;1;0;0;0;0;1;0;0;0;0;0;1
11;6;6300525.0;2018;4;15;6;2;4;7;0;0;1;0;0;0;0;0;0;0;1
11;3;3300411.0;2018;4;9;4;1;6;2;0;0;1;1;0;0;0;0;0;0;1
11;3;3601245.0;2018;4;4;1;3;5;3;2;0;1;0;0;0;0;0;0;0;1
11;6;6400839.0;2018;4;12;2;3;0;1;0;0;0;0;1;0;0;1;0;0;1
11;12;12100204.0;2018;4;17;6;3;5;2;0;0;1;0;0;0;1;0;0;0;1
11;7;7601236.0;2018;4;17;6;3;5;2;0;0;1;0;0;0;1;0;0;0;1
11;7;7400824.0;2018;4;8;4;3;1;5;0;1;1;0;0;0;0;0;0;0;1
11;8;8200730.0;2018;4;4;1;3;1;5;2;0;1;0;0;0;0;0;0;0;1
11;7;7601546.0;2018;4;18;3;2;2;6;0;0;1;0;1;0;0;0;0;0;1
11;6;6100205.0;2018;4;19;5;3;5;2;1;0;1;0;1;0;0;0;0;0;1
11;2;2300417.0;2018;4;16;2;3;6;4;0;0;1;1;0;0;0;0;0;0;1
11;1;1100308.0;2018;4;9;5;3;6;7;0;1;0;1;0;0;0;0;0;0;1
11;12;12200515.0;2018;4;16;5;3;3;6;0;1;0;0;0;0;0;0;0;0;1
11;9;9501736.0;2018;4;21;5;3;5;3;2;0;1;0;0;0;0;0;0;0;1
11;4;4501042.0;2018;4;9;3;3;2;6;0;1;1;0;0;0;0;0;0;0;1