LAND;BEZ;LOR_ab_2021;UJAHR;UMONAT;USTUNDE;UWOCHENTAG;UKATEGORIE;UART;UTYP1;ULICHTVERH;IstRad;IstPKW;IstFuss;IstKrad;IstGkfz;IstSonstige;USTRZUSTAND;LOCKDOWN;COVID;FERIEN
11;6;6300629.0;2018;4;15;3;3;2;6;0;1;0;0;0;0;1;0;0;0;1
11;12;12601235.0;2018;4;20;5;3;6;4;2;0;1;1;0;0;0;0;0;0;1
11;5;5100316.0;2018;4;13;3;3;6;4;0;1;0;1;0;0;0;0;0;0;1
11;6;6400840.0;2018;4;18;5;3;5;3;0;0;1;0;0;0;0;0;0;0;1
11;7;7400823.0;2018;4;16;2;3;6;4;0;0;1;1;0;0;0;1;0;0;1
11;1;1401046.0;2018;4;18;5;2;5;7;0;0;1;0;1;0;0;0;0;0;1
11;4;4200308.0;2018;4;18;5;3;5;3;0;0;1;0;0;0;0;0;0;0;1
11;2;2200209.0;2018;4;16;4;3;6;4;0;1;0;1;0;0;0;0;0;0;1
11;1;1200628.0;2018;4;17;1;3;0;1;1;0;0;0;1;0;0;0;0;0;1
11;4;4300412.0;2018;4;18;5;3;3;6;0;0;1;0;0;0;0;0;0;0;1
11;8;8100415.0;2018;4;9;3;3;0;3;0;1;0;0;1;0;0;0;0;0;1
11;4;4501045.0;2018;4;14;3;3;2;6;0;0;1;0;1;0;0;0;0;0;1
11;4;4400835.0;2018;4;18;5;3;0;1;0;1;0;0;0;0;0;0;0;0;1
11;10;10200421.0;2018;4;17;5;3;5;3;0;0;1;0;0;0;0;0;0;0;1
11;9;9200715.0;2018;4;13;2;3;2;6;0;0;1;0;0;0;0;0;0;0;1
11;12;12601235.0;2018;4;17;5;3;5;2;0;0;1;0;0;0;1;0;0;0;1
11;4;4501043.0;2018;4;11;4;3;2;6;0;1;1;0;0;0;0;0;0;0;1
11;4;4501043.0;2018;4;19;7;2;3;6;0;1;1;0;0;0;0;0;0;0;1
11;9;9100101.0;2018;4;15;2;2;5;3;0;1;1;0;0;0;0;0;0;0;1
11;3;3500936.0;2018;4;17;5;3;6;4;0;0;1;1;0;0;0;0;0;0;1
11;7;7300517.0;2018;4;17;5;2;6;4;0;1;0;1;0;0;0;0;0;0;1
11;1;1100205.0;2018;4;14;4;3;6;4;0;0;0;1;1;0;0;0;0;0;1
11;5;5200631.0;2018;4;19;7;2;6;4;0;0;1;1;0;0;0;0;0;0;1
11;9;9501939.0;2018;4;17;5;3;4;6;0;1;0;0;0;0;0;0;0;0;1
11;4;4400727.0;2018;4;7;3;3;0;2;0;0;1;0;1;0;0;0;0;0;1
11;7;7601544.0;2018;4;16;5;3;1;5;0;1;1;0;0;0;0;0;0;0;1
11;1;1100308.0;2018;4;11;3;3;1;5;0;1;1;0;0;0;0;0;0;0;1
11;12;12200309.0;2018;4;16;5;2;2;7;0;0;1;0;1;0;1;0;0;0;1
11;5;5100316.0;2018;4;12;5;3;5;2;0;1;1;0;0;0;0;0;0;0;1
11;3;3601450.0;2018;4;7;2;3;5;3;0;1;0;0;0;0;1;1;0;0;1
11;1;1200519.0;2018;4;12;5;3;5;3;0;0;1;0;1;0;0;0;0;0;1
11;5;5100316.0;2018;4;12;5;2;2;7;0;1;1;0;0;0;0;0;0;0;1
11;4;4500937.0;2018;4;8;4;3;2;6;0;1;1;0;0;0;0;0;0;0;1
11;7;7501031.0;2018;4;19;7;3;5;2;0;0;1;0;0;0;0;0;0;0;1
11;11;11400929.0;2018;4;18;3;3;5;3;0;1;1;0;0;0;0;0;0;0;1
11;4;4400727.0;2018;4;11;5;3;6;2;0;0;1;1;0;0;0;0;0;0;1
11;12;12200309.0;2018;4;18;2;3;0;2;0;0;1;0;1;0;0;0;0;0;1
11;6;6300528.0;2018;4;11;5;2;5;3;0;0;1;0;0;0;0;0;0;0;1
11;10;10100311.0;2018;4;10;5;2;5;2;0;0;1;0;0;0;0;0;0;0;1
11;1;1100206.0;2018;4;21;3;3;5;2;2;0;0;0;1;0;1;0;0;0;1
11;4;4501043.0;2018;4;10;5;2;5;2;0;1;1;0;0;0;0;0;0;0;1
11;8;8301036.0;2018;4;10;2;3;1;5;0;1;1;0;0;0;0;1;0;0;1
11;9;9501737.0;2018;4;10;5;2;5;2;0;0;1;0;1;0;0;0;0;0;1
11;11;11300721.0;2018;4;14;5;3;3;6;0;0;1;0;1;0;0;0;0;0;1
11;4;4100101.0;2018;4;21;1;3;2;6;2;0;1;0;0;0;0;0;0;0;1
11;4;4501045.0;2018;4;9;5;3;3;6;0;1;1;0;0;0;0;0;0;0;1
11;3;3200205.0;2018;4;15;5;2;2;2;0;0;1;0;1;0;0;0;0;0;1
11;8;8200623.0;2018;4;7;4;3;1;5;0;1;1;0;0;0;0;0;0;0;1
11;7;7400927.0;2018;4;16;7;2;0;6;0;0;1;0;1;0;0;1;0;0;1
11;9;9100306.0;2018;4;17;3;3;5;7;0;0;1;0;1;0;0;0;0;0;1
11;3;3601450.0;2018;4;8;5;3;2;6;0;0;0;0;1;0;1;0;0;0;1
11;4;4200308.0;2018;4;16;2;3;5;3;0;1;1;0;0;0;0;0;0;0;1
11;6;6400839.0;2018;4;8;5;3;1;5;0;1;1;0;0;0;0;0;0;0;1
11;5;5100317.0;2018;4;13;5;2;0;7;0;0;1;0;0;0;0;0;0;0;1
11;1;1100207.0;2018;4;15;7;3;5;2;0;1;1;0;0;0;0;0;0;0;1
11;4;4501043.0;2018;4;7;5;3;6;4;0;0;1;1;0;0;0;0;0;0;1
11;12;12500930.0;2018;4;8;5;3;5;2;0;1;1;0;0;0;0;0;0;0;1
11;7;7100102.0;2018;4;18;1;3;2;2;0;0;1;0;0;0;0;0;0;0;1
11;4;4501044.0;2018;4;7;5;3;1;5;0;1;1;0;0;0;0;0;0;0;1
11;7;7100206.0;2018;4;11;3;3;1;7;0;0;1;0;0;0;0;0;0;0;1
11;4;4400834.0;2018;4;15;7;3;5;2;0;1;1;0;0;0;0;1;0;0;1
11;4;4501042.0;2018;4;16;3;3;5;7;0;0;1;0;1;0;0;0;0;0;1
11;4;4300414.0;2018;4;7;5;3;2;6;0;0;1;0;0;0;0;0;0;0;1
11;1;1100415.0;2018;4;21;5;2;4;1;2;1;0;0;0;0;1;0;0;0;1
11;7;7100102.0;2018;4;16;2;3;2;6;0;0;1;0;1;0;0;1;0;0;1
11;4;4300623.0;2018;4;12;5;3;8;1;0;0;1;0;0;0;0;0;0;0;1
11;12;12400619.0;2018;4;15;5;3;5;2;0;1;1;0;0;0;0;0;0;0;1
11;1;1100309.0;2018;4;9;5;3;0;1;0;1;0;0;0;0;0;0;0;0;1
11;7;7200409.0;2018;4;15;5;3;2;6;0;1;1;0;0;0;0;0;0;0;1
11;11;11100102.0;2018;4;16;4;3;5;2;0;1;1;0;0;0;0;0;0;0;1
11;1;1100207.0;2018;4;15;5;2;5;3;0;0;1;0;1;0;0;0;0;0;1
11;4;4400833.0;2018;4;13;7;3;5;2;0;0;1;0;0;0;0;1;0;0;1
11;2;2400623.0;2018;4;18;4;3;3;2;0;1;1;0;0;0;0;0;0;0;1
11;1;1200628.0;2018;4;20;5;3;6;4;2;0;1;1;0;0;0;0;0;0;1
11;1;1300834.0;2018;4;9;3;2;6;4;0;0;1;1;0;0;0;0;0;0;1
11;1;1100311.0;2018;4;16;4;3;5;2;1;1;1;0;0;0;0;0;0;0;1
11;5;5200631.0;2018;4;20;5;2;1;5;2;1;1;0;0;0;0;0;0;0;1
11;10;10400940.0;2018;4;13;3;3;5;2;0;0;1;0;0;0;1;0;0;0;1
11;7;7200307.0;2018;4;18;4;2;6;4;1;0;1;1;0;0;0;0;0;0;1
11;7;7100102.0;2018;4;10;3;2;5;2;0;0;1;0;1;0;0;0;0;0;1
11;7;7601546.0;2018;4;15;5;3;6;2;0;0;1;1;0;0;0;0;0;0;1
11;9;9200715.0;2018;4;14;3;3;5;3;0;1;1;0;0;0;0;0;0;0;1
11;10;10400939.0;2018;4;16;4;3;6;6;0;1;0;1;0;0;0;0;0;0;1
11;1;1100308.0;2018;4;7;4;3;0;1;0;0;0;0;1;0;0;1;0;0;1
11;10;10400941.0;2018;4;15;5;2;5;3;0;0;1;0;0;0;1;0;0;0;1
11;9;9301126.0;2018;4;15;2;3;6;4;0;0;1;1;0;0;0;0;0;0;1
11;6;6200421.0;2018;4;14;4;2;0;3;0;1;0;0;0;1;0;0;0;0;1
11;1;1300732.0;2018;4;15;4;3;1;5;0;1;1;0;0;0;0;0;0;0;1
11;9;9501838.0;2018;4;14;5;3;5;2;0;1;1;0;0;0;0;0;0;0;1
11;9;9100304.0;2018;4;6;4;3;5;2;0;0;1;0;1;0;0;0;0;0;1
11;2;2100101.0;2018;4;13;5;3;3;6;0;1;1;0;0;0;0;0;0;0;1
11;9;9301025.0;2018;4;11;7;3;5;3;0;0;0;0;1;0;1;0;0;0;1
11;5;5300840.0;2018;4;15;4;3;2;6;0;0;1;0;1;0;0;0;0;0;1
11;8;8100206.0;2018;4;19;5;3;1;5;0;1;1;0;0;0;0;0;0;0;1
11;8;8100209.0;2018;4;14;3;3;5;3;0;1;1;0;0;0;0;0;0;0;1
11;8;8100520.0;2018;4;15;4;3;6;4;0;0;0;1;0;0;1;0;0;0;1
11;1;1100309.0;2018;4;19;5;3;5;7;0;0;1;0;1;0;0;0;0;0;1
11;2;2200212.0;2018;4;8;2;3;5;3;0;1;1;0;0;0;0;0;0;0;1
11;9;9200715.0;2018;4;16;4;3;3;6;0;0;1;0;1;0;0;0;0;0;1
11;4;4100101.0;2018;4;16;4;3;0;2;0;0;1;0;0;0;1;0;0;0;1
11;6;6300525.0;2018;4;19;5;2;5;2;0;1;1;0;0;0;0;0;0;0;1
11;1;1100102.0;2018;4;6;2;2;5;3;0;1;1;0;0;0;0;0;0;0;1
11;8;8300934.0;2018;4;14;4;3;5;2;0;0;1;0;0;0;0;0;0;0;1
11;4;4501042.0;2018;4;14;4;2;3;6;0;0;1;0;1;0;0;0;0;0;1
11;7;7501030.0;2018;4;18;5;3;6;2;0;0;1;1;0;0;0;0;0;0;1
11;12;12200414.0;2018;4;8;4;3;3;6;0;0;1;0;1;0;0;0;0;0;1
11;8;8100417.0;2018;4;13;4;3;5;3;0;0;1;0;0;0;0;0;0;0;1
11;4;4300619.0;2018;4;18;5;3;6;4;0;0;0;1;0;0;1;0;0;0;1
11;9;9100407.0;2018;4;12;2;3;6;7;0;0;1;1;0;0;0;1;0;0;1
11;5;5300737.0;2018;4;13;4;3;5;2;0;0;1;0;0;0;1;0;0;0;1
11;5;5100316.0;2018;4;13;5;3;6;7;0;1;0;1;0;0;0;0;0;0;1
11;4;4400833.0;2018;4;10;4;2;5;2;0;0;1;0;0;0;0;0;0;0;1
11;7;7200409.0;2018;4;9;7;3;1;5;0;1;1;0;0;0;0;1;0;0;1
11;1;1100313.0;2018;4;13;4;3;5;3;0;1;1;0;0;0;0;0;0;0;1
11;12;12400722.0;2018;4;12;5;3;8;1;0;0;1;0;0;0;0;0;0;0;1
11;1;1200517.0;2018;4;18;3;3;5;2;0;1;1;0;0;0;0;0;0;0;1
11;5;5100316.0;2018;4;12;4;2;3;6;0;0;1;0;1;0;0;0;0;0;1
11;3;3601245.0;2018;4;17;5;3;6;4;0;0;1;1;0;0;0;0;0;0;1
11;1;1100207.0;2018;4;23;2;3;1;5;2;1;1;0;0;0;0;0;0;0;1
11;1;1200522.0;2018;4;11;4;3;2;6;0;0;1;0;0;0;0;0;0;0;1
11;5;5200421.0;2018;4;10;4;3;1;5;0;0;1;0;0;0;0;0;0;0;1
11;6;6300527.0;2018;4;12;5;3;5;2;0;1;0;0;1;0;0;0;0;0;1
11;8;8100209.0;2018;4;19;1;3;6;7;0;0;1;1;0;0;0;0;0;0;1
11;10;10100312.0;2018;4;9;4;2;6;4;0;0;1;1;0;0;0;0;0;0;1
11;6;6100102.0;2018;4;9;4;3;0;5;0;1;1;0;0;0;0;0;0;0;1
11;2;2300316.0;2018;4;17;5;3;3;2;0;0;0;0;1;1;0;0;0;0;1
11;2;2300314.0;2018;4;21;4;3;1;5;2;1;1;0;0;0;0;0;0;0;1
11;2;2500832.0;2018;4;21;7;3;5;2;2;1;1;0;0;0;0;0;0;0;1
11;11;11100308.0;2018;4;12;5;3;1;5;0;0;1;0;0;0;0;0;0;0;1
11;9;9401329.0;2018;4;17;3;3;5;7;0;0;0;0;1;0;1;0;0;0;1
11;12;12100204.0;2018;4;9;4;3;5;2;0;1;1;0;0;0;0;0;0;0;1
11;8;8100310.0;2018;4;22;7;3;5;2;2;1;1;0;0;0;0;0;0;0;1
11;9;9200510.0;2018;4;12;5;3;0;4;0;1;0;1;0;0;0;0;0;0;1
11;4;4400726.0;2018;4;18;3;3;5;3;0;1;1;0;0;0;0;0;0;0;1
11;8;8200730.0;2018;4;8;4;3;0;1;0;0;1;0;1;0;0;0;0;0;1
11;10;10300734.0;2018;4;16;5;3;5;2;0;0;1;0;1;0;0;0;0;0;1
11;11;11300721.0;2018;4;17;2;3;5;2;0;1;1;0;0;0;0;1;0;0;1
11;3;3200207.0;2018;4;8;4;3;0;1;0;0;0;0;1;0;0;1;0;0;1
11;9;9401329.0;2018;4;12;5;3;1;5;0;0;1;0;0;0;0;0;0;0;1
11;9;9100306.0;2018;4;8;4;3;2;6;0;0;1;0;0;0;0;0;0;0;1
11;10;10100312.0;2018;4;16;5;3;5;3;0;0;1;0;0;0;0;0;0;0;1
11;11;11300618.0;2018;4;11;5;2;1;5;0;0;1;0;0;0;0;0;0;0;1
11;4;4200207.0;2018;4;14;1;3;0;1;0;1;1;0;0;0;0;0;0;0;1
11;6;6300527.0;2018;4;7;4;3;6;2;0;0;1;1;0;0;0;0;0;0;1
11;1;1100310.0;2018;4;16;5;3;1;5;0;1;0;0;0;0;1;0;0;0;1
11;11;11400927.0;2018;4;17;3;3;5;2;0;1;0;0;0;0;1;0;0;0;1
11;10;10300734.0;2018;4;11;5;3;5;3;0;1;1;0;0;0;0;0;0;0;1
11;5;5200629.0;2018;4;15;3;2;6;2;0;0;1;1;0;0;0;0;0;0;1
11;7;7100102.0;2018;4;23;4;3;5;2;2;0;1;0;0;0;0;0;0;0;1
11;4;4400833.0;2018;4;16;5;3;1;5;0;0;1;0;1;0;0;0;0;0;1
11;10;10100312.0;2018;4;16;2;3;2;2;0;0;1;0;0;0;1;0;0;0;1
11;9;9200717.0;2018;4;7;4;2;5;2;0;0;1;0;1;0;0;1;0;0;1
11;3;3400828.0;2018;4;11;5;3;5;3;0;1;1;0;0;0;0;0;0;0;1
11;1;1401047.0;2018;4;7;4;3;5;3;0;0;1;0;0;0;0;0;0;0;1
11;4;4501042.0;2018;4;11;5;3;3;6;0;0;1;0;1;0;0;0;0;0;1
11;10;10200417.0;2018;4;15;4;3;6;7;0;1;0;1;0;0;0;0;0;0;1
11;10;10400938.0;2018;4;16;5;3;0;1;0;0;0;0;1;0;0;0;0;0;1
11;4;4500937.0;2018;4;11;5;2;3;6;0;0;1;0;0;0;1;0;0;0;1
11;6;6400735.0;2018;4;16;2;3;8;1;0;0;1;0;0;0;0;1;0;0;1
11;1;1100308.0;2018;4;21;4;3;5;2;2;1;1;0;0;0;0;0;0;0;1
11;3;3300516.0;2018;4;11;5;2;1;5;0;0;1;0;1;0;0;0;0;0;1
11;4;4100101.0;2018;4;4;4;3;5;3;2;0;1;0;0;0;1;0;0;0;1
11;3;3500934.0;2018;4;11;5;3;5;3;0;1;1;0;0;0;0;0;0;0;1
11;10;10100209.0;2018;4;16;4;3;5;2;0;1;1;0;0;0;0;0;0;0;1
11;10;10100312.0;2018;4;10;5;2;6;4;0;0;1;1;0;0;0;0;0;0;1
11;6;6400737.0;2018;4;16;7;2;0;3;0;1;0;0;0;0;1;0;0;0;1
11;10;10100315.0;2018;4;20;4;3;5;3;2;0;1;0;0;1;0;0;0;0;1
11;8;8100312.0;2018;4;9;5;3;0;1;0;1;0;0;0;0;0;0;0;0;1
11;6;6200421.0;2018;4;9;3;3;5;3;0;0;1;0;0;0;0;0;0;0;1
11;2;2400623.0;2018;4;9;5;3;5;2;0;1;0;0;0;0;1;0;0;0;1
11;2;2300315.0;2018;4;14;3;2;5;7;0;0;1;0;1;0;0;0;0;0;1
11;4;4500937.0;2018;4;18;4;3;3;6;0;1;1;0;0;0;0;0;0;0;1
11;3;3200205.0;2018;4;18;4;2;6;7;0;0;1;1;0;0;0;0;0;0;1
11;6;6400736.0;2018;4;9;5;3;2;6;0;1;1;0;0;0;0;0;0;0;1
11;7;7100102.0;2018;4;13;2;3;0;5;0;1;0;0;0;0;1;0;0;0;1
11;4;4300412.0;2018;4;18;4;3;2;2;0;0;1;0;0;0;0;0;0;0;1
11;3;3701556.0;2018;4;8;5;3;5;7;0;0;1;0;1;0;0;0;0;0;1
11;12;12400616.0;2018;4;11;4;2;1;5;0;0;1;0;1;0;0;0;0;0;1
11;1;1200520.0;2018;4;9;7;2;2;6;0;0;1;0;0;0;0;1;0;0;1
11;2;2300314.0;2018;4;18;4;3;5;2;0;1;0;0;0;0;1;0;0;0;1
11;7;7501031.0;2018;4;8;5;3;5;2;0;0;1;0;0;0;1;0;0;0;1
11;2;2500835.0;2018;4;23;3;3;2;6;2;1;1;0;0;0;1;0;0;0;1
11;12;12200515.0;2018;4;18;4;3;5;2;0;0;1;0;0;0;0;0;0;0;1
11;1;1401047.0;2018;4;22;7;3;2;2;2;1;1;0;0;0;0;0;0;0;1
11;8;8100310.0;2018;4;17;4;3;5;2;0;1;1;0;0;0;0;0;0;0;1
11;3;3601243.0;2018;4;8;5;2;5;2;0;0;1;0;1;0;0;0;0;0;1
11;3;3500934.0;2018;4;8;3;3;2;6;0;0;1;0;0;1;0;0;0;0;1
11;2;2400521.0;2018;4;17;4;3;5;2;0;1;1;0;0;0;0;0;0;0;1
11;1;1100309.0;2018;4;8;5;3;6;4;0;0;1;1;0;0;0;0;0;0;1
11;12;12100204.0;2018;4;12;3;3;2;6;0;0;1;0;0;0;0;0;0;0;1
11;9;9200715.0;2018;4;17;4;3;5;2;0;1;1;0;0;0;0;0;0;0;1
11;11;11200513.0;2018;4;16;4;3;2;6;0;0;1;0;1;0;0;0;0;0;1
11;7;7100206.0;2018;4;8;5;2;0;3;0;1;0;0;0;0;0;0;0;0;1
11;11;11100204.0;2018;4;9;2;3;5;2;0;1;0;0;0;0;1;1;0;0;1
11;1;1100102.0;2018;4;7;3;3;0;2;0;1;1;0;0;0;0;0;0;0;1
11;11;11100308.0;2018;4;19;3;3;5;3;1;0;1;0;0;0;0;0;0;0;1
11;3;3500934.0;2018;4;7;5;3;5;2;0;1;1;0;0;0;0;0;0;0;1
11;6;6400844.0;2018;4;8;4;3;5;3;0;1;1;0;0;0;0;0;0;0;1
11;12;12500824.0;2018;4;8;7;3;0;5;0;0;1;0;1;0;0;0;0;0;1
11;4;4300412.0;2018;4;18;3;3;3;6;0;0;1;0;0;1;0;0;0;0;1
11;1;1200519.0;2018;4;7;5;3;2;3;0;0;1;0;0;0;0;0;0;0;1
11;3;3601450.0;2018;4;19;3;3;1;5;0;1;1;0;0;0;1;0;0;0;1
11;11;11100309.0;2018;4;18;3;3;0;2;0;1;1;0;0;0;0;0;0;0;1
11;3;3200206.0;2018;4;7;5;3;2;5;0;1;1;0;0;0;0;0;0;0;1
11;3;3300516.0;2018;4;21;2;2;9;1;2;0;1;0;0;0;0;0;0;0;1
11;1;1100310.0;2018;4;18;3;3;1;5;0;1;1;0;0;0;0;0;0;0;1
11;5;5200528.0;2018;4;18;3;3;5;2;0;0;1;0;1;0;0;0;0;0;1
11;1;1401048.0;2018;4;7;5;3;2;6;0;0;1;0;0;0;0;0;0;0;1
11;12;12500929.0;2018;4;18;1;3;5;7;0;0;1;0;0;0;0;0;0;0;1
11;4;4500938.0;2018;4;22;5;3;5;3;2;0;1;0;0;0;0;0;0;0;1
11;2;2200211.0;2018;4;8;2;3;0;2;0;1;1;0;0;0;0;1;0;0;1
11;8;8100312.0;2018;4;19;3;3;5;3;0;0;1;0;1;0;0;0;0;0;1
11;4;4300517.0;2018;4;15;3;3;2;6;0;0;1;0;0;0;0;0;0;0;1
11;1;1100206.0;2018;4;16;4;3;2;6;0;1;1;0;0;0;0;0;0;0;1
11;8;8100207.0;2018;4;17;1;3;2;6;0;1;1;0;0;0;0;0;0;0;1
11;12;12500926.0;2018;4;20;3;2;5;7;0;0;1;0;1;0;0;0;0;0;1
11;3;3601142.0;2018;4;19;3;3;5;2;1;1;1;0;0;0;0;0;0;0;1
11;2;2300314.0;2018;4;20;4;3;1;5;2;1;1;0;0;0;0;0;0;0;1
11;1;1200628.0;2018;4;7;4;3;0;2;0;1;0;0;1;0;0;0;0;0;1
11;6;6300634.0;2018;4;13;7;3;2;6;0;0;1;0;0;0;1;1;0;0;1
11;10;;2018;4;16;4;3;3;6;0;0;1;0;0;0;0;0;0;0;1
11;1;1100308.0;2018;4;18;3;3;1;5;0;1;1;0;0;0;0;0;0;0;1
11;3;3601245.0;2018;4;19;3;3;5;2;2;1;1;0;0;0;0;0;0;0;1
11;1;1200519.0;2018;4;1;4;3;6;4;2;0;1;1;1;0;0;0;0;0;1
11;1;1401049.0;2018;4;17;2;2;6;4;0;1;0;1;0;0;0;1;0;0;1
11;2;2100105.0;2018;4;19;3;3;5;2;1;1;1;0;0;0;0;0;0;0;1
11;4;4300622.0;2018;4;21;4;3;0;3;2;1;1;0;0;0;0;0;0;0;1
11;4;4300623.0;2018;4;19;3;3;6;4;0;0;0;1;0;0;1;0;0;0;1
11;1;1100101.0;2018;4;16;4;3;2;6;0;0;1;0;0;0;0;0;0;0;1
11;5;5400943.0;2018;4;18;4;3;5;3;0;1;1;0;0;0;0;0;0;0;1
11;7;7400826.0;2018;4;13;7;3;2;6;0;0;1;0;0;0;1;1;0;0;1
11;8;8100314.0;2018;4;19;3;3;2;3;0;1;1;0;0;0;0;0;0;0;1
11;9;9401329.0;2018;4;14;4;3;2;6;0;1;0;0;0;0;1;0;0;0;1
11;1;1100101.0;2018;4;11;3;3;5;2;0;1;1;0;0;0;0;0;0;0;1
11;1;1100310.0;2018;4;21;4;3;2;6;2;0;1;0;0;0;1;0;0;0;1
11;10;10300734.0;2018;4;17;3;3;0;3;0;0;1;0;1;0;0;0;0;0;1
11;1;1100309.0;2018;4;19;4;3;5;2;0;1;0;0;0;0;0;0;0;0;1
11;5;5200629.0;2018;4;20;3;3;2;6;2;0;1;0;0;0;0;0;0;0;1
11;7;7400927.0;2018;4;20;7;3;5;3;2;0;1;0;0;0;0;0;0;0;1
11;7;7501031.0;2018;4;18;4;2;1;1;0;0;1;0;0;1;1;0;0;0;1
11;12;12200307.0;2018;4;16;3;3;2;6;0;0;1;0;0;0;0;0;0;0;1
11;9;9100407.0;2018;4;17;3;3;5;2;0;1;1;0;0;0;0;0;0;0;1
11;7;7400822.0;2018;4;18;4;3;2;6;0;0;1;0;0;0;1;0;0;0;1
11;2;2200210.0;2018;4;16;2;3;5;2;0;1;1;0;0;0;0;1;0;0;1
11;4;4200309.0;2018;4;17;3;3;6;4;0;1;0;1;0;0;0;0;0;0;1
11;10;10100311.0;2018;4;17;4;3;2;6;0;0;1;0;0;0;0;0;0;0;1
11;2;2200207.0;2018;4;17;3;3;5;2;0;0;1;0;0;0;0;0;0;0;1
11;1;1100312.0;2018;4;17;4;3;2;2;0;1;1;0;0;0;0;0;0;0;1
11;1;1200518.0;2018;4;6;4;3;3;6;0;0;1;0;1;0;0;0;0;0;1
11;7;7601341.0;2018;4;17;4;2;2;6;0;0;1;0;1;0;1;0;0;0;1
11;9;9200715.0;2018;4;19;7;2;9;1;0;0;0;0;1;0;0;0;0;0;1
11;11;11400928.0;2018;4;16;3;3;2;6;0;0;1;0;0;1;1;0;0;0;1
11;3;3601142.0;2018;4;17;4;3;5;2;0;1;1;0;0;0;0;0;0;0;1
11;12;12500926.0;2018;4;9;3;3;6;6;0;0;1;1;0;0;0;0;0;0;1
11;9;9300920.0;2018;4;17;4;3;1;5;0;1;1;0;0;0;0;0;0;0;1
11;6;6400737.0;2018;4;14;3;3;5;3;0;1;1;0;0;0;0;0;0;0;1
11;5;5200420.0;2018;4;7;3;2;6;4;0;0;1;1;0;0;0;0;0;0;1
11;6;6100206.0;2018;4;7;3;3;2;2;0;0;1;0;1;0;0;0;0;0;1
11;2;2400521.0;2018;4;17;4;3;0;2;0;0;1;0;1;0;0;0;0;0;1
11;2;2300316.0;2018;4;13;2;3;6;2;0;0;1;1;0;0;0;0;0;0;1
11;9;9200819.0;2018;4;8;3;3;2;6;0;0;1;0;0;0;0;0;0;0;1
11;1;1200628.0;2018;4;15;3;3;5;3;0;0;1;0;0;0;0;0;0;0;1
11;11;11400931.0;2018;4;8;3;3;0;2;0;1;1;0;0;0;0;0;0;0;1
11;10;10200421.0;2018;4;17;4;3;2;7;0;0;1;0;1;0;0;0;0;0;1
11;11;11400928.0;2018;4;14;2;3;5;2;0;1;0;0;1;0;0;0;0;0;1
11;7;7601544.0;2018;4;16;3;2;5;3;0;1;1;0;0;0;0;0;0;0;1
11;10;10400941.0;2018;4;16;3;3;5;3;0;1;1;0;0;0;0;0;0;0;1
11;11;11300618.0;2018;4;17;4;3;6;2;0;0;1;1;0;0;0;0;0;0;1
11;6;6300631.0;2018;4;14;4;3;0;1;0;0;0;1;1;0;1;0;0;0;1
11;4;4400831.0;2018;4;16;4;2;5;3;0;1;1;0;0;0;0;0;0;0;1
11;11;11200513.0;2018;4;15;7;3;0;1;0;0;0;0;1;0;0;1;0;0;1
11;3;3200308.0;2018;4;16;3;3;5;2;0;0;1;0;0;0;0;0;0;0;1
11;11;11200514.0;2018;4;16;4;3;2;2;0;1;1;0;0;0;0;0;0;0;1
11;2;2300315.0;2018;4;7;3;2;5;2;0;1;1;0;0;0;0;0;0;0;1
11;6;6300525.0;2018;4;16;3;3;2;6;0;0;1;0;0;0;0;0;0;0;1
11;11;11300722.0;2018;4;16;4;3;2;7;0;1;1;0;0;0;0;0;0;0;1
11;4;4300623.0;2018;4;19;3;3;0;6;0;0;1;0;0;0;1;0;0;0;1
11;8;8200623.0;2018;4;11;3;3;5;2;0;1;1;0;0;0;0;0;0;0;1
11;11;11501340.0;2018;4;11;3;3;5;3;0;1;1;0;0;0;0;0;0;0;1
11;3;3400827.0;2018;4;7;2;3;5;3;0;0;1;0;0;0;1;1;0;0;1
11;4;4300619.0;2018;4;16;3;2;5;2;0;0;1;0;1;0;0;0;0;0;1
11;11;11100309.0;2018;4;15;3;3;5;2;0;1;1;0;0;0;0;0;0;0;1
11;5;5100317.0;2018;4;8;4;3;0;1;0;0;1;0;1;0;0;0;0;0;1
11;4;4400728.0;2018;4;18;3;3;5;3;0;1;1;0;0;0;0;0;0;0;1
11;5;5100316.0;2018;4;17;5;3;5;2;0;0;1;0;0;0;0;1;0;0;1
11;11;11300721.0;2018;4;14;2;2;6;4;0;0;1;1;0;0;0;0;0;0;1
11;1;1100309.0;2018;4;14;2;3;1;5;0;0;0;0;1;0;1;0;0;0;1
11;8;8401244.0;2018;4;17;5;3;5;2;0;0;1;0;0;0;0;0;0;0;1
11;1;1100103.0;2018;4;12;2;3;2;6;0;1;1;0;0;0;0;0;0;0;1
11;7;7100101.0;2018;4;16;5;2;5;3;0;1;1;0;0;0;0;0;0;0;1
11;4;4300622.0;2018;4;12;2;2;1;5;0;1;1;0;0;1;0;0;0;0;1
11;12;12200412.0;2018;4;16;5;3;1;5;0;0;1;0;0;0;0;1;0;0;1
11;3;3200206.0;2018;4;10;2;3;5;7;0;0;1;0;0;1;0;0;0;0;1
11;7;7400823.0;2018;4;10;2;3;2;6;0;0;1;0;0;0;0;0;0;0;1