LAND;BEZ;LOR_ab_2021;UJAHR;UMONAT;USTUNDE;UWOCHENTAG;UKATEGORIE;UART;UTYP1;ULICHTVERH;IstRad;IstPKW;IstFuss;IstKrad;IstGkfz;IstSonstige;USTRZUSTAND;LOCKDOWN;COVID;FERIEN
11;5;5100101.0;2018;5;10;3;3;1;5;0;1;1;0;0;0;0;0;0;0;0
11;5;5300840.0;2018;5;14;7;3;9;1;0;0;1;0;0;0;0;0;0;0;0
11;3;3500932.0;2018;5;16;3;3;6;4;0;0;0;1;1;0;0;0;0;0;0
11;5;5100209.0;2018;5;16;3;3;5;2;0;1;0;0;0;0;1;0;0;0;0
11;5;5100315.0;2018;5;10;3;3;1;5;0;1;1;0;0;0;0;0;0;0;0
11;1;3701556.0;2018;5;15;7;2;5;3;0;1;1;0;0;0;0;0;0;0;0
11;1;1300731.0;2018;5;16;3;2;6;4;0;0;1;1;0;0;0;0;0;0;0
11;12;12100101.0;2018;5;15;3;3;5;3;0;1;1;0;0;0;0;0;0;0;0
11;1;1300836.0;2018;5;7;3;3;2;2;0;0;0;0;1;1;0;0;0;0;0
11;3;3601243.0;2018;5;17;7;3;5;3;0;0;1;0;0;0;0;0;0;0;0
11;8;8200832.0;2018;5;11;7;3;7;7;0;1;0;0;0;0;0;0;0;0;0
11;9;9200819.0;2018;5;7;3;3;5;2;0;1;1;0;0;0;0;0;0;0;0
11;4;4300412.0;2018;5;23;7;3;6;4;2;0;1;1;0;0;0;0;0;0;0
11;2;2500833.0;2018;5;15;3;2;6;4;0;1;0;1;0;0;0;0;0;0;0
11;8;8100102.0;2018;5;21;7;2;3;6;2;1;0;0;0;0;0;0;0;0;0
11;2;2500830.0;2018;5;7;3;3;5;2;0;1;1;0;0;0;0;0;0;0;0
11;12;12200309.0;2018;5;12;7;3;5;7;0;0;1;0;1;0;0;0;0;0;0
11;9;9200510.0;2018;5;14;3;3;6;4;0;0;1;1;0;0;0;0;0;0;0
11;9;9300920.0;2018;5;7;3;3;5;2;0;0;1;0;1;0;0;0;0;0;0
11;8;8200832.0;2018;5;8;7;2;5;3;0;0;1;0;0;0;0;0;0;0;0
11;1;1401048.0;2018;5;13;3;3;2;6;0;0;1;0;0;0;0;0;0;0;0
11;1;1200517.0;2018;5;7;3;3;6;4;0;0;1;1;0;0;0;0;0;0;0
11;1;1300834.0;2018;5;13;3;2;3;6;0;0;1;0;0;0;1;0;0;0;0
11;1;1100308.0;2018;5;6;3;3;5;3;0;1;1;0;0;0;0;0;0;0;0
11;2;2400521.0;2018;5;10;3;3;5;2;0;1;1;0;0;0;0;0;0;0;0
11;8;8401139.0;2018;5;9;7;3;5;3;0;1;1;0;0;0;0;0;0;0;0
11;7;7400826.0;2018;5;11;3;2;2;6;0;0;1;0;0;0;0;0;0;0;0
11;7;7601442.0;2018;5;4;3;2;5;2;1;1;0;0;0;0;1;0;0;0;0
11;1;1100313.0;2018;5;10;7;3;2;2;0;0;0;0;1;0;1;0;0;0;0
11;2;2200212.0;2018;5;9;3;3;0;2;0;1;0;0;0;1;0;0;0;0;0
11;9;9200819.0;2018;5;10;7;3;2;6;0;0;1;0;1;0;0;0;0;0;0
11;1;1100101.0;2018;4;23;2;3;8;1;2;0;1;0;0;0;0;0;0;0;1
11;2;2400623.0;2018;5;9;3;3;5;3;0;0;1;0;0;0;0;0;0;0;0
11;10;10100208.0;2018;5;11;7;2;5;3;0;1;1;0;0;0;0;0;0;0;0
11;2;2400625.0;2018;4;20;2;2;5;2;1;1;1;0;0;0;0;0;0;0;1
11;1;1200626.0;2018;5;9;3;3;5;3;0;1;1;0;0;0;0;0;0;0;0
11;4;4501043.0;2018;4;10;2;3;1;5;0;1;1;0;0;0;0;0;0;0;1
11;1;1100207.0;2018;5;9;3;3;5;3;0;0;1;0;0;0;0;0;0;0;0
11;7;7100102.0;2018;5;11;7;3;2;6;0;0;1;0;0;0;0;0;0;0;0
11;7;7601236.0;2018;5;8;3;3;6;2;0;0;1;1;0;0;0;0;0;0;0
11;11;11200411.0;2018;5;8;3;3;1;5;0;0;1;0;0;0;1;0;0;0;0
11;5;5100208.0;2018;5;12;7;3;1;5;0;1;1;0;0;0;0;0;0;0;0
11;11;11300721.0;2018;4;10;2;3;5;3;0;1;1;0;0;0;0;0;0;0;1
11;3;3601244.0;2018;5;8;3;3;5;3;0;1;0;0;0;0;1;0;0;0;0
11;7;7100102.0;2018;4;10;2;3;1;5;0;1;1;0;0;0;0;0;0;0;1
11;2;2300316.0;2018;5;8;3;3;2;6;0;1;0;0;0;0;0;0;0;0;0
11;6;6100206.0;2018;5;12;7;3;3;6;0;0;1;0;1;0;0;0;0;0;0
11;9;9401534.0;2018;5;8;3;2;6;4;0;0;0;1;0;0;1;0;0;0;0
11;6;6300526.0;2018;5;12;7;3;5;3;0;0;1;0;0;0;0;0;0;0;0
11;10;10200524.0;2018;4;8;2;3;6;4;0;0;1;1;0;0;0;0;0;0;1
11;5;5200632.0;2018;5;8;3;3;2;6;0;0;1;0;0;0;0;0;0;0;0
11;1;1100416.0;2018;5;4;7;2;0;1;2;1;0;0;0;0;0;0;0;0;0
11;9;9200511.0;2018;5;11;3;3;6;4;0;0;1;1;0;0;0;0;0;0;0
11;12;12400721.0;2018;5;16;6;3;6;2;0;0;1;1;0;0;0;0;0;0;0
11;2;2100103.0;2018;4;22;2;3;3;6;2;0;1;0;1;0;1;0;0;0;1
11;5;5200629.0;2018;4;0;2;3;6;2;2;0;1;1;0;0;0;0;0;0;1
11;4;4200308.0;2018;5;9;3;3;5;7;0;0;1;0;0;0;1;0;0;0;0
11;6;6400735.0;2018;5;20;6;3;1;5;0;1;1;0;0;0;0;0;0;0;0
11;8;8100209.0;2018;4;14;2;3;5;2;0;0;1;0;0;0;0;0;0;0;1
11;8;8100416.0;2018;5;11;3;3;1;7;0;0;1;0;0;0;1;0;0;0;0
11;11;11200514.0;2018;5;21;6;3;0;3;1;1;0;0;0;0;0;0;0;0;0
11;5;5100101.0;2018;5;19;6;3;5;3;1;1;0;0;0;0;0;0;0;0;0
11;12;12200412.0;2018;4;19;2;2;5;2;0;1;0;0;0;1;0;0;0;0;1
11;7;7501135.0;2018;5;12;3;3;1;5;0;1;1;0;0;0;0;0;0;0;0
11;7;7601545.0;2018;5;7;6;3;5;2;0;1;1;0;0;0;0;0;0;0;0
11;5;5300839.0;2018;4;19;2;3;1;5;0;0;0;0;1;0;1;0;0;0;1
11;1;1200628.0;2018;5;15;6;3;5;7;0;1;1;0;0;0;0;0;0;0;0
11;4;4400832.0;2018;4;20;2;2;6;4;0;0;1;1;0;0;0;0;0;0;1
11;4;4500939.0;2018;5;12;3;3;5;2;0;0;1;0;1;0;0;0;0;0;0
11;11;11100203.0;2018;5;17;6;3;5;3;0;1;1;0;0;0;0;0;0;0;0
11;6;6400844.0;2018;4;18;2;3;5;2;0;1;1;0;0;0;0;0;0;0;1
11;12;12200515.0;2018;5;12;3;3;5;3;0;0;1;0;0;0;0;0;0;0;0
11;10;10100206.0;2018;5;17;6;3;5;3;0;0;1;0;0;0;0;0;0;0;0
11;9;9401635.0;2018;4;17;2;2;5;2;0;1;1;0;0;0;0;0;0;0;1
11;12;12100205.0;2018;4;17;2;2;5;2;0;1;1;0;0;0;0;0;0;0;1
11;3;3400827.0;2018;5;12;3;3;5;3;0;1;1;0;0;0;0;0;0;0;0
11;5;5200528.0;2018;5;16;6;3;2;2;0;0;1;0;0;0;0;0;0;0;0
11;4;4501041.0;2018;4;17;2;3;3;6;0;0;1;0;0;0;1;0;0;0;1
11;3;3400724.0;2018;4;17;2;2;0;2;0;1;1;0;0;0;0;0;0;0;1
11;9;9300920.0;2018;5;13;3;3;5;3;0;1;1;0;0;0;0;0;0;0;0
11;4;4300517.0;2018;5;16;6;2;6;4;0;0;1;1;0;0;0;0;0;0;0
11;3;3601244.0;2018;5;16;6;3;6;4;0;0;1;1;0;0;0;0;0;0;0
11;1;1100308.0;2018;4;17;2;3;3;6;0;1;0;0;0;0;0;0;0;0;1
11;10;10200420.0;2018;5;13;3;3;5;3;0;1;1;0;0;0;0;0;0;0;0
11;4;4300619.0;2018;5;14;6;3;5;2;0;0;1;0;1;0;0;0;0;0;0
11;6;6200421.0;2018;4;16;2;3;2;2;0;1;1;0;0;0;0;0;0;0;1
11;6;6300633.0;2018;5;14;3;3;2;6;0;0;1;0;0;0;0;0;0;0;0
11;1;1100310.0;2018;5;14;6;3;5;3;0;0;1;0;0;0;1;0;0;0;0
11;6;6400841.0;2018;4;16;2;2;2;7;0;0;1;0;0;0;0;0;0;0;1
11;1;1401044.0;2018;4;16;2;3;2;6;0;0;1;0;0;0;0;0;0;0;1
11;9;9300921.0;2018;5;14;3;2;2;7;0;0;1;0;0;0;1;0;0;0;0
11;9;9401431.0;2018;5;14;6;3;5;3;0;0;1;0;1;0;0;0;0;0;0
11;8;8401244.0;2018;5;14;3;3;5;7;0;0;1;0;0;0;0;0;0;0;0
11;11;11300722.0;2018;5;14;6;3;5;3;0;1;1;0;0;0;0;0;0;0;0
11;1;1100103.0;2018;4;16;2;3;5;3;0;1;1;0;0;0;0;0;0;0;1
11;9;9200818.0;2018;4;15;2;3;2;6;0;0;1;0;0;0;0;0;0;0;1
11;4;4300412.0;2018;5;15;3;3;5;3;0;0;1;0;0;0;1;0;0;0;0
11;4;4501042.0;2018;5;14;6;3;3;6;0;1;1;0;0;0;0;0;0;0;0
11;12;12601235.0;2018;4;15;2;3;2;6;0;0;1;0;0;0;0;0;0;0;1
11;10;10100205.0;2018;4;15;2;3;5;7;0;0;1;0;0;0;0;0;0;0;1
11;12;12200309.0;2018;5;15;3;3;6;4;0;0;1;1;0;0;0;0;0;0;0
11;7;7501031.0;2018;5;14;6;3;0;7;0;0;0;0;0;0;1;0;0;0;0
11;1;1100206.0;2018;5;11;6;3;5;2;0;1;1;0;0;0;0;0;0;0;0
11;2;2300314.0;2018;5;15;3;3;2;5;0;1;1;0;0;0;1;0;0;0;0
11;1;1100206.0;2018;5;17;6;3;3;6;0;1;1;0;0;0;0;0;0;0;0
11;1;1200517.0;2018;4;15;2;3;2;6;0;0;1;0;0;0;0;0;0;0;1
11;6;6200422.0;2018;5;16;3;2;0;6;0;0;1;0;0;0;1;0;0;0;0
11;11;11300721.0;2018;5;15;6;2;5;2;0;1;1;0;0;0;0;0;0;0;0
11;1;1300836.0;2018;4;14;2;3;5;7;0;1;1;0;0;0;0;0;0;0;1
11;11;11200411.0;2018;5;16;3;3;5;2;0;1;1;0;0;0;0;0;0;0;0
11;6;6300528.0;2018;4;14;2;3;6;4;0;0;1;1;0;0;0;0;0;0;1
11;1;1100102.0;2018;5;17;3;3;0;2;0;1;1;0;0;0;0;0;0;0;0
11;8;8401246.0;2018;5;16;3;2;5;3;0;1;1;0;0;0;0;0;0;0;0
11;1;1200628.0;2018;5;19;6;2;6;2;0;0;1;1;0;0;0;0;0;0;0
11;7;7200409.0;2018;4;14;2;3;1;5;0;1;1;0;0;0;0;0;0;0;1
11;1;1100102.0;2018;5;17;3;3;0;1;0;0;0;0;0;0;1;0;0;0;0
11;8;8100312.0;2018;5;13;6;3;3;6;0;0;1;0;1;0;0;0;0;0;0
11;1;1401044.0;2018;5;22;3;3;5;5;2;0;1;0;0;0;0;0;0;0;0
11;9;9501941.0;2018;4;14;2;2;5;2;0;0;1;0;1;0;0;0;0;0;1
11;10;10100101.0;2018;5;16;2;3;5;3;0;0;1;0;0;0;0;0;0;0;0
11;6;6400735.0;2018;5;13;6;3;5;2;0;1;1;0;0;0;0;0;0;0;0
11;6;6200422.0;2018;5;13;6;3;5;3;0;0;1;0;1;0;0;0;0;0;0
11;5;5300736.0;2018;5;7;2;3;5;2;0;1;1;0;0;0;0;0;0;0;0
11;12;12400722.0;2018;5;12;6;3;5;3;0;1;1;0;0;0;0;0;0;0;0
11;9;9100408.0;2018;4;13;2;2;5;3;0;0;1;0;0;0;0;0;0;0;1
11;9;9501737.0;2018;5;10;2;3;0;2;0;1;1;0;0;0;0;0;0;0;0
11;2;2300419.0;2018;5;12;6;3;5;3;0;1;0;0;0;0;0;0;0;0;0
11;8;8401242.0;2018;4;14;2;3;0;1;0;1;0;0;0;0;0;0;0;0;1
11;1;1100206.0;2018;5;20;2;3;5;3;1;0;1;0;0;0;0;0;0;0;0
11;4;4500939.0;2018;4;13;2;3;0;4;0;0;1;1;0;0;0;0;0;0;1
11;2;2100105.0;2018;5;17;2;2;5;7;0;1;1;0;0;0;0;0;0;0;0
11;2;2200212.0;2018;5;11;6;3;5;2;0;1;1;0;0;0;0;0;0;0;0
11;9;9200715.0;2018;5;16;2;3;2;7;0;0;1;0;1;0;0;0;0;0;0
11;9;9501737.0;2018;5;11;6;3;5;2;0;0;1;0;0;0;1;0;0;0;0
11;11;11300620.0;2018;4;13;2;3;6;2;0;0;0;1;0;0;1;0;0;0;1
11;1;1300835.0;2018;5;8;2;3;5;2;0;1;1;0;0;0;0;0;0;0;0
11;1;1400939.0;2018;5;11;6;3;5;7;0;0;1;0;0;0;0;0;0;0;0
11;12;12200310.0;2018;5;0;2;3;5;3;2;0;1;0;0;1;0;0;0;0;0
11;3;3300514.0;2018;5;11;6;3;5;3;0;0;1;0;0;0;0;0;0;0;0
11;10;10100209.0;2018;4;13;2;3;6;4;0;0;1;1;0;0;0;0;0;0;1
11;8;8100206.0;2018;4;12;2;3;1;5;0;1;1;0;0;0;1;0;0;0;1
11;3;3300514.0;2018;5;17;2;3;4;6;0;1;0;0;0;0;0;0;0;0;0
11;1;1401044.0;2018;5;14;6;3;5;3;0;1;1;0;0;0;0;0;0;0;0
11;1;1400942.0;2018;4;12;2;3;5;3;0;1;1;0;0;0;0;0;0;0;1
11;12;12601134.0;2018;5;20;6;3;1;5;0;0;0;0;1;0;1;0;0;0;0
11;10;10300731.0;2018;4;12;2;3;3;6;0;1;1;0;0;0;0;0;0;0;1
11;1;1100207.0;2018;5;17;2;3;5;3;0;1;1;0;0;0;0;0;0;0;0
11;1;1100310.0;2018;5;20;6;3;5;7;0;0;1;0;1;0;0;0;0;0;0
11;4;4501042.0;2018;4;12;2;3;0;7;0;1;0;0;0;0;1;0;0;0;1
11;1;1200522.0;2018;4;12;2;3;0;2;0;1;0;0;0;0;1;0;0;0;1
11;4;4500937.0;2018;5;17;2;3;5;3;0;1;1;0;0;0;0;0;0;0;0
11;12;12200515.0;2018;5;10;6;3;5;2;0;1;1;0;0;0;0;0;0;0;0
11;9;9501838.0;2018;5;17;2;3;5;7;0;0;1;0;1;0;0;0;0;0;0
11;12;12200412.0;2018;5;20;6;2;6;4;1;0;1;1;0;0;0;0;0;0;0
11;3;3601141.0;2018;4;12;2;3;5;2;0;1;1;0;0;0;0;0;0;0;1
11;3;3601244.0;2018;5;16;2;3;3;6;0;1;0;0;0;1;0;0;0;0;0
11;2;2100102.0;2018;5;20;6;3;6;4;0;1;0;1;0;0;0;0;0;0;0
11;7;7300619.0;2018;4;10;2;3;2;6;0;0;1;0;1;0;0;0;0;0;1
11;1;1100207.0;2018;5;16;2;3;5;2;0;1;1;0;0;0;0;0;0;0;0
11;9;9401329.0;2018;5;10;6;3;1;5;0;1;1;0;0;0;0;0;0;0;0
11;2;2100102.0;2018;4;19;1;3;2;6;0;0;1;0;0;0;0;0;0;0;1
11;2;2100101.0;2018;4;18;1;2;0;1;0;0;1;0;1;0;0;0;0;0;1
11;3;3500935.0;2018;5;9;6;3;4;6;0;1;1;0;0;0;0;0;0;0;0
11;11;11400929.0;2018;4;18;1;2;6;7;0;0;1;1;0;0;0;0;0;0;1
11;9;9200715.0;2018;4;18;1;3;2;6;0;0;1;0;0;0;0;0;0;0;1
11;5;5100208.0;2018;5;7;5;3;5;3;0;1;1;0;0;0;0;0;0;0;0
11;5;5200420.0;2018;5;10;2;2;5;3;0;0;1;0;1;0;0;0;0;0;0
11;11;11300722.0;2018;5;7;5;3;5;2;0;1;1;0;0;0;0;0;0;0;0
11;5;5400943.0;2018;5;10;2;2;5;2;0;0;1;0;1;0;0;0;0;0;0
11;4;4400834.0;2018;5;7;5;3;5;3;0;1;1;0;0;0;0;0;0;0;0
11;10;10100311.0;2018;5;7;2;2;5;2;0;0;0;0;0;0;1;0;0;0;0
11;4;4501153.0;2018;5;11;2;3;1;5;0;0;1;0;1;0;0;0;0;0;0
11;8;8200624.0;2018;5;6;5;3;2;6;0;0;1;0;1;0;0;0;0;0;0
11;3;3300411.0;2018;5;11;2;3;4;6;0;0;1;0;0;0;0;0;0;0;0
11;10;;2018;5;7;2;2;2;6;0;0;1;0;0;0;0;0;0;0;0
11;10;10100311.0;2018;5;6;2;2;3;6;0;0;1;0;0;1;0;0;0;0;0
11;2;2500834.0;2018;5;6;5;3;5;5;0;0;1;0;0;0;0;0;0;0;0
11;12;12100101.0;2018;5;19;2;3;5;3;0;0;1;0;0;0;0;0;0;0;0
11;1;1100207.0;2018;5;4;5;3;1;1;2;1;0;0;0;1;0;0;0;0;0
11;2;2100106.0;2018;5;19;2;3;5;2;1;1;1;0;0;0;0;0;0;0;0
11;7;7501135.0;2018;5;12;5;3;5;3;0;0;1;0;1;0;0;0;0;0;0
11;11;11400927.0;2018;5;20;5;3;0;3;0;0;1;0;1;0;0;0;0;0;0
11;4;4300415.0;2018;5;19;2;3;9;1;0;0;1;0;1;0;0;0;0;0;0
11;10;10100311.0;2018;5;13;5;3;2;6;0;0;1;0;0;0;0;0;0;0;0
11;2;2300315.0;2018;5;18;2;2;5;2;0;0;1;0;0;0;1;0;0;0;0
11;5;5100316.0;2018;5;13;5;3;5;2;0;0;1;0;0;0;1;0;0;0;0
11;2;2400625.0;2018;5;11;5;3;5;2;0;0;1;0;0;1;0;0;0;0;0
11;8;8200622.0;2018;5;18;2;3;5;2;0;0;1;0;1;0;0;0;0;0;0
11;11;11300618.0;2018;5;11;5;3;2;2;0;0;1;0;0;0;0;0;0;0;0
11;5;5200528.0;2018;5;7;5;3;5;2;0;1;1;0;0;0;0;0;0;0;0
11;4;4501045.0;2018;5;18;2;3;5;2;1;1;1;0;0;0;0;0;0;0;0
11;11;11100308.0;2018;5;5;5;2;5;3;1;1;1;0;0;0;0;0;0;0;0
11;7;7300619.0;2018;5;18;2;3;5;3;0;0;1;0;1;0;0;0;0;0;0
11;5;5300839.0;2018;5;7;5;2;6;4;0;0;1;1;0;0;0;0;0;0;0
11;1;1300836.0;2018;5;18;2;3;3;6;0;0;1;0;1;0;1;0;0;0;0
11;3;3601346.0;2018;5;19;5;3;5;2;0;1;1;0;0;0;0;0;0;0;0
11;1;1100102.0;2018;5;18;5;3;5;2;0;1;1;0;0;0;0;0;0;0;0
11;6;6300528.0;2018;5;17;2;3;5;3;0;1;1;0;0;0;0;0;0;0;0
11;10;10300733.0;2018;5;18;5;3;2;6;0;0;1;0;0;0;0;0;0;0;0
11;9;9100306.0;2018;5;18;2;3;5;3;0;1;1;0;0;0;0;0;0;0;0
11;8;8200832.0;2018;5;17;5;3;2;6;0;0;1;0;0;0;0;0;0;0;0
11;4;4300619.0;2018;5;16;2;3;6;4;0;0;1;1;0;0;0;0;0;0;0
11;7;7300516.0;2018;5;17;5;3;0;3;0;1;0;0;0;0;1;0;0;0;0
11;4;4501043.0;2018;5;17;5;3;5;3;0;1;1;0;0;0;0;0;0;0;0
11;1;1100103.0;2018;5;17;2;2;5;2;0;1;1;0;0;0;0;0;0;0;0
11;1;1300733.0;2018;5;17;2;3;2;6;0;0;1;0;0;0;0;0;0;0;0
11;3;3200207.0;2018;5;16;5;3;5;3;0;1;1;0;0;0;0;0;0;0;0
11;2;2500836.0;2018;5;17;2;3;2;6;0;0;1;0;0;0;0;0;0;0;0
11;12;12601235.0;2018;5;18;2;2;6;4;0;0;0;1;0;0;1;0;0;0;0
11;1;1200518.0;2018;5;16;5;3;5;7;0;0;1;0;1;0;0;0;0;0;0
11;4;4501151.0;2018;5;16;2;3;5;3;0;0;1;0;0;0;0;0;0;0;0
11;1;1100206.0;2018;5;16;5;3;6;4;0;1;1;1;0;0;0;0;0;0;0
11;11;11300724.0;2018;5;16;2;3;1;5;0;0;1;0;0;0;0;0;0;0;0
11;7;7300618.0;2018;5;16;5;3;1;5;0;1;1;0;0;0;0;0;0;0;0
11;11;11300725.0;2018;5;16;2;3;6;4;0;1;0;1;0;0;0;0;0;0;0
11;12;12400722.0;2018;5;15;2;3;6;4;0;0;0;1;1;0;0;0;0;0;0
11;12;12100205.0;2018;5;16;5;3;2;6;0;0;1;0;0;0;0;0;0;0;0
11;12;12500927.0;2018;5;15;2;3;5;3;0;1;1;0;0;0;0;0;0;0;0
11;1;1100308.0;2018;5;15;2;2;6;4;0;0;0;1;0;0;1;0;0;0;0
11;2;2300314.0;2018;5;15;5;3;3;6;0;1;1;0;0;0;0;0;0;0;0
11;3;3501038.0;2018;5;15;2;3;5;2;0;0;1;0;0;0;0;0;0;0;0
11;1;1100103.0;2018;5;15;2;3;5;3;0;0;1;0;0;0;0;0;0;0;0
11;12;12400723.0;2018;5;16;5;3;1;5;0;0;1;0;0;0;0;0;0;0;0
11;6;6100207.0;2018;5;15;2;3;5;2;0;0;1;0;0;0;0;0;0;0;0
11;6;6200312.0;2018;5;15;5;3;0;6;0;0;0;0;0;0;1;0;0;0;0
11;2;2200210.0;2018;5;15;2;3;5;3;0;0;1;0;0;0;0;0;0;0;0
11;1;1100416.0;2018;5;21;5;3;0;1;1;1;0;0;0;0;0;0;0;0;0
11;5;5100316.0;2018;5;14;2;3;2;6;0;0;1;0;0;0;0;0;0;0;0
11;1;1300732.0;2018;5;15;2;3;5;2;0;1;1;0;0;0;0;0;0;0;0
11;11;11300722.0;2018;5;16;4;3;5;7;0;1;0;0;0;0;0;0;0;0;0
11;7;7400721.0;2018;5;15;2;2;3;6;0;1;0;0;1;0;0;0;0;0;0
11;7;7200308.0;2018;5;10;4;3;5;7;0;1;1;0;0;0;0;0;0;0;0
11;1;1200517.0;2018;5;23;4;3;6;2;2;0;0;1;0;0;1;0;0;0;0
11;11;11300722.0;2018;5;14;2;3;2;6;0;0;1;0;0;0;0;0;0;0;0
11;5;5100210.0;2018;5;14;2;3;2;6;0;0;1;0;1;0;0;0;0;0;0
11;2;2400624.0;2018;5;23;4;3;5;3;2;1;0;0;0;0;0;0;0;0;0
11;1;1100309.0;2018;5;21;4;3;2;6;2;1;1;0;0;0;0;0;0;0;0
11;3;3501038.0;2018;5;13;2;3;0;3;0;0;1;0;0;0;1;0;0;0;0
11;2;2500833.0;2018;5;20;4;3;2;7;0;1;1;0;0;0;0;0;0;0;0
11;6;6400844.0;2018;5;13;2;3;1;5;0;1;1;0;0;0;0;0;0;0;0
11;12;12400618.0;2018;5;22;4;2;5;2;2;1;1;0;0;0;0;0;0;0;0
11;6;6200317.0;2018;5;13;2;3;5;3;0;0;1;0;0;0;0;0;0;0;0
11;6;6200421.0;2018;5;13;4;2;6;4;0;0;1;1;0;0;0;0;0;0;0
11;5;5100105.0;2018;5;15;4;3;6;2;0;0;1;1;0;0;0;0;0;0;0
11;1;1300733.0;2018;5;13;2;3;2;6;0;1;1;0;0;0;0;0;0;0;0
11;4;4300416.0;2018;5;17;4;3;0;6;0;0;1;0;1;0;0;0;0;0;0
11;11;11400929.0;2018;5;18;4;3;5;2;0;1;0;0;0;0;1;0;0;0;0
11;12;12200309.0;2018;5;16;2;3;0;1;0;0;0;0;1;0;0;0;0;0;0
11;4;4300416.0;2018;5;18;4;3;0;6;0;1;0;0;0;0;0;0;0;0;0
11;1;1200623.0;2018;5;18;4;3;5;2;0;1;1;0;0;0;0;0;0;0;0
11;8;8401244.0;2018;5;20;2;2;5;3;1;0;1;0;1;0;0;0;0;0;0
11;4;4501042.0;2018;5;19;4;3;5;3;0;1;1;0;0;0;0;0;0;0;0
11;9;9100306.0;2018;5;13;2;3;0;1;0;1;0;0;0;0;0;0;0;0;0
11;11;11400931.0;2018;5;15;4;3;5;2;0;1;1;0;0;0;0;0;0;0;0
11;1;1100206.0;2018;5;12;2;3;1;5;0;0;1;0;0;0;1;0;0;0;0
11;9;9501736.0;2018;5;19;4;3;2;6;0;0;1;0;0;0;0;0;0;0;0
11;3;3500936.0;2018;5;20;4;3;5;3;0;1;1;0;0;0;0;0;0;0;0
11;1;1200628.0;2018;5;23;1;3;0;7;2;0;0;0;1;0;0;0;0;0;0
11;9;9200715.0;2018;5;15;4;3;5;3;0;1;1;0;0;0;0;0;0;0;0
11;6;6400843.0;2018;5;13;4;3;6;4;0;1;0;1;0;0;0;0;0;0;0
11;2;2400623.0;2018;5;16;1;3;5;3;0;1;1;0;0;0;0;0;0;0;0
11;8;8100313.0;2018;5;18;1;3;5;7;0;0;1;0;1;0;0;0;0;0;0
11;12;12500825.0;2018;5;13;4;3;5;2;0;0;1;0;0;0;1;0;0;0;0
11;2;2100102.0;2018;5;15;1;3;5;3;0;0;1;0;0;0;1;0;0;0;0
11;11;11400929.0;2018;5;12;4;3;5;3;0;1;0;0;0;0;1;0;0;0;0
11;8;8100105.0;2018;5;15;1;3;1;5;0;0;1;0;1;0;0;0;0;0;0
11;6;6200315.0;2018;5;12;4;3;0;3;0;0;1;0;1;0;0;0;0;0;0
11;1;1200629.0;2018;5;15;1;3;5;2;0;0;1;0;0;0;0;0;0;0;0
11;1;1100102.0;2018;5;10;4;3;0;7;0;0;1;0;1;0;0;0;0;0;0
11;11;11400927.0;2018;5;9;4;3;5;3;0;1;0;0;0;1;0;0;0;0;0
11;1;1401047.0;2018;5;18;1;2;5;2;0;0;1;0;1;0;0;0;0;0;0
11;4;4300518.0;2018;5;8;4;3;5;2;0;1;1;0;0;0;0;0;0;0;0
11;9;9200715.0;2018;5;19;1;3;2;6;0;0;1;0;0;0;0;0;0;0;0
11;5;5200633.0;2018;5;8;4;3;5;2;0;0;1;0;0;0;0;0;0;0;0
11;5;5100103.0;2018;5;14;1;2;1;7;0;0;1;0;0;0;0;0;0;0;0
11;8;8100417.0;2018;5;20;1;3;5;3;1;0;1;0;0;0;0;0;0;0;0
11;1;1401045.0;2018;5;14;4;2;0;1;0;0;1;0;1;0;0;0;0;0;0
11;4;4200311.0;2018;5;12;1;3;2;6;0;0;1;0;0;0;0;0;0;0;0
11;1;1100309.0;2018;5;12;1;3;1;5;0;1;1;0;0;0;1;0;0;0;0
11;9;9501939.0;2018;5;17;4;2;5;3;0;1;1;0;0;0;0;0;0;0;0
11;8;8100415.0;2018;5;18;4;2;6;4;0;1;0;1;0;0;0;0;0;0;0
11;6;6100205.0;2018;5;13;1;3;0;3;0;0;1;0;1;0;0;0;0;0;0
11;5;5200632.0;2018;5;15;4;3;1;1;0;0;1;0;0;0;0;0;0;0;0
11;7;7501031.0;2018;5;12;1;3;3;2;0;0;1;0;1;0;0;0;0;0;0
11;5;5200629.0;2018;5;12;1;3;5;3;0;0;1;0;0;0;0;0;0;0;0
11;2;2100102.0;2018;5;17;4;3;1;5;0;1;0;0;0;0;1;0;0;0;0
11;7;7200307.0;2018;5;9;1;3;6;2;0;0;1;1;0;0;0;0;0;0;0
11;8;8100105.0;2018;5;14;1;2;6;4;0;0;1;1;0;0;0;0;0;0;0
11;11;11501340.0;2018;5;13;4;2;0;1;0;1;0;0;0;0;0;0;0;0;0
11;12;12100204.0;2018;5;11;1;2;5;7;0;0;1;0;1;0;0;0;0;0;0
11;7;7400927.0;2018;5;23;1;2;5;3;2;0;1;0;0;0;0;0;0;0;0
11;9;9100306.0;2018;5;16;1;2;0;7;0;1;0;0;0;0;0;0;0;0;0
11;1;1100309.0;2018;5;15;4;3;0;1;0;1;0;0;0;0;0;0;0;0;0