LAND;BEZ;LOR_ab_2021;UJAHR;UMONAT;USTUNDE;UWOCHENTAG;UKATEGORIE;UART;UTYP1;ULICHTVERH;IstRad;IstPKW;IstFuss;IstKrad;IstGkfz;IstSonstige;USTRZUSTAND;LOCKDOWN;COVID;FERIEN
11;3;3400618.0;2018;5;11;1;2;3;6;0;1;1;0;0;0;0;0;0;0;0
11;5;5100101.0;2018;5;1;1;3;0;1;2;1;0;0;0;0;0;0;0;0;0
11;6;6400844.0;2018;5;14;7;3;1;5;0;0;1;0;0;0;0;0;0;0;0
11;1;1300836.0;2018;5;19;4;3;3;6;0;0;1;0;0;0;1;0;0;0;0
11;8;8100520.0;2018;5;1;1;2;5;3;2;0;1;0;0;0;0;0;0;0;0
11;2;2100106.0;2018;5;17;7;2;1;6;0;1;0;0;0;1;1;0;0;0;0
11;7;7100101.0;2018;5;8;4;3;5;2;0;1;1;0;0;0;0;0;0;0;0
11;7;7200308.0;2018;5;17;7;3;5;3;0;1;1;0;0;0;0;0;0;0;0
11;9;9300923.0;2018;5;11;7;3;5;3;0;1;0;0;0;0;1;0;0;0;0
11;1;1100311.0;2018;5;7;4;2;6;4;0;0;1;1;0;0;0;0;0;0;0
11;4;4300517.0;2018;5;23;7;3;0;5;2;0;1;0;0;0;1;0;0;0;0
11;3;3300413.0;2018;5;7;4;2;5;3;0;0;1;0;1;0;0;0;0;0;0
11;8;8100209.0;2018;5;19;7;3;5;7;0;0;1;0;0;0;0;0;0;0;0
11;11;11200410.0;2018;5;5;4;3;5;2;0;1;1;0;0;0;0;0;0;0;0
11;10;10300732.0;2018;5;5;4;3;1;5;0;0;1;0;0;0;1;0;0;0;0
11;1;1100102.0;2018;5;18;7;3;6;4;0;0;1;1;0;0;0;0;0;0;0
11;2;2500833.0;2018;5;19;7;3;5;7;1;1;1;0;0;0;0;0;0;0;0
11;1;1100311.0;2018;5;0;4;3;2;6;2;0;1;0;0;0;0;0;0;0;0
11;7;7400826.0;2018;5;8;3;3;3;6;0;0;1;0;0;0;1;0;0;0;0
11;7;7601547.0;2018;5;19;7;3;5;3;0;1;1;0;0;0;0;0;0;0;0
11;1;1300733.0;2018;5;22;3;3;2;6;2;0;1;0;0;0;0;1;0;0;0
11;3;3500935.0;2018;5;15;7;3;5;7;0;0;1;0;1;0;0;0;0;0;0
11;3;3701555.0;2018;5;16;7;3;1;5;0;1;1;0;0;0;0;0;0;0;0
11;6;6100103.0;2018;5;9;3;2;3;6;0;1;0;0;0;0;1;0;0;0;0
11;1;1200623.0;2018;5;15;7;3;5;3;0;1;1;0;0;0;0;0;0;0;0
11;7;7400823.0;2018;5;14;7;3;5;3;0;0;1;0;0;0;0;0;0;0;0
11;11;11401136.0;2018;5;15;3;3;5;3;0;0;1;0;0;0;0;0;0;0;0
11;2;2300419.0;2018;5;13;7;3;3;6;0;0;1;0;1;0;0;0;0;0;0
11;11;11300722.0;2018;5;13;7;3;2;6;0;0;1;0;1;0;0;0;0;0;0
11;2;2200209.0;2018;5;15;3;3;0;2;0;0;1;0;1;0;0;0;0;0;0
11;6;6400844.0;2018;5;18;7;3;5;2;0;0;1;0;0;0;0;0;0;0;0
11;2;2300316.0;2018;5;13;7;3;2;6;0;0;1;0;1;0;0;0;0;0;0
11;2;2100101.0;2018;5;18;3;3;5;7;0;1;1;0;0;0;0;1;0;0;0
11;1;1100310.0;2018;5;11;7;3;3;6;0;1;0;0;0;0;0;0;0;0;0
11;4;4300416.0;2018;5;11;3;3;5;3;0;1;1;0;0;0;0;0;0;0;0
11;4;4501042.0;2018;5;12;7;3;5;3;0;1;0;0;0;0;1;0;0;0;0
11;4;4400727.0;2018;5;10;3;3;5;2;0;1;1;0;0;0;0;0;0;0;0
11;10;10400938.0;2018;5;20;7;3;5;3;1;0;1;0;0;0;0;0;0;0;0
11;8;8401246.0;2018;5;10;7;3;2;7;0;1;1;0;0;0;0;0;0;0;0
11;2;2200210.0;2018;5;10;3;3;5;3;0;1;1;0;0;0;0;0;0;0;0
11;7;7400720.0;2018;5;20;7;3;1;5;1;1;1;0;0;0;0;0;0;0;0
11;2;2100106.0;2018;5;6;7;3;5;7;0;0;1;0;0;0;0;0;0;0;0
11;12;12400723.0;2018;5;10;3;3;0;3;0;1;1;0;0;0;0;0;0;0;0
11;7;7300517.0;2018;5;20;7;3;0;1;0;0;0;0;1;0;0;0;0;0;0
11;1;1100311.0;2018;5;15;7;3;5;2;0;1;1;0;0;0;0;0;0;0;0
11;1;1100309.0;2018;5;18;7;3;3;6;0;0;1;0;0;0;0;0;0;0;0
11;3;3601451.0;2018;5;7;3;3;6;7;0;1;0;1;0;0;0;0;0;0;0
11;7;7400720.0;2018;5;15;7;2;5;2;0;0;1;0;0;0;0;0;0;0;0
11;8;8200624.0;2018;5;15;7;3;5;3;0;0;1;0;0;0;0;0;0;0;0
11;7;7100204.0;2018;5;14;7;3;1;5;0;0;1;0;0;0;1;0;0;0;0
11;1;1100416.0;2018;5;20;3;3;2;6;2;0;1;0;0;0;0;1;0;0;0
11;9;9200819.0;2018;5;14;7;2;6;4;0;0;0;1;0;0;1;0;0;0;0
11;4;4200308.0;2018;5;11;7;3;0;1;0;1;0;0;0;0;0;0;0;0;0
11;9;9200715.0;2018;5;15;6;3;3;2;0;0;1;0;0;1;0;0;0;0;0
11;5;5200420.0;2018;5;19;3;3;5;3;1;0;1;0;0;0;0;1;0;0;0
11;1;1400942.0;2018;5;13;7;3;1;5;0;1;1;0;0;0;0;0;0;0;0
11;3;3200205.0;2018;5;19;3;3;5;3;1;0;1;0;0;0;0;1;0;0;0
11;10;10100311.0;2018;5;8;7;2;5;2;0;1;1;0;0;0;0;0;0;0;0
11;3;3300517.0;2018;5;15;6;3;5;3;0;1;1;0;0;0;0;0;0;0;0
11;7;7100205.0;2018;5;18;3;3;2;6;0;0;1;0;0;0;0;1;0;0;0
11;12;12100103.0;2018;5;8;7;2;5;3;0;1;1;0;0;0;0;0;0;0;0
11;9;9100408.0;2018;5;15;6;3;2;6;0;0;1;0;0;0;0;0;0;0;0
11;7;7501029.0;2018;5;9;3;3;5;2;0;1;1;0;0;0;0;0;0;0;0
11;12;12100101.0;2018;5;9;7;3;5;2;0;1;1;0;0;0;0;0;0;0;0
11;1;1100310.0;2018;5;0;6;3;1;5;2;1;1;0;0;0;0;0;0;0;0
11;2;2100106.0;2018;5;17;6;3;6;2;0;0;0;1;0;0;1;0;0;0;0
11;9;9501939.0;2018;5;9;3;3;2;6;0;0;1;0;1;0;0;0;0;0;0
11;8;8200832.0;2018;5;10;7;3;1;5;0;0;1;0;0;0;0;0;0;0;0
11;7;7300517.0;2018;5;16;6;3;6;7;0;1;0;1;0;0;0;0;0;0;0
11;4;4300412.0;2018;5;15;6;3;0;2;0;1;1;0;0;0;0;0;0;0;0
11;7;7400927.0;2018;5;9;3;3;5;2;0;1;1;0;0;0;0;0;0;0;0
11;9;9100407.0;2018;5;12;7;2;5;3;0;0;1;0;1;0;0;0;0;0;0
11;9;9401635.0;2018;5;15;6;3;4;6;0;1;1;0;0;0;0;0;0;0;0
11;2;2300315.0;2018;5;8;3;3;5;2;0;1;0;0;1;0;0;0;0;0;0
11;7;7300517.0;2018;5;12;7;3;5;2;0;0;1;0;0;0;1;0;0;0;0
11;8;8100206.0;2018;5;18;6;3;5;3;0;0;1;0;0;0;0;0;0;0;0
11;12;12200515.0;2018;5;8;3;3;5;2;0;1;1;0;0;0;0;0;0;0;0
11;2;2500833.0;2018;5;4;7;2;5;3;1;1;1;0;0;0;0;0;0;0;0
11;5;5200629.0;2018;5;1;7;3;5;3;2;0;1;0;0;0;0;0;0;0;0
11;12;12200412.0;2018;5;14;6;3;2;6;0;0;1;0;0;0;0;0;0;0;0
11;3;3300412.0;2018;5;7;3;3;5;3;0;0;1;0;1;0;0;0;0;0;0
11;7;7400824.0;2018;5;0;7;3;9;1;2;0;1;0;0;0;0;0;0;0;0
11;12;12400617.0;2018;5;12;6;3;5;3;0;1;1;0;0;0;0;0;0;0;0
11;11;11501238.0;2018;5;6;3;2;5;7;0;0;1;0;0;0;1;0;0;0;0
11;10;10100312.0;2018;5;14;7;2;6;4;0;0;1;1;0;0;0;0;0;0;0
11;1;1100206.0;2018;5;11;6;3;1;5;0;1;1;0;0;0;0;0;0;0;0
11;4;4300414.0;2018;5;9;6;3;0;2;0;1;1;0;0;0;0;0;0;0;0
11;2;2300315.0;2018;5;13;3;3;5;3;0;1;1;0;0;0;0;0;0;0;0
11;9;9401534.0;2018;5;12;7;3;0;1;0;1;0;0;0;0;0;0;0;0;0
11;1;1100102.0;2018;5;9;6;3;5;3;0;1;1;0;0;0;0;0;0;0;0
11;9;9200819.0;2018;5;6;6;3;5;3;0;1;1;0;0;0;0;0;0;0;0
11;6;6100209.0;2018;5;18;3;3;5;3;0;0;1;0;0;0;0;1;0;0;0
11;6;6100207.0;2018;5;7;6;3;2;6;0;0;1;0;1;1;0;0;0;0;0
11;7;7501134.0;2018;5;19;6;3;1;5;0;0;1;0;0;0;0;0;0;0;0
11;4;4300620.0;2018;5;9;3;3;2;6;0;1;1;0;0;0;0;0;0;0;0
11;5;5200629.0;2018;5;22;6;2;4;6;2;0;1;0;0;0;0;0;0;0;0
11;9;9100409.0;2018;5;2;6;2;5;3;2;0;1;0;1;0;0;0;0;0;0
11;12;12601133.0;2018;5;17;6;2;6;4;0;0;0;1;0;0;1;0;0;0;0
11;1;1400942.0;2018;5;10;3;3;5;2;0;0;1;0;0;0;0;0;0;0;0
11;1;1200517.0;2018;5;17;6;3;0;5;0;0;1;0;0;0;0;0;0;0;0
11;6;6400838.0;2018;5;12;6;2;6;4;0;0;1;1;0;0;0;0;0;0;0
11;11;11400931.0;2018;5;7;3;2;6;4;0;0;1;1;0;0;0;0;0;0;0
11;8;8100105.0;2018;5;20;6;3;6;7;0;1;0;1;0;0;0;0;0;0;0
11;3;3200207.0;2018;5;16;6;3;5;3;0;0;1;0;0;0;0;0;0;0;0
11;5;5100316.0;2018;5;8;3;2;3;2;0;0;1;0;1;0;0;0;0;0;0
11;3;3601449.0;2018;5;17;6;3;1;1;0;0;1;0;1;0;0;0;0;0;0
11;10;10100312.0;2018;5;8;3;3;6;4;0;0;1;1;0;0;0;0;0;0;0
11;12;12400619.0;2018;5;1;3;3;9;1;2;0;1;0;0;0;0;0;0;0;0
11;12;12100205.0;2018;5;19;6;3;5;2;0;1;1;0;0;0;0;0;0;0;0
11;9;9502043.0;2018;5;12;6;3;2;6;0;0;1;0;0;0;0;0;0;0;0
11;6;6300634.0;2018;5;18;3;3;0;3;1;0;1;0;0;0;0;1;0;0;0
11;1;1200517.0;2018;5;18;6;3;2;6;0;0;1;0;0;0;0;0;0;0;0
11;11;11501340.0;2018;5;14;3;2;6;4;0;0;1;1;0;0;0;0;0;0;0
11;8;8100417.0;2018;5;18;6;3;6;2;1;0;1;1;0;0;0;0;0;0;0
11;3;3601244.0;2018;5;19;6;2;5;3;0;0;1;0;1;0;0;0;0;0;0
11;1;1100310.0;2018;5;18;3;2;0;1;0;1;0;0;0;0;0;1;0;0;0
11;6;6100209.0;2018;5;6;6;3;0;3;0;1;1;0;0;0;0;0;0;0;0
11;12;12100205.0;2018;5;17;5;3;1;5;0;0;1;0;0;0;1;0;0;0;0
11;1;1100207.0;2018;5;18;3;3;5;3;0;1;1;0;0;0;0;1;0;0;0
11;11;11200513.0;2018;5;23;5;3;5;2;2;0;1;0;1;0;0;1;0;0;0
11;11;11300722.0;2018;5;18;3;3;0;1;1;0;0;0;1;0;0;1;0;0;0
11;1;1100313.0;2018;5;18;6;3;1;5;0;1;1;0;0;0;0;0;0;0;0
11;8;8100310.0;2018;5;17;3;3;5;3;0;0;1;0;0;0;0;1;0;0;0
11;1;1401046.0;2018;5;16;3;3;3;6;0;1;0;0;0;0;0;1;0;0;0
11;7;7501133.0;2018;5;17;6;3;2;2;0;0;0;0;1;0;1;0;0;0;0
11;11;11300619.0;2018;5;22;5;3;5;2;2;0;1;0;1;0;0;1;0;0;0
11;5;5300737.0;2018;5;16;3;3;5;3;0;1;1;0;0;0;0;0;0;0;0
11;11;11501340.0;2018;5;21;5;3;6;4;2;0;1;1;0;0;0;1;0;0;0
11;1;1100416.0;2018;5;16;3;2;5;2;0;1;1;0;0;0;0;0;0;0;0
11;5;5200420.0;2018;5;17;6;3;5;7;0;0;1;0;1;0;0;0;0;0;0
11;4;4300620.0;2018;5;16;3;3;2;6;0;0;1;0;0;0;0;0;0;0;0
11;4;4300624.0;2018;5;16;6;3;2;7;0;0;1;0;1;0;0;0;0;0;0
11;8;8200727.0;2018;5;17;5;3;2;3;0;1;1;0;0;0;0;0;0;0;0
11;3;3601346.0;2018;5;16;3;3;1;5;0;1;1;0;0;0;0;1;0;0;0
11;4;4400725.0;2018;5;16;6;3;5;3;0;1;1;0;0;0;0;0;0;0;0
11;10;10400941.0;2018;5;16;3;3;5;3;0;1;1;0;0;0;0;0;0;0;0
11;6;6300633.0;2018;5;16;6;3;5;3;0;0;1;0;0;0;0;0;0;0;0
11;2;2300316.0;2018;5;17;5;3;2;1;0;0;1;0;1;0;0;0;0;0;0
11;9;9501939.0;2018;5;20;5;2;5;2;2;1;1;0;0;0;0;1;0;0;0
11;11;11200411.0;2018;5;15;3;2;5;2;0;1;1;0;0;0;0;0;0;0;0
11;12;12200515.0;2018;5;16;6;2;2;2;0;0;1;0;0;0;1;0;0;0;0
11;2;2100102.0;2018;5;21;5;3;6;2;2;0;1;1;0;0;0;1;0;0;0
11;3;3400619.0;2018;5;14;3;3;6;4;0;0;1;1;0;0;0;0;0;0;0
11;3;3501037.0;2018;5;15;6;3;5;2;0;1;1;0;0;0;0;0;0;0;0
11;11;11200514.0;2018;5;15;6;3;5;3;0;1;1;0;0;0;0;0;0;0;0
11;10;10400940.0;2018;5;19;5;2;0;1;1;0;1;0;1;0;0;1;0;0;0
11;9;9301126.0;2018;5;14;3;3;6;4;0;0;0;1;1;0;0;0;0;0;0
11;10;10200420.0;2018;5;10;6;3;5;2;0;0;1;0;0;0;0;0;0;0;0
11;4;4501148.0;2018;5;18;5;3;8;1;0;0;1;0;0;0;0;0;0;0;0
11;7;7400824.0;2018;5;10;6;3;5;3;0;0;1;0;1;0;0;0;0;0;0
11;4;4200308.0;2018;5;17;5;3;2;6;0;0;1;0;0;0;0;0;0;0;0
11;1;1401049.0;2018;5;7;3;3;5;2;0;1;1;0;0;0;0;0;0;0;0
11;2;2200208.0;2018;5;10;6;3;5;2;0;1;1;0;0;0;0;0;0;0;0
11;3;3400620.0;2018;5;16;5;3;5;2;0;1;1;0;0;0;0;0;0;0;0
11;1;1200520.0;2018;5;20;2;3;1;5;0;1;1;0;0;0;1;0;0;0;0
11;6;6300525.0;2018;5;10;6;3;1;5;0;0;1;0;0;0;0;0;0;0;0
11;5;5200630.0;2018;5;13;5;3;5;3;0;1;1;0;0;0;0;0;0;0;0
11;6;6400840.0;2018;5;13;5;3;7;7;0;0;1;0;0;0;0;0;0;0;0
11;12;12100102.0;2018;5;13;2;3;3;6;0;1;1;0;0;0;0;0;0;0;0
11;1;1100415.0;2018;5;9;6;3;0;1;0;0;0;0;1;0;0;0;0;0;0
11;8;8200623.0;2018;5;13;5;2;5;2;0;0;1;0;1;0;0;0;0;0;0
11;11;11300723.0;2018;5;11;5;2;6;7;0;0;1;1;0;0;0;0;0;0;0
11;2;2100103.0;2018;5;15;2;3;5;2;0;1;1;0;0;0;0;0;0;0;0
11;8;8100417.0;2018;5;9;6;3;5;2;0;1;1;0;0;0;0;0;0;0;0
11;1;1100308.0;2018;5;8;6;2;6;4;0;1;0;1;0;0;0;0;0;0;0
11;7;7300517.0;2018;5;0;5;3;6;4;2;0;1;1;0;0;0;0;0;0;0
11;1;1100101.0;2018;5;16;2;3;2;2;0;0;1;0;0;1;0;0;0;0;0
11;1;1200628.0;2018;5;7;6;2;3;6;0;1;1;0;0;1;0;0;0;0;0
11;12;12400619.0;2018;5;16;5;2;0;5;0;1;0;0;0;0;1;0;0;0;0
11;3;3200309.0;2018;5;15;2;3;5;3;0;1;1;0;0;0;0;0;0;0;0
11;10;10400940.0;2018;5;7;6;3;2;6;0;0;1;0;0;0;0;0;0;0;0
11;2;2200210.0;2018;5;12;5;3;5;2;0;0;1;0;0;0;1;0;0;0;0
11;8;8100415.0;2018;5;15;4;3;1;5;0;1;1;0;0;0;0;0;0;0;0
11;4;4501041.0;2018;5;17;2;3;0;2;0;1;1;0;0;0;0;0;0;0;0
11;6;6100101.0;2018;5;7;6;3;6;2;0;0;1;1;0;0;0;0;0;0;0
11;5;5300841.0;2018;5;18;2;3;0;2;0;1;1;0;0;0;0;0;0;0;0
11;3;3500934.0;2018;5;5;6;3;5;3;1;0;1;0;0;0;0;0;0;0;0
11;1;1100313.0;2018;5;14;4;3;1;5;0;1;0;0;0;0;1;0;0;0;0
11;5;5100316.0;2018;5;16;4;3;5;2;0;0;1;0;0;0;0;0;0;0;0
11;7;7601339.0;2018;5;6;2;3;5;2;0;0;1;0;0;0;0;0;0;0;0
11;3;3701660.0;2018;5;14;6;3;5;3;0;0;1;0;0;0;0;0;0;0;0
11;6;6400841.0;2018;5;16;4;3;6;4;0;1;0;1;0;0;0;0;0;0;0
11;6;6200422.0;2018;5;21;4;2;5;3;2;0;1;0;0;0;0;1;0;0;0
11;6;6300528.0;2018;5;9;2;3;0;7;0;0;0;0;1;0;0;0;0;0;0
11;5;5200632.0;2018;5;12;6;3;0;1;0;0;0;0;0;0;1;0;0;0;0
11;12;12200309.0;2018;5;13;6;3;0;2;0;0;0;1;0;0;1;0;0;0;0
11;1;1200520.0;2018;5;22;2;3;2;2;2;0;1;0;0;0;0;0;0;0;0
11;1;1300834.0;2018;5;13;6;3;6;7;0;0;1;1;0;0;0;0;0;0;0
11;11;11200411.0;2018;5;14;4;3;5;3;0;0;1;0;1;0;0;0;0;0;0
11;4;4200207.0;2018;5;7;2;3;5;3;0;1;0;0;0;0;1;0;0;0;0
11;6;6300528.0;2018;5;13;6;3;2;6;0;0;1;0;0;0;0;0;0;0;0
11;12;12400723.0;2018;5;13;4;3;2;2;0;0;1;0;0;0;0;0;0;0;0
11;6;6400841.0;2018;5;15;2;3;5;2;0;1;1;0;0;0;0;0;0;0;0
11;12;12200307.0;2018;5;12;4;3;6;4;0;0;1;1;0;0;0;0;0;0;0
11;12;12200412.0;2018;5;11;2;3;2;6;0;0;1;0;0;0;0;0;0;0;0
11;11;11400929.0;2018;5;11;2;3;5;2;0;0;1;0;1;0;0;0;0;0;0
11;4;4501041.0;2018;5;16;5;3;2;6;0;1;1;0;0;0;0;0;0;0;0
11;5;5200630.0;2018;5;11;4;3;1;5;0;1;1;0;0;0;0;0;0;0;0
11;4;4200311.0;2018;5;10;2;3;5;2;0;1;1;0;0;0;0;0;0;0;0
11;6;6200317.0;2018;5;21;5;3;6;7;0;0;1;1;0;0;0;0;0;0;0
11;1;1100308.0;2018;5;10;2;3;6;4;0;0;1;1;0;0;0;0;0;0;0
11;4;4500939.0;2018;5;9;4;3;5;2;0;1;1;0;0;0;0;0;0;0;0
11;2;2500832.0;2018;5;9;2;3;7;7;0;1;0;0;0;0;0;0;0;0;0
11;5;5100210.0;2018;5;15;5;3;2;6;0;0;1;0;0;0;1;0;0;0;0
11;6;6100103.0;2018;5;15;5;3;6;4;0;1;0;1;0;0;0;0;0;0;0
11;1;1100103.0;2018;5;12;2;3;5;2;0;1;1;0;0;0;0;0;0;0;0
11;1;1400939.0;2018;5;14;5;3;5;3;0;1;1;0;0;0;0;0;0;0;0
11;3;3400619.0;2018;5;9;4;3;2;6;0;1;1;0;0;0;0;0;0;0;0
11;5;5100101.0;2018;5;8;2;3;2;6;0;0;1;0;0;0;0;0;0;0;0
11;2;2100102.0;2018;5;14;5;3;5;3;0;1;0;0;1;0;0;0;0;0;0
11;9;9200715.0;2018;5;9;4;3;5;2;0;0;1;0;0;0;0;0;0;0;0
11;1;1401045.0;2018;5;13;2;3;0;6;0;0;1;0;1;0;0;0;0;0;0
11;3;3500932.0;2018;5;14;4;3;5;3;0;1;1;0;0;0;0;0;0;0;0
11;7;7400823.0;2018;5;8;2;3;5;2;0;1;1;0;0;0;0;0;0;0;0
11;4;4300622.0;2018;5;23;5;3;2;6;2;0;1;0;0;0;0;0;0;0;0
11;8;8200622.0;2018;5;8;2;3;5;2;0;0;1;0;0;0;0;0;0;0;0
11;1;1200628.0;2018;5;23;5;3;5;2;2;0;1;0;0;0;0;0;0;0;0
11;10;10400835.0;2018;5;6;4;3;2;2;0;0;1;0;0;0;0;0;0;0;0
11;1;1300835.0;2018;5;8;2;3;5;2;0;1;0;0;0;1;0;0;0;0;0
11;8;8100206.0;2018;5;14;5;3;1;5;0;1;1;0;0;0;0;0;0;0;0
11;9;9401329.0;2018;5;8;2;3;5;2;0;1;1;0;0;0;0;0;0;0;0
11;4;4300620.0;2018;5;13;5;3;5;7;0;0;1;0;1;0;0;0;0;0;0
11;7;7601339.0;2018;5;22;4;2;5;2;2;0;1;0;1;0;0;0;0;0;0
11;4;4300412.0;2018;5;22;4;2;6;4;2;0;1;1;0;0;0;0;0;0;0
11;2;2200209.0;2018;5;8;2;3;5;3;0;1;1;0;0;0;0;0;0;0;0
11;1;1100416.0;2018;5;22;5;2;0;1;2;1;0;0;0;0;0;0;0;0;0
11;1;1401044.0;2018;5;20;4;3;0;1;1;1;0;0;0;0;0;1;0;0;0
11;9;9300920.0;2018;5;12;5;3;6;4;0;0;1;1;0;0;0;0;0;0;0
11;4;4300624.0;2018;5;20;4;3;5;2;1;0;1;0;0;0;0;1;0;0;0
11;3;3601245.0;2018;5;8;2;3;5;3;0;1;0;0;0;0;1;0;0;0;0
11;8;8100311.0;2018;5;11;5;3;2;2;0;0;1;0;1;0;0;0;0;0;0
11;3;3501037.0;2018;5;18;4;3;2;6;0;1;1;0;0;0;0;0;0;0;0
11;7;7100103.0;2018;5;19;4;2;6;4;0;1;0;1;0;0;0;0;0;0;0
11;3;3500934.0;2018;5;8;2;3;5;7;0;1;1;0;0;0;0;0;0;0;0
11;6;6300634.0;2018;5;22;5;3;2;2;2;1;1;0;0;0;0;0;0;0;0
11;5;5100104.0;2018;5;7;2;3;5;2;0;1;1;0;0;0;0;0;0;0;0
11;8;8100418.0;2018;5;11;5;3;6;4;0;0;1;1;0;0;0;0;0;0;0
11;2;2200209.0;2018;5;19;4;3;5;7;0;0;1;0;0;0;0;0;0;0;0
11;5;5300737.0;2018;5;6;2;3;3;6;0;0;1;0;0;0;1;0;0;0;0
11;1;1100308.0;2018;5;11;5;3;5;3;0;1;1;0;0;0;0;0;0;0;0
11;10;10400837.0;2018;5;17;4;3;5;2;0;1;1;0;0;0;0;0;0;0;0
11;11;11501340.0;2018;5;6;2;3;2;6;0;0;1;0;0;1;0;0;0;0;0
11;10;10400941.0;2018;5;11;5;3;5;3;0;1;1;0;0;0;0;0;0;0;0
11;5;5100103.0;2018;5;8;4;3;6;4;0;0;1;1;0;0;0;0;0;0;0
11;12;12601031.0;2018;5;7;4;3;6;4;0;0;1;1;0;0;0;0;0;0;0
11;11;11300617.0;2018;5;14;5;3;2;6;0;0;1;0;0;1;0;0;0;0;0
11;1;1100102.0;2018;5;7;4;3;5;2;0;1;0;0;0;0;1;0;0;0;0
11;7;7601442.0;2018;5;15;1;3;5;2;0;1;1;0;0;0;0;0;0;0;0
11;3;3400723.0;2018;5;9;5;3;2;6;0;1;1;0;0;0;0;0;0;0;0
11;2;2200210.0;2018;5;13;6;3;5;2;0;0;1;0;0;0;0;0;0;0;0
11;12;12500825.0;2018;5;17;4;3;6;4;0;0;1;1;0;0;0;0;0;0;0
11;7;7400721.0;2018;5;18;5;3;5;2;0;0;1;0;1;0;0;0;0;0;0
11;1;1100102.0;2018;5;11;4;3;6;6;0;1;0;1;0;0;0;0;0;0;0
11;7;7300516.0;2018;5;18;4;3;5;2;0;0;1;0;1;0;0;0;0;0;0
11;8;8401244.0;2018;5;16;4;3;0;2;0;0;1;0;0;0;1;0;0;0;0
11;7;7200307.0;2018;5;10;4;3;5;2;0;1;1;0;0;0;0;0;0;0;0
11;12;12500930.0;2018;5;13;6;3;5;2;0;1;0;0;0;0;1;0;0;0;0
11;12;12601235.0;2018;5;9;6;3;2;6;0;0;1;0;0;0;0;0;0;0;0
11;10;10300734.0;2018;5;16;4;3;5;3;0;1;1;0;0;0;0;0;0;0;0
11;3;3400724.0;2018;5;17;5;3;4;7;0;1;0;0;0;0;0;0;0;0;0
11;1;1100102.0;2018;5;21;4;3;1;5;2;1;1;0;0;0;0;0;0;0;0
11;1;1100308.0;2018;5;20;4;3;2;7;0;1;1;0;0;0;0;0;0;0;0
11;10;10100312.0;2018;5;16;5;3;5;2;0;1;1;0;0;0;0;0;0;0;0
11;4;4501150.0;2018;5;19;4;3;2;2;0;0;1;0;0;0;0;0;0;0;0
11;1;1100104.0;2018;5;15;5;3;5;3;0;1;1;0;0;0;0;0;0;0;0
11;4;4300621.0;2018;5;14;4;3;0;5;0;0;1;0;0;0;0;0;0;0;0
11;3;3601243.0;2018;5;6;5;3;5;3;0;1;1;0;0;0;0;0;0;0;0
11;5;5200526.0;2018;5;16;7;2;3;6;0;0;1;0;0;0;0;0;0;0;0
11;2;2200213.0;2018;5;19;4;3;2;7;0;1;0;0;0;0;1;0;0;0;0
11;10;10200627.0;2018;5;21;6;2;8;1;0;0;0;0;1;0;0;0;0;0;0
11;12;12200414.0;2018;5;8;6;3;2;6;0;0;1;0;0;0;1;0;0;0;0
11;11;11501339.0;2018;5;19;4;3;5;2;0;1;1;0;0;0;0;0;0;0;0
11;1;1100310.0;2018;5;15;5;3;5;2;0;1;0;0;0;0;1;0;0;0;0
11;2;2100104.0;2018;5;18;4;3;5;2;0;1;1;0;0;0;0;0;0;0;0
11;3;3200204.0;2018;5;17;4;3;5;2;0;1;1;0;0;0;0;0;0;0;0
11;2;2200211.0;2018;5;17;4;3;1;5;0;1;1;0;0;0;0;0;0;0;0
11;4;4501149.0;2018;5;18;6;3;5;5;0;1;1;0;0;0;0;0;0;0;0
11;4;4501040.0;2018;5;22;4;3;0;2;2;0;1;0;0;0;1;0;0;0;0
11;9;9401534.0;2018;5;22;4;2;6;4;2;0;0;1;0;1;0;0;0;0;0
11;7;7300516.0;2018;5;17;6;3;5;2;0;1;1;0;0;0;0;0;0;0;0
11;5;5100317.0;2018;5;10;5;3;6;7;0;1;0;1;0;0;0;0;0;0;0
11;7;7300516.0;2018;5;18;4;3;0;1;0;1;0;0;0;0;0;0;0;0;0
11;11;11400929.0;2018;5;15;4;3;0;4;0;0;0;1;0;0;1;0;0;0;0
11;11;3601450.0;2018;5;15;4;3;5;3;0;1;0;0;0;0;1;0;0;0;0
11;11;11100308.0;2018;5;15;4;3;5;3;0;1;1;0;0;0;0;0;0;0;0
11;9;9501736.0;2018;5;16;4;3;0;3;0;1;1;0;0;0;0;0;0;0;0
11;3;3601348.0;2018;5;15;6;3;5;3;0;0;1;0;0;0;0;0;0;0;0
11;6;6400839.0;2018;5;16;4;3;1;5;0;1;0;0;0;0;1;0;0;0;0
11;3;2400520.0;2018;5;19;5;3;2;6;0;0;1;0;1;0;0;0;0;0;0
11;2;2400623.0;2018;5;16;4;3;5;2;0;1;1;0;0;0;0;0;0;0;0
11;12;12200412.0;2018;5;15;4;3;6;2;0;0;1;1;0;0;0;0;0;0;0
11;2;2500729.0;2018;5;20;5;3;1;5;1;1;0;0;0;0;1;0;0;0;0
11;2;2300316.0;2018;5;15;4;3;5;2;0;1;1;0;0;0;0;0;0;0;0
11;3;3400723.0;2018;5;15;4;3;5;3;0;0;1;0;0;0;1;0;0;0;0