LAND;BEZ;LOR_ab_2021;UJAHR;UMONAT;USTUNDE;UWOCHENTAG;UKATEGORIE;UART;UTYP1;ULICHTVERH;IstRad;IstPKW;IstFuss;IstKrad;IstGkfz;IstSonstige;USTRZUSTAND;LOCKDOWN;COVID;FERIEN
11;1;1100102.0;2018;5;15;4;3;3;6;0;0;1;0;1;0;0;0;0;0;0
11;12;12400619.0;2018;5;16;4;2;5;3;0;0;1;0;1;0;0;0;0;0;0
11;9;9100407.0;2018;5;14;5;3;2;6;0;0;0;0;1;0;1;0;0;0;0
11;10;10100104.0;2018;5;16;4;2;5;3;0;1;1;0;0;0;0;0;0;0;0
11;8;8100521.0;2018;5;12;6;3;5;3;0;0;1;0;1;0;0;0;0;0;0
11;12;12400616.0;2018;5;15;4;2;5;3;0;1;1;0;0;0;0;0;0;0;0
11;9;9100408.0;2018;5;20;5;3;5;3;0;1;1;0;0;0;0;0;0;0;0
11;2;2500836.0;2018;5;15;4;2;5;2;0;1;1;0;0;0;0;0;0;0;0
11;5;5300839.0;2018;5;14;5;3;5;3;0;0;1;0;0;0;0;0;0;0;0
11;2;2400623.0;2018;5;15;4;2;5;2;0;0;1;0;0;0;0;0;0;0;0
11;1;1100102.0;2018;5;5;5;3;5;2;0;1;0;0;1;0;0;0;0;0;0
11;11;11200410.0;2018;5;17;4;2;6;4;0;0;1;1;0;0;0;0;0;0;0
11;5;5100315.0;2018;5;23;6;3;1;1;2;0;1;0;0;0;1;0;0;0;0
11;4;4500936.0;2018;5;18;5;3;6;2;0;0;1;1;0;0;0;0;0;0;0
11;7;7501029.0;2018;5;7;4;3;5;3;0;0;1;0;0;0;0;0;0;0;0
11;6;6100210.0;2018;5;7;4;3;5;2;0;1;1;0;0;0;0;0;0;0;0
11;5;5100317.0;2018;5;17;6;3;6;4;0;1;0;1;0;0;0;0;0;0;0
11;1;1401048.0;2018;5;6;6;3;0;1;0;0;0;0;1;0;0;0;0;0;0
11;5;5100316.0;2018;5;7;4;3;2;6;0;0;1;0;0;0;0;0;0;0;0
11;5;5300736.0;2018;5;16;5;3;2;6;0;0;1;0;1;0;0;0;0;0;0
11;7;7400823.0;2018;5;6;4;3;5;2;0;0;1;0;0;0;0;0;0;0;0
11;5;5400943.0;2018;5;14;5;3;3;6;0;1;0;0;0;0;0;0;0;0;0
11;2;2400521.0;2018;5;6;4;3;5;2;0;1;0;0;0;0;1;0;0;0;0
11;4;4100101.0;2018;5;12;7;3;1;5;0;0;1;0;1;0;0;0;0;0;0
11;1;1100310.0;2018;5;6;4;3;2;6;0;0;1;0;1;0;0;0;0;0;0
11;1;1100415.0;2018;5;15;6;3;5;3;0;1;1;0;0;0;0;0;0;0;0
11;1;1401045.0;2018;5;7;6;3;4;6;0;1;0;0;0;0;0;0;0;0;0
11;4;4300623.0;2018;5;0;4;3;4;6;2;1;0;0;0;0;0;0;0;0;0
11;6;6100210.0;2018;5;9;6;3;1;5;0;1;1;0;0;0;0;0;0;0;0
11;1;1200522.0;2018;5;6;4;3;0;6;0;0;1;0;1;0;0;0;0;0;0
11;11;11100205.0;2018;5;17;5;3;2;6;0;1;0;0;0;1;0;0;0;0;0
11;5;5200420.0;2018;5;6;4;2;3;6;0;0;1;0;0;1;1;0;0;0;0
11;6;6200421.0;2018;5;13;4;3;6;7;0;0;1;1;0;0;0;0;0;0;0
11;1;1200626.0;2018;5;13;4;3;5;2;0;1;1;0;0;0;0;0;0;0;0
11;11;11501238.0;2018;5;17;6;3;2;6;0;1;1;0;0;0;0;0;0;0;0
11;1;1200517.0;2018;5;13;5;3;6;2;0;0;1;1;0;0;0;0;0;0;0
11;7;7300516.0;2018;5;6;4;3;6;4;0;1;0;1;0;0;0;0;0;0;0
11;8;8100207.0;2018;5;12;4;3;2;2;0;0;1;0;0;0;0;0;0;0;0
11;3;3601244.0;2018;5;16;5;2;5;3;0;1;1;0;0;0;0;0;0;0;0
11;10;10100313.0;2018;5;7;5;3;6;4;0;1;0;1;0;0;0;0;0;0;0
11;8;8100102.0;2018;5;12;4;3;5;2;0;1;0;0;0;1;0;0;0;0;0
11;2;2300419.0;2018;5;14;1;3;1;5;0;1;1;0;0;0;0;0;0;0;0
11;2;2200207.0;2018;5;12;4;3;5;2;0;1;1;0;0;0;0;0;0;0;0
11;6;6400840.0;2018;5;12;4;3;5;3;0;1;1;0;0;0;0;0;0;0;0
11;1;1300834.0;2018;5;11;4;3;6;7;0;0;1;1;0;0;0;0;0;0;0
11;7;7400824.0;2018;5;16;6;2;5;3;0;0;1;0;0;0;1;0;0;0;0
11;3;3701660.0;2018;5;11;4;3;6;4;0;1;0;1;0;0;0;0;0;0;0
11;7;7300619.0;2018;5;20;5;2;4;7;0;1;0;0;0;0;0;0;0;0;0
11;5;5100315.0;2018;5;10;4;3;3;6;0;0;1;0;0;1;0;0;0;0;0
11;3;3701659.0;2018;5;10;4;3;3;6;0;1;0;0;0;1;0;0;0;0;0
11;5;5200528.0;2018;5;18;5;3;1;1;0;0;1;0;0;0;0;0;0;0;0
11;12;12400619.0;2018;5;10;4;3;5;3;0;0;1;0;1;0;0;0;0;0;0
11;6;6200421.0;2018;5;10;4;2;6;4;0;0;1;1;0;0;0;0;0;0;0
11;2;2300316.0;2018;5;13;5;3;2;6;0;0;1;0;0;0;1;0;0;0;0
11;11;11100203.0;2018;5;7;6;3;6;4;0;0;0;1;1;0;0;0;0;0;0
11;9;9200717.0;2018;5;10;4;3;6;4;0;0;1;1;0;0;0;0;0;0;0
11;12;12601032.0;2018;5;6;5;3;5;2;0;0;1;0;1;0;0;0;0;0;0
11;3;3400831.0;2018;5;16;5;3;5;7;0;0;1;0;0;0;0;0;0;0;0
11;1;1100415.0;2018;5;9;4;3;0;1;0;1;0;0;0;0;0;0;0;0;0
11;4;4300518.0;2018;5;8;4;3;1;5;0;0;1;0;1;0;0;0;0;0;0
11;6;6300526.0;2018;5;5;6;2;5;3;0;1;0;0;0;0;0;0;0;0;0
11;7;7200307.0;2018;5;17;3;2;2;6;0;1;0;0;0;0;0;0;0;0;0
11;4;4300624.0;2018;5;19;5;3;6;7;0;0;0;1;0;0;1;0;0;0;0
11;1;1100207.0;2018;5;18;3;3;3;6;0;1;1;0;0;0;0;0;0;0;0
11;10;10100315.0;2018;5;16;3;3;2;6;0;0;1;0;1;0;0;0;0;0;0
11;6;6300634.0;2018;5;8;5;2;5;2;0;0;1;0;1;0;0;0;0;0;0
11;2;2500726.0;2018;5;11;3;2;3;6;0;0;0;0;1;1;0;0;0;0;0
11;2;2400521.0;2018;5;11;3;3;5;2;0;1;1;0;0;0;0;0;0;0;0
11;3;3400620.0;2018;5;17;6;3;3;6;0;0;1;0;1;0;0;0;0;0;0
11;3;3100102.0;2018;5;10;6;3;5;3;0;1;1;0;0;0;0;0;0;0;0
11;3;3500933.0;2018;5;6;3;3;5;3;0;1;0;0;1;0;0;0;0;0;0
11;1;1100310.0;2018;5;8;5;2;0;1;0;1;0;0;0;0;0;0;0;0;0
11;4;4300414.0;2018;5;17;5;3;5;3;0;1;1;0;0;0;0;0;0;0;0
11;1;1100309.0;2018;5;12;1;3;4;2;0;0;1;0;1;0;0;0;0;0;0
11;9;9200614.0;2018;5;14;3;3;2;3;0;1;0;0;0;0;0;0;0;0;0
11;11;11100308.0;2018;5;13;5;3;2;6;0;0;1;0;0;0;0;0;0;0;0
11;5;5100315.0;2018;5;21;3;3;5;2;0;0;1;0;0;0;0;0;0;0;0
11;9;9300920.0;2018;5;16;6;3;0;1;0;1;1;0;0;0;0;0;0;0;0
11;5;5300839.0;2018;5;19;3;3;5;7;0;1;1;0;0;0;0;0;0;0;0
11;2;2200212.0;2018;5;16;7;3;0;6;0;1;1;0;0;0;0;0;0;0;0
11;8;8200729.0;2018;5;18;3;3;5;3;0;0;1;0;0;0;0;0;0;0;0
11;2;2100101.0;2018;5;19;6;3;2;2;0;1;0;0;0;0;1;0;0;0;0
11;3;3500934.0;2018;5;8;6;3;5;3;0;1;1;0;0;0;0;0;0;0;0
11;8;8100417.0;2018;5;19;3;3;2;6;0;1;1;0;0;0;0;0;0;0;0
11;4;4501042.0;2018;5;13;5;3;6;7;0;0;1;1;0;0;0;0;0;0;0
11;11;11100308.0;2018;5;16;5;3;5;2;0;1;1;0;0;0;0;0;0;0;0
11;3;3400721.0;2018;5;17;3;3;4;2;0;1;1;0;0;0;0;0;0;0;0
11;5;5100317.0;2018;5;17;3;3;5;3;0;0;1;0;1;0;0;0;0;0;0
11;6;6400841.0;2018;5;16;3;3;5;2;0;1;1;0;0;0;0;0;0;0;0
11;2;2200209.0;2018;5;18;6;3;5;5;0;1;1;0;0;0;0;0;0;0;0
11;7;7400822.0;2018;5;18;3;3;0;1;0;0;0;0;1;0;0;0;0;0;0
11;3;3300516.0;2018;5;9;5;2;3;6;0;1;1;0;0;0;0;0;0;0;0
11;6;6400840.0;2018;5;17;3;3;0;7;0;1;0;0;0;0;0;0;0;0;0
11;3;3601142.0;2018;5;15;6;2;0;1;0;1;0;0;0;0;0;0;0;0;0
11;4;4300517.0;2018;5;16;3;3;5;2;0;0;1;0;0;0;0;0;0;0;0
11;4;4200311.0;2018;5;16;3;3;5;2;0;1;1;0;0;0;0;0;0;0;0
11;6;6300631.0;2018;5;12;5;2;6;2;0;0;1;1;0;0;0;0;0;0;0
11;4;4400834.0;2018;5;15;3;3;5;3;0;0;1;0;0;0;0;0;0;0;0
11;5;5300839.0;2018;5;15;3;2;5;2;0;1;1;0;0;0;0;0;0;0;0
11;7;7501135.0;2018;5;15;3;2;5;2;0;0;1;0;0;0;0;0;0;0;0
11;1;1300836.0;2018;5;20;6;2;0;2;0;0;1;0;1;0;0;0;0;0;0
11;8;8300934.0;2018;5;14;3;3;3;6;0;0;1;0;1;0;0;0;0;0;0
11;10;10200418.0;2018;5;19;5;3;6;4;0;0;1;1;0;0;0;0;0;0;0
11;7;7400823.0;2018;5;14;3;3;5;3;0;1;1;0;0;0;0;0;0;0;0
11;6;6300528.0;2018;5;14;3;3;6;7;0;1;0;1;0;0;0;0;0;0;0
11;12;12100204.0;2018;5;12;5;3;2;6;0;0;1;0;0;0;1;0;0;0;0
11;9;9200512.0;2018;5;14;3;3;5;2;0;1;1;0;0;0;0;0;0;0;0
11;4;4501044.0;2018;5;14;3;3;2;7;0;1;0;0;0;0;1;0;0;0;0
11;5;5400943.0;2018;5;13;7;3;8;7;0;0;1;0;0;0;0;0;0;0;0
11;11;11300616.0;2018;5;13;3;3;1;7;0;0;1;0;0;0;0;0;0;0;0
11;1;1100309.0;2018;5;11;5;2;1;5;0;1;1;0;0;0;0;0;0;0;0
11;1;1100101.0;2018;5;13;3;3;1;5;0;1;1;0;0;0;0;0;0;0;0
11;2;2100101.0;2018;5;0;1;3;1;5;2;1;1;0;0;0;0;0;0;0;0
11;2;2200212.0;2018;5;13;3;3;3;6;0;1;0;0;0;1;0;0;0;0;0
11;9;9200510.0;2018;5;16;6;3;6;4;0;1;0;1;0;0;0;0;0;0;0
11;4;4200203.0;2018;5;13;3;2;5;2;0;0;1;0;1;0;0;0;0;0;0
11;6;6300525.0;2018;5;11;5;3;5;3;0;1;1;0;0;0;0;0;0;0;0
11;8;8100314.0;2018;5;19;5;3;0;1;0;1;0;0;0;0;0;0;0;0;0
11;7;7400927.0;2018;5;12;3;2;3;6;0;0;1;0;1;0;0;0;0;0;0
11;6;6400841.0;2018;5;12;3;3;6;7;0;0;1;1;0;0;0;0;0;0;0
11;3;3400619.0;2018;5;10;5;3;2;6;0;0;1;0;1;0;0;0;0;0;0
11;8;8401243.0;2018;5;8;5;3;5;3;0;0;1;0;0;0;0;0;0;0;0
11;11;11300725.0;2018;5;10;3;3;4;2;0;0;1;0;0;1;0;0;0;0;0
11;4;4300414.0;2018;5;10;3;3;5;2;0;0;1;0;0;0;0;0;0;0;0
11;6;6100102.0;2018;5;16;6;3;2;6;0;0;1;0;1;0;0;0;0;0;0
11;6;6100103.0;2018;5;9;6;3;5;3;0;1;1;0;0;0;0;0;0;0;0
11;4;4501045.0;2018;5;10;3;3;3;6;0;0;1;0;1;0;0;0;0;0;0
11;6;6200422.0;2018;5;10;5;3;5;2;0;1;1;0;0;0;0;0;0;0;0
11;3;3200207.0;2018;5;12;6;3;2;2;0;0;0;0;1;0;1;0;0;0;0
11;2;2400521.0;2018;5;10;3;3;5;3;0;0;1;0;0;0;0;0;0;0;0
11;1;1400938.0;2018;5;10;5;2;5;7;0;0;1;0;0;0;0;0;0;0;0
11;12;12400618.0;2018;5;16;5;3;6;7;0;1;0;1;0;0;0;0;0;0;0
11;9;9100203.0;2018;5;9;3;3;2;7;0;0;1;0;0;0;0;0;0;0;0
11;1;1100207.0;2018;5;9;3;3;6;4;0;0;1;1;0;0;0;0;0;0;0
11;6;6300631.0;2018;5;10;5;3;5;2;0;0;1;0;1;0;0;0;0;0;0
11;1;1200628.0;2018;5;14;7;3;5;2;0;0;1;0;1;0;0;0;0;0;0
11;8;8200624.0;2018;5;9;3;3;3;6;0;0;1;0;1;0;0;0;0;0;0
11;11;11501340.0;2018;5;15;6;3;5;3;0;1;1;0;0;0;0;0;0;0;0
11;8;8100415.0;2018;5;15;5;3;5;2;0;1;1;0;0;0;0;0;0;0;0
11;4;4200311.0;2018;5;8;6;2;6;4;0;0;0;1;0;1;0;0;0;0;0
11;4;4501041.0;2018;5;9;3;3;5;2;0;1;1;0;0;0;0;0;0;0;0
11;1;1200626.0;2018;5;10;5;3;5;2;0;1;1;0;0;0;0;0;0;0;0
11;10;10100102.0;2018;5;7;3;3;5;3;0;0;1;0;0;0;0;0;0;0;0
11;1;1100101.0;2018;5;9;3;3;5;2;0;1;1;0;0;0;0;0;0;0;0
11;9;9301126.0;2018;5;9;5;2;9;7;0;0;1;0;0;1;0;0;0;0;0
11;12;12500824.0;2018;5;17;5;3;5;2;0;0;1;0;0;0;0;0;0;0;0
11;1;1200626.0;2018;5;9;3;3;2;6;0;0;1;0;0;1;0;0;0;0;0
11;7;7400823.0;2018;5;8;3;3;2;2;0;1;1;0;0;0;0;0;0;0;0
11;1;1100310.0;2018;5;9;5;3;2;6;0;1;1;0;0;0;0;0;0;0;0
11;4;4501152.0;2018;5;8;3;2;6;4;0;1;0;1;0;0;0;0;0;0;0
11;8;8401245.0;2018;5;17;6;3;5;3;0;1;1;0;0;0;0;0;0;0;0
11;4;4300412.0;2018;5;7;5;3;0;2;0;0;1;0;1;0;1;0;0;0;0
11;1;1300836.0;2018;5;8;3;3;2;6;0;0;1;0;1;0;0;0;0;0;0
11;11;11200513.0;2018;5;7;3;3;5;3;0;1;1;0;0;0;0;0;0;0;0
11;12;12500825.0;2018;5;9;5;3;6;4;0;0;1;1;0;0;0;0;0;0;0
11;3;3601245.0;2018;5;7;3;3;6;7;0;0;1;1;0;0;0;0;0;0;0
11;4;4501045.0;2018;5;13;1;3;5;2;0;0;1;0;0;0;0;0;0;0;0
11;10;10300734.0;2018;5;7;3;3;5;3;0;0;1;0;0;1;0;0;0;0;0
11;7;7601339.0;2018;5;14;6;2;6;2;0;0;1;1;0;0;0;0;0;0;0
11;9;9200511.0;2018;5;7;3;3;5;3;0;1;0;0;0;0;1;0;0;0;0
11;4;4400832.0;2018;5;16;3;3;6;2;0;0;1;1;0;0;0;0;0;0;0
11;12;12400617.0;2018;5;19;6;3;5;2;0;0;1;0;0;0;0;0;0;0;0
11;10;10400835.0;2018;5;23;2;2;0;3;2;1;0;0;0;0;1;0;0;0;0
11;1;1300732.0;2018;5;21;5;3;6;4;1;0;1;1;0;0;0;0;0;0;0
11;1;1100101.0;2018;5;10;2;3;5;2;0;1;1;0;0;0;0;0;0;0;0
11;8;8100521.0;2018;5;17;2;3;5;2;0;1;1;0;0;0;0;0;0;0;0
11;1;1300732.0;2018;5;9;5;3;5;2;0;1;1;0;0;0;0;0;0;0;0
11;12;12100205.0;2018;5;9;2;3;6;4;0;0;1;1;0;0;0;0;0;0;0
11;6;6100207.0;2018;5;14;2;3;1;5;0;0;1;0;1;0;0;0;0;0;0
11;8;8100102.0;2018;5;16;5;3;5;2;0;0;1;0;0;0;1;0;0;0;0
11;4;4501045.0;2018;5;15;2;3;5;3;0;0;1;0;0;0;0;0;0;0;0
11;7;7501135.0;2018;5;18;6;3;5;2;0;0;1;0;0;0;0;0;0;0;0
11;9;9200715.0;2018;5;13;2;3;5;2;0;0;1;0;0;0;0;0;0;0;0
11;3;3400725.0;2018;5;9;5;2;6;4;0;0;1;1;0;0;0;0;0;0;0
11;5;5100211.0;2018;5;16;5;3;5;3;0;1;1;0;0;0;0;0;0;0;0
11;11;11300725.0;2018;5;17;2;3;5;3;0;0;1;0;1;0;0;0;0;0;0
11;7;7300619.0;2018;5;17;2;3;6;7;0;0;1;1;0;0;0;0;0;0;0
11;8;8100209.0;2018;5;9;5;3;1;5;0;0;1;0;1;0;0;0;0;0;0
11;1;1100310.0;2018;5;18;5;3;6;4;0;1;0;1;0;0;0;0;0;0;0
11;2;2100102.0;2018;5;21;2;3;6;7;2;0;1;1;0;0;0;0;0;0;0
11;1;1100416.0;2018;5;19;2;3;0;4;0;1;0;1;0;0;0;0;0;0;0
11;7;7300619.0;2018;5;18;2;3;0;2;0;1;0;0;1;0;0;0;0;0;0
11;3;3500936.0;2018;5;19;2;3;1;5;0;1;1;0;0;0;0;0;0;0;0
11;1;1200623.0;2018;5;7;6;3;3;6;0;1;1;0;0;0;0;0;0;0;0
11;4;4300619.0;2018;5;11;6;3;5;2;0;0;1;0;1;0;0;0;0;0;0
11;8;8100206.0;2018;5;18;2;2;5;2;0;1;1;0;0;0;0;0;0;0;0
11;3;3601452.0;2018;5;15;5;3;3;6;0;0;1;0;0;1;0;0;0;0;0
11;1;1100309.0;2018;5;17;2;2;0;1;0;1;0;0;0;0;0;0;0;0;0
11;10;10300731.0;2018;5;13;2;2;1;3;0;0;1;0;1;0;0;0;0;0;0
11;5;5100316.0;2018;5;9;2;3;5;2;0;0;1;0;1;0;0;0;0;0;0
11;6;6200423.0;2018;5;12;6;3;5;2;0;1;1;0;0;0;0;0;0;0;0
11;3;3500932.0;2018;5;7;6;3;0;2;0;1;1;0;0;0;0;0;0;0;0
11;4;4100101.0;2018;5;17;7;3;5;2;0;0;1;0;0;0;0;0;0;0;0
11;2;2500831.0;2018;5;7;2;3;6;4;0;0;1;1;0;0;0;0;0;0;0
11;8;8200624.0;2018;5;21;6;3;0;2;2;0;1;0;1;0;0;0;0;0;0
11;2;2200208.0;2018;5;8;6;3;5;2;0;1;1;0;0;0;0;0;0;0;0
11;5;5200631.0;2018;5;2;2;3;5;3;2;0;1;0;0;0;0;0;0;0;0
11;2;2100102.0;2018;5;17;5;3;1;5;0;1;1;0;0;0;0;0;0;0;0
11;4;4300624.0;2018;5;10;2;3;0;3;0;0;1;0;1;0;0;0;0;0;0
11;8;8200729.0;2018;5;12;2;3;2;6;0;0;1;0;0;0;0;0;0;0;0
11;7;7200308.0;2018;5;6;2;3;5;3;0;0;1;0;0;0;1;0;0;0;0
11;1;1401049.0;2018;5;17;6;3;5;3;0;0;1;0;0;0;0;0;0;0;0
11;1;1401045.0;2018;5;9;5;3;0;3;0;1;1;0;0;0;0;0;0;0;0
11;2;2200213.0;2018;5;14;1;3;5;2;0;1;1;0;0;0;0;0;0;0;0
11;1;1100312.0;2018;5;16;1;3;6;4;0;1;0;1;0;0;0;0;0;0;0
11;6;6300632.0;2018;5;14;5;2;5;3;0;1;1;0;0;0;0;0;0;0;0
11;2;2400625.0;2018;5;23;1;3;5;2;2;1;1;0;0;0;0;0;0;0;0
11;8;8200833.0;2018;5;23;1;2;6;4;2;0;1;1;0;0;0;0;0;0;0
11;2;2200210.0;2018;5;22;1;3;6;7;2;1;0;1;0;0;0;0;0;0;0
11;8;8100313.0;2018;5;21;1;3;5;2;2;1;1;0;0;0;0;0;0;0;0
11;9;9200510.0;2018;5;19;1;3;5;2;0;1;1;0;0;0;0;0;0;0;0
11;4;4501150.0;2018;5;18;6;2;1;5;0;1;1;0;0;0;0;0;0;0;0
11;5;5200524.0;2018;5;18;1;3;2;6;0;0;1;0;0;0;0;0;0;0;0
11;7;7400927.0;2018;5;20;5;3;5;3;1;0;1;0;1;0;0;0;0;0;0
11;5;5200631.0;2018;5;19;1;3;5;3;0;0;1;0;0;0;1;0;0;0;0
11;2;2200207.0;2018;5;15;1;3;5;3;0;1;0;0;0;0;1;0;0;0;0
11;2;2200209.0;2018;5;16;1;3;5;2;0;1;1;0;0;0;0;0;0;0;0
11;1;1100102.0;2018;5;21;7;3;0;7;1;1;0;0;0;0;0;0;0;0;0
11;9;9501939.0;2018;5;17;5;2;2;6;0;0;1;0;0;0;0;0;0;0;0
11;1;1100416.0;2018;5;17;6;3;0;1;0;1;0;0;0;0;0;0;0;0;0
11;1;1100310.0;2018;5;16;1;2;0;1;0;1;0;0;0;0;0;0;0;0;0
11;1;1400937.0;2018;5;5;2;3;5;3;0;1;1;0;1;0;0;0;0;0;0
11;4;4100101.0;2018;5;10;4;3;2;6;0;0;1;0;0;0;1;0;0;0;0
11;5;5200423.0;2018;5;22;2;3;0;4;2;0;1;1;0;0;0;0;0;0;0
11;3;3701660.0;2018;5;9;3;3;1;5;0;1;1;0;0;0;0;0;0;0;0
11;9;9501939.0;2018;5;14;2;3;6;4;0;0;1;1;0;0;0;0;0;0;0
11;8;8401242.0;2018;6;12;6;2;5;3;0;0;1;0;0;0;0;0;0;0;0
11;8;8401243.0;2018;5;19;2;2;5;2;0;0;1;0;1;0;0;0;0;0;0
11;6;6200313.0;2018;5;20;2;3;5;2;1;1;0;0;1;0;0;0;0;0;0
11;2;2100106.0;2018;6;10;6;3;1;5;0;0;1;0;0;0;1;0;0;0;0
11;1;1100311.0;2018;5;19;3;2;6;4;0;1;0;1;0;0;0;0;0;0;0
11;10;10300734.0;2018;5;19;2;2;2;2;0;0;1;0;0;0;0;0;0;0;0
11;3;3500933.0;2018;6;10;6;3;0;2;0;0;1;0;0;0;1;0;0;0;0
11;7;7200414.0;2018;5;12;3;3;6;4;0;0;1;1;0;0;0;0;0;0;0
11;1;1100206.0;2018;6;10;6;3;6;4;0;1;0;1;0;0;0;0;0;0;0
11;2;2200210.0;2018;5;17;3;2;5;3;0;1;0;0;0;0;0;0;0;0;0
11;11;11401032.0;2018;5;20;2;2;6;4;0;1;0;1;0;0;0;0;0;0;0
11;12;12200515.0;2018;6;9;6;3;3;6;0;1;1;0;0;0;0;0;0;0;0
11;12;12400721.0;2018;5;13;3;3;5;2;0;0;1;0;1;0;0;0;0;0;0
11;7;7100103.0;2018;6;9;6;3;0;3;0;0;1;0;0;0;1;0;0;0;0
11;9;9100202.0;2018;5;18;2;3;0;3;0;1;1;0;0;0;0;0;0;0;0
11;5;5100210.0;2018;6;7;6;3;5;2;0;1;1;0;0;0;0;0;0;0;0
11;4;4501045.0;2018;5;18;2;2;2;6;0;0;1;0;1;0;0;0;0;0;0
11;6;6400843.0;2018;5;18;2;3;5;3;0;0;1;0;0;0;0;0;0;0;0
11;8;8100310.0;2018;6;8;6;3;5;3;0;1;0;0;0;0;1;0;0;0;0
11;6;6400735.0;2018;5;17;3;3;3;6;0;1;1;0;0;0;0;0;0;0;0
11;1;1200623.0;2018;5;18;2;3;2;2;0;1;1;0;0;0;0;0;0;0;0
11;7;7400822.0;2018;6;8;6;2;5;2;0;1;0;0;0;1;0;0;0;0;0
11;1;1100206.0;2018;5;7;3;3;2;2;0;0;1;0;0;0;1;0;0;0;0
11;11;11300618.0;2018;6;8;6;2;0;1;0;0;0;0;1;0;0;0;0;0;0
11;9;9200511.0;2018;6;7;6;3;5;3;0;1;1;0;0;0;0;0;0;0;0
11;5;5100317.0;2018;5;17;2;2;5;3;0;1;1;0;0;0;0;0;0;0;0
11;2;2100101.0;2018;6;6;6;3;1;5;0;1;1;0;0;0;0;0;0;0;0
11;10;10400837.0;2018;6;6;6;3;2;6;0;0;1;0;0;0;0;0;0;0;0
11;6;6400735.0;2018;5;17;2;2;5;2;0;1;1;0;0;0;0;0;0;0;0
11;3;3400831.0;2018;5;17;2;3;5;2;0;0;0;0;1;0;1;0;0;0;0
11;4;4200309.0;2018;6;17;6;3;5;3;0;0;1;0;1;0;0;0;0;0;0
11;9;9200819.0;2018;5;7;3;3;2;2;0;0;1;0;0;0;0;0;0;0;0
11;8;8200725.0;2018;6;8;6;3;8;1;0;0;0;0;1;0;0;0;0;0;0
11;9;9300920.0;2018;6;15;6;3;5;3;0;1;1;0;0;0;0;0;0;0;0
11;1;1100102.0;2018;5;12;3;3;5;2;0;0;1;0;1;0;0;0;0;0;0
11;11;11300721.0;2018;6;14;6;2;0;1;0;0;0;0;1;0;0;0;0;0;0
11;2;2500726.0;2018;6;14;6;3;5;2;0;1;0;0;0;0;1;0;0;0;0
11;12;12100101.0;2018;5;16;2;3;6;4;0;0;1;1;0;0;0;0;0;0;0
11;3;3200308.0;2018;6;16;6;3;2;6;0;0;1;0;0;0;0;0;0;0;0
11;7;7601545.0;2018;5;14;2;3;2;7;0;1;1;0;0;0;0;0;0;0;0
11;2;2400521.0;2018;6;7;6;3;5;3;0;1;1;0;0;0;0;0;0;0;0
11;5;5100103.0;2018;5;16;3;2;5;2;0;0;1;0;1;0;0;0;0;0;0
11;9;9100304.0;2018;6;5;6;3;2;2;0;0;1;0;1;0;0;0;0;0;0
11;1;1100416.0;2018;5;13;2;3;4;1;0;1;0;0;0;0;1;0;0;0;0
11;4;4501042.0;2018;5;10;5;3;3;6;0;1;0;0;1;0;0;0;0;0;0
11;7;7200413.0;2018;5;19;3;2;5;3;0;1;1;0;0;0;0;0;0;0;0
11;8;8200730.0;2018;5;23;5;3;3;6;2;0;1;0;0;0;0;0;0;0;0
11;1;1100416.0;2018;5;23;5;2;0;7;2;1;0;0;0;0;0;0;0;0;0
11;1;1300730.0;2018;5;7;3;3;5;2;0;1;1;0;0;0;0;0;0;0;0
11;8;8100312.0;2018;5;21;5;3;5;2;2;0;1;0;0;0;0;0;0;0;0
11;5;5100211.0;2018;5;21;5;3;0;7;1;0;1;0;0;0;0;0;0;0;0
11;12;12601031.0;2018;5;12;2;3;2;6;0;0;1;0;0;0;1;0;0;0;0
11;1;1200517.0;2018;5;19;5;3;5;3;0;1;1;0;0;0;0;0;0;0;0
11;11;11200514.0;2018;5;17;3;3;5;7;0;1;1;0;0;0;0;0;0;0;0
11;2;2300314.0;2018;5;12;2;3;1;5;0;1;1;0;0;0;0;0;0;0;0
11;1;1100206.0;2018;5;19;5;3;5;2;0;1;1;0;0;0;0;0;0;0;0
11;4;4300621.0;2018;5;10;3;3;6;7;0;0;0;1;0;1;0;0;0;0;0
11;11;11401135.0;2018;5;19;5;3;5;3;0;1;1;0;0;0;0;0;0;0;0
11;11;11200513.0;2018;5;18;5;3;5;5;0;1;1;0;0;0;0;0;0;0;0
11;8;8401243.0;2018;5;11;2;3;6;4;0;0;1;1;0;0;0;0;0;0;0
11;10;10300734.0;2018;5;17;5;3;5;2;0;1;0;0;0;0;1;0;0;0;0
11;12;12601236.0;2018;5;8;2;3;0;5;0;0;0;0;0;0;1;0;0;0;0
11;8;8100314.0;2018;5;18;5;3;3;6;0;0;0;0;1;1;0;0;0;0;0
11;12;12601235.0;2018;5;8;2;3;6;4;0;0;1;1;0;0;0;0;0;0;0
11;1;1200517.0;2018;5;13;2;2;5;7;0;0;1;0;1;0;0;0;0;0;0
11;2;2100103.0;2018;5;18;5;3;5;3;0;0;1;0;0;0;0;0;0;0;0
11;2;2300315.0;2018;5;23;3;3;0;7;2;0;1;0;1;0;0;0;0;0;0
11;1;1200522.0;2018;5;14;2;3;0;2;0;0;1;0;1;0;0;0;0;0;0
11;1;1100102.0;2018;5;17;5;3;5;2;0;1;1;0;0;0;0;0;0;0;0