LAND;BEZ;LOR_ab_2021;UJAHR;UMONAT;USTUNDE;UWOCHENTAG;UKATEGORIE;UART;UTYP1;ULICHTVERH;IstRad;IstPKW;IstFuss;IstKrad;IstGkfz;IstSonstige;USTRZUSTAND;LOCKDOWN;COVID;FERIEN
11;1;1200517.0;2018;6;17;2;3;1;5;0;0;1;0;1;0;0;0;0;0;0
11;5;5200634.0;2018;6;16;2;3;2;6;0;0;1;0;0;0;0;0;0;0;0
11;3;3300411.0;2018;6;6;5;3;5;2;0;1;1;0;0;0;0;0;0;0;0
11;2;2100101.0;2018;6;16;2;3;5;3;0;0;1;0;0;0;0;0;0;0;0
11;2;2100101.0;2018;6;19;5;3;0;6;0;1;0;0;0;0;1;0;0;0;0
11;9;9301025.0;2018;6;17;2;3;5;2;0;1;1;0;0;0;0;0;0;0;0
11;7;7200307.0;2018;6;2;5;3;3;6;2;0;1;0;0;0;0;0;0;0;0
11;11;11300722.0;2018;6;16;2;3;5;2;0;0;1;0;0;0;0;0;0;0;0
11;2;2500833.0;2018;6;16;2;3;1;5;0;1;1;0;0;0;0;0;0;0;0
11;2;2200208.0;2018;6;0;5;3;5;3;2;0;1;0;0;0;0;0;0;0;0
11;7;7100204.0;2018;6;16;2;2;5;2;0;1;0;0;0;0;0;0;0;0;0
11;12;12200309.0;2018;6;16;2;3;2;7;0;0;1;0;1;0;0;0;0;0;0
11;5;5200422.0;2018;6;18;5;2;6;4;0;0;1;1;0;0;0;0;0;0;0
11;11;11300826.0;2018;6;16;2;3;5;7;0;0;1;0;1;0;0;0;0;0;0
11;4;4300620.0;2018;6;15;2;3;2;2;0;1;1;0;0;0;0;0;0;0;0
11;1;1100101.0;2018;6;6;5;3;5;3;0;1;0;0;0;0;1;0;0;0;0
11;12;12200412.0;2018;6;15;2;3;5;3;0;0;1;0;0;0;0;0;0;0;0
11;1;1400942.0;2018;6;11;4;3;5;2;0;1;1;0;0;0;0;0;0;0;0
11;2;2500836.0;2018;6;19;4;3;5;7;0;1;0;0;0;0;0;0;0;0;0
11;1;1100310.0;2018;6;15;2;2;2;2;0;1;1;0;0;0;0;0;0;0;0
11;5;5200419.0;2018;6;15;2;3;5;3;0;0;1;0;0;0;0;0;0;0;0
11;12;12100204.0;2018;6;9;4;3;5;2;0;1;1;0;0;0;0;0;0;0;0
11;7;7400720.0;2018;6;15;2;3;1;5;0;1;1;0;0;0;0;0;0;0;0
11;2;2500835.0;2018;6;9;4;3;5;2;0;1;1;0;0;0;0;0;0;0;0
11;1;1100102.0;2018;6;8;4;3;0;2;0;1;1;0;0;0;0;0;0;0;0
11;1;1401046.0;2018;6;15;2;2;5;2;0;0;1;0;1;0;0;0;0;0;0
11;9;9200715.0;2018;6;5;4;3;5;2;0;1;1;0;0;0;0;0;0;0;0
11;3;3601243.0;2018;6;8;4;3;1;5;0;1;0;0;0;0;1;0;0;0;0
11;7;7300517.0;2018;6;15;2;3;1;5;0;0;1;0;0;0;0;0;0;0;0
11;1;1100206.0;2018;6;8;4;3;1;5;0;1;1;0;0;0;1;0;0;0;0
11;8;8100520.0;2018;6;8;4;3;5;2;0;1;1;0;0;0;0;0;0;0;0
11;6;6100103.0;2018;6;14;2;3;5;3;0;1;1;0;0;0;0;0;0;0;0
11;2;2300419.0;2018;6;8;4;3;5;7;0;1;1;0;0;0;0;0;0;0;0
11;11;11501339.0;2018;6;14;2;3;5;2;0;0;1;0;0;0;1;0;0;0;0
11;7;7200307.0;2018;6;8;4;3;5;2;0;1;1;0;0;0;0;0;0;0;0
11;1;1400937.0;2018;6;13;2;3;0;7;0;1;1;0;0;0;0;0;0;0;0
11;10;10100312.0;2018;6;9;4;3;2;2;0;1;1;0;0;0;0;0;0;0;0
11;5;5100211.0;2018;6;19;4;3;5;2;0;1;1;0;0;0;0;0;0;0;0
11;6;6400735.0;2018;6;13;2;3;5;3;0;1;0;0;0;0;1;0;0;0;0
11;11;11100204.0;2018;6;19;4;3;5;2;0;0;1;0;1;0;0;0;0;0;0
11;9;9100304.0;2018;6;12;2;2;5;7;0;0;1;0;1;0;0;0;0;0;0
11;6;6100208.0;2018;6;19;4;3;0;1;0;0;0;0;1;0;0;0;0;0;0
11;6;6200313.0;2018;6;11;2;3;0;3;0;1;0;0;1;0;0;0;0;0;0
11;1;1100207.0;2018;6;11;2;3;5;2;0;1;1;0;0;0;0;0;0;0;0
11;12;12100102.0;2018;6;19;4;3;5;3;0;1;0;0;0;0;1;0;0;0;0
11;7;7400927.0;2018;6;19;4;3;1;5;0;1;1;0;0;0;0;0;0;0;0
11;5;5200629.0;2018;6;11;2;3;5;2;0;1;1;0;0;0;0;0;0;0;0
11;3;3300516.0;2018;6;20;4;2;2;6;0;0;1;0;0;0;0;0;0;0;0
11;1;1401045.0;2018;6;10;2;2;5;3;0;1;1;0;0;0;0;0;0;0;0
11;3;3501037.0;2018;6;20;4;3;5;3;1;1;1;0;0;0;0;0;0;0;0
11;2;2300417.0;2018;6;10;2;3;0;7;0;0;1;1;0;0;1;0;0;0;0
11;3;3601348.0;2018;6;21;4;3;5;3;1;1;1;0;0;0;0;0;0;0;0
11;2;2400623.0;2018;6;22;4;3;0;5;2;1;1;0;0;0;0;0;0;0;0
11;1;1300835.0;2018;6;8;2;3;6;4;0;0;1;1;0;0;0;0;0;0;0
11;1;1100207.0;2018;6;17;4;3;0;1;0;1;0;0;0;0;0;0;0;0;0
11;6;6100205.0;2018;6;7;2;3;1;5;0;1;1;0;0;0;0;0;0;0;0
11;10;10100313.0;2018;6;7;2;3;0;7;0;0;0;0;1;0;0;1;0;0;0
11;4;4300623.0;2018;6;17;4;3;5;3;0;1;1;0;0;0;0;0;0;0;0
11;4;4400726.0;2018;6;12;2;3;5;3;0;0;0;0;1;0;1;0;0;0;0
11;5;5200527.0;2018;6;18;1;3;5;3;0;0;1;0;1;0;0;0;0;0;0
11;6;6400737.0;2018;6;16;4;2;5;3;0;1;0;0;0;0;0;0;0;0;0
11;4;4501042.0;2018;6;14;1;3;6;4;0;0;1;1;0;0;0;0;0;0;0
11;3;3701555.0;2018;6;21;4;3;0;1;0;0;0;0;1;0;0;0;0;0;0
11;1;1400938.0;2018;6;16;4;2;6;4;0;0;1;1;0;0;0;0;0;0;0
11;4;4501148.0;2018;6;9;1;3;6;4;0;0;1;1;0;0;0;0;0;0;0
11;2;2400521.0;2018;6;22;1;3;0;7;2;0;1;0;0;0;1;0;0;0;0
11;3;3500935.0;2018;6;16;4;3;5;3;0;1;1;0;0;0;0;0;0;0;0
11;9;9501737.0;2018;6;17;1;3;0;1;0;1;0;0;0;0;0;0;0;0;0
11;3;3601244.0;2018;6;16;4;3;5;3;0;1;0;0;0;1;0;0;0;0;0
11;7;7400823.0;2018;6;15;1;3;0;7;0;0;0;0;1;0;0;0;0;0;0
11;4;4200309.0;2018;6;16;1;3;2;6;0;1;0;0;0;0;0;0;0;0;0
11;12;12500825.0;2018;6;15;4;3;0;1;0;0;0;0;1;0;0;0;0;0;0
11;9;9501737.0;2018;6;15;1;3;0;4;0;1;0;1;0;0;0;0;0;0;0
11;8;8200730.0;2018;6;14;1;3;0;7;0;0;1;1;0;0;0;0;0;0;0
11;11;11400929.0;2018;6;19;4;3;5;2;0;0;1;0;1;0;0;0;0;0;0
11;8;8100415.0;2018;6;13;1;3;2;6;0;0;1;0;0;0;0;0;0;0;0
11;4;4500936.0;2018;6;16;4;3;2;6;0;0;1;0;0;0;0;0;0;0;0
11;9;9200512.0;2018;6;15;4;3;5;2;2;0;1;0;1;0;0;0;0;0;0
11;8;8100209.0;2018;6;13;1;3;5;3;0;0;1;0;0;0;0;0;0;0;0
11;5;5200634.0;2018;6;15;4;3;5;2;0;0;1;0;1;0;0;0;0;0;0
11;1;1100308.0;2018;6;11;1;3;2;6;0;0;1;0;0;0;0;1;0;0;0
11;1;1200518.0;2018;6;14;4;3;5;3;0;0;1;0;0;0;0;0;0;0;0
11;6;6100102.0;2018;6;9;1;3;1;1;0;1;1;0;0;0;0;0;0;0;0
11;9;9200716.0;2018;6;9;1;2;5;3;0;0;1;0;0;0;0;0;0;0;0
11;9;9401329.0;2018;6;15;4;3;0;1;0;0;0;0;1;0;0;0;0;0;0
11;7;7100206.0;2018;6;5;1;2;8;1;0;0;0;0;1;0;0;0;0;0;0
11;1;1100308.0;2018;6;18;4;3;5;3;0;0;1;0;1;0;0;0;0;0;0
11;2;2100105.0;2018;6;15;4;3;5;3;0;1;1;0;0;0;0;0;0;0;0
11;3;3200309.0;2018;6;2;1;3;6;7;2;0;1;1;0;0;0;0;0;0;0
11;8;8200832.0;2018;6;15;4;3;6;4;0;0;1;1;0;0;0;0;0;0;0
11;9;9200512.0;2018;6;15;4;3;0;7;0;0;0;0;1;0;0;0;0;0;0
11;11;11300721.0;2018;6;17;1;2;5;3;0;0;1;0;0;0;0;0;0;0;0
11;10;10100102.0;2018;6;15;4;3;2;6;0;0;1;0;0;0;0;0;0;0;0
11;3;3601450.0;2018;6;18;1;2;6;4;0;0;1;1;0;0;0;0;0;0;0
11;1;1400939.0;2018;6;14;4;3;5;3;0;0;1;0;0;0;0;0;0;0;0
11;4;4501150.0;2018;6;22;1;3;0;3;2;1;1;0;0;0;0;0;0;0;0
11;2;2200210.0;2018;6;14;4;3;2;6;0;0;1;0;0;0;0;0;0;0;0
11;3;3400827.0;2018;6;14;4;3;5;3;0;1;1;0;0;0;0;0;0;0;0
11;4;4200308.0;2018;6;11;1;2;5;3;0;1;1;0;0;0;0;0;0;0;0
11;7;7100102.0;2018;6;14;4;3;3;2;0;1;1;0;0;0;0;0;0;0;0
11;6;6300528.0;2018;6;17;7;3;5;3;0;0;1;0;0;0;0;0;0;0;0
11;1;1300730.0;2018;6;12;4;3;5;3;0;0;1;0;1;0;0;0;0;0;0
11;8;8100417.0;2018;6;6;5;3;0;2;0;1;1;0;0;0;0;0;0;0;0
11;2;2400623.0;2018;6;11;4;3;6;7;0;0;1;1;0;0;0;0;0;0;0
11;9;9200717.0;2018;6;17;7;3;2;6;0;0;1;0;1;0;0;0;0;0;0
11;5;5100209.0;2018;6;11;4;3;2;6;0;0;1;0;0;0;0;0;0;0;0
11;2;2200210.0;2018;6;11;4;3;2;6;0;0;1;0;0;0;0;0;0;0;0
11;2;2200209.0;2018;6;15;7;3;1;5;0;1;1;0;0;0;0;0;0;0;0
11;1;1200519.0;2018;6;11;4;3;5;7;0;0;1;0;1;0;0;0;0;0;0
11;4;4300412.0;2018;6;15;7;3;0;7;0;1;1;0;0;0;0;0;0;0;0
11;6;6200317.0;2018;6;7;5;3;5;3;0;0;1;0;1;0;0;0;0;0;0
11;2;2300314.0;2018;6;14;7;3;1;5;0;1;1;0;0;0;1;0;0;0;0
11;10;10400938.0;2018;6;10;4;3;5;3;0;0;1;0;0;0;0;0;0;0;0
11;9;9100409.0;2018;6;14;7;2;4;6;0;0;1;0;0;0;0;0;0;0;0
11;1;1100312.0;2018;6;10;4;3;6;2;0;0;1;1;0;0;0;0;0;0;0
11;11;10100205.0;2018;6;15;5;3;5;2;0;1;1;0;0;0;0;0;0;0;0
11;4;4300622.0;2018;6;8;4;3;5;3;0;1;1;0;0;0;0;0;0;0;0
11;10;10400938.0;2018;6;11;7;3;2;6;0;0;1;0;0;0;0;1;0;0;0
11;1;1300835.0;2018;6;9;4;2;2;6;0;0;1;0;1;0;1;0;0;0;0
11;7;7200409.0;2018;6;11;7;3;6;4;0;1;0;1;0;0;0;0;0;0;0
11;1;1100311.0;2018;6;11;7;3;1;5;0;0;1;0;1;0;0;0;0;0;0
11;2;2300316.0;2018;6;7;4;3;2;6;0;1;1;0;0;0;0;0;0;0;0
11;3;3501038.0;2018;6;8;7;3;5;3;0;0;1;0;0;0;0;0;0;0;0
11;10;10300734.0;2018;6;16;5;3;5;3;0;0;1;0;1;0;0;0;0;0;0
11;9;9501939.0;2018;6;15;7;3;6;4;0;0;1;1;0;0;0;1;0;0;0
11;7;7100206.0;2018;6;7;4;3;0;5;0;1;1;0;0;0;0;0;0;0;0
11;3;3601142.0;2018;6;22;7;3;2;6;2;0;1;0;0;0;0;0;0;0;0
11;6;6200422.0;2018;6;16;5;3;2;6;0;0;0;0;1;0;1;0;0;0;0
11;1;1100308.0;2018;6;21;7;3;6;4;2;0;0;1;1;0;0;0;0;0;0
11;6;6400838.0;2018;6;7;4;3;2;6;0;0;1;0;0;0;0;0;0;0;0
11;10;10400837.0;2018;6;19;7;3;5;3;0;0;1;0;1;0;0;0;0;0;0
11;1;1300733.0;2018;6;7;4;3;5;2;0;1;1;0;0;0;0;0;0;0;0
11;3;3601243.0;2018;6;17;5;3;5;3;0;1;1;0;0;0;0;0;0;0;0
11;7;7601548.0;2018;6;19;7;2;6;4;0;0;1;1;0;0;0;0;0;0;0
11;5;5300737.0;2018;6;6;4;3;3;6;0;0;1;0;1;0;0;0;0;0;0
11;4;4501149.0;2018;6;19;7;3;5;5;0;1;1;0;0;0;0;0;0;0;0
11;9;9301025.0;2018;6;10;7;3;2;2;0;1;0;0;0;0;1;0;0;0;0
11;2;2400625.0;2018;6;6;4;3;5;2;0;1;1;0;0;0;0;0;0;0;0
11;10;10100312.0;2018;6;9;7;2;5;3;0;1;1;0;0;0;0;0;0;0;0
11;9;9401534.0;2018;6;17;5;3;1;1;0;1;1;0;0;0;0;0;0;0;0
11;2;2200209.0;2018;6;8;4;3;5;3;0;1;1;0;0;0;0;0;0;0;0
11;3;3500933.0;2018;6;8;7;3;5;3;0;0;1;0;0;0;0;0;0;0;0
11;4;4300416.0;2018;6;21;4;1;5;7;2;0;1;1;0;0;0;0;0;0;0
11;1;1401046.0;2018;6;17;5;3;2;6;0;0;1;0;0;0;0;0;0;0;0
11;11;11501238.0;2018;6;7;7;3;5;7;0;0;1;0;0;0;1;0;0;0;0
11;8;8100104.0;2018;6;18;3;3;5;2;0;1;1;0;0;0;0;0;0;0;0
11;2;2100104.0;2018;6;12;7;3;0;2;0;1;1;0;0;0;0;0;0;0;0
11;11;11300722.0;2018;6;7;3;3;5;3;0;1;1;0;0;0;0;0;0;0;0
11;7;7400826.0;2018;6;17;5;3;5;3;0;0;1;0;0;0;0;0;0;0;0
11;4;4501150.0;2018;6;16;3;3;5;3;0;1;1;0;0;0;0;0;0;0;0
11;7;7601238.0;2018;6;10;7;3;5;7;0;0;1;0;0;1;0;0;0;0;0
11;2;2400625.0;2018;6;6;7;3;6;4;0;0;1;1;0;0;0;0;0;0;0
11;5;5200631.0;2018;6;17;3;3;6;7;0;0;1;1;0;0;0;0;0;0;0
11;6;6400840.0;2018;6;8;7;2;5;3;0;0;1;0;0;0;0;1;0;0;0
11;3;3400828.0;2018;6;21;3;3;0;3;2;1;0;0;0;0;0;0;0;0;0
11;1;1100312.0;2018;6;18;5;3;5;3;0;1;1;0;0;0;0;0;0;0;0
11;3;3500934.0;2018;6;18;3;3;0;4;0;0;1;1;0;0;0;0;0;0;0
11;1;1400938.0;2018;6;1;7;3;8;1;2;0;1;0;0;0;0;0;0;0;0
11;10;10100311.0;2018;6;8;3;3;6;4;0;0;1;1;0;0;0;0;0;0;0
11;1;1100206.0;2018;6;14;3;3;6;4;0;0;1;1;0;0;0;0;0;0;0
11;2;2400521.0;2018;6;23;7;3;5;2;2;0;1;0;1;0;0;0;0;0;0
11;12;12601235.0;2018;6;13;3;3;2;2;0;0;1;0;0;0;0;0;0;0;0
11;4;4300518.0;2018;6;13;3;3;5;3;0;1;1;0;0;0;0;0;0;0;0
11;3;3400826.0;2018;6;19;6;3;5;7;0;1;1;0;0;0;0;0;0;0;0
11;1;1100205.0;2018;6;12;3;3;3;6;0;1;0;0;0;0;0;0;0;0;0
11;1;1100312.0;2018;6;18;6;3;1;5;0;1;1;0;0;0;0;0;0;0;0
11;1;1100312.0;2018;6;14;3;3;2;6;0;0;1;0;0;0;0;0;0;0;0
11;1;1100310.0;2018;6;18;6;3;1;5;0;1;1;0;0;0;1;0;0;0;0
11;7;7100101.0;2018;6;12;3;3;3;6;0;0;0;0;1;0;1;0;0;0;0
11;1;1100313.0;2018;6;18;5;3;2;2;0;1;1;0;0;0;0;0;0;0;0
11;2;2200210.0;2018;6;14;3;2;5;3;0;1;1;0;0;0;0;0;0;0;0
11;4;4300416.0;2018;6;15;6;3;5;2;0;1;1;0;0;0;0;0;0;0;0
11;6;6300525.0;2018;6;14;3;3;5;3;0;1;1;0;0;0;0;0;0;0;0
11;8;8300934.0;2018;6;12;3;2;0;6;0;0;1;0;1;0;0;0;0;0;0
11;6;6400844.0;2018;6;2;6;3;7;7;2;0;1;0;0;0;0;0;0;0;0
11;11;11100203.0;2018;6;13;3;3;2;6;0;0;1;0;0;0;0;0;0;0;0
11;1;1100309.0;2018;6;18;6;3;5;2;0;0;1;0;1;0;0;1;0;0;0
11;1;1100313.0;2018;6;18;5;3;6;2;0;0;1;1;0;0;0;0;0;0;0
11;6;6200313.0;2018;6;5;6;3;0;6;0;1;1;0;0;0;0;0;0;0;0
11;1;1400938.0;2018;6;15;3;3;0;6;0;0;0;0;1;0;1;0;0;0;0
11;8;8100312.0;2018;6;23;6;3;5;3;2;0;1;0;0;0;0;1;0;0;0
11;11;11300723.0;2018;6;15;3;3;2;6;0;1;0;0;0;0;1;0;0;0;0
11;9;9100203.0;2018;6;18;5;3;5;2;0;1;1;0;0;0;0;0;0;0;0
11;1;1401046.0;2018;6;22;6;3;6;2;2;0;1;1;0;0;0;1;0;0;0
11;1;1300733.0;2018;6;23;3;3;5;3;2;1;1;0;0;0;0;0;0;0;0
11;6;6100103.0;2018;6;21;6;3;2;6;2;0;1;0;0;0;1;1;0;0;0
11;5;5400943.0;2018;6;20;3;2;5;3;2;1;0;0;0;0;0;0;0;0;0
11;1;1401048.0;2018;6;20;3;3;0;1;0;0;0;0;1;0;0;0;0;0;0
11;3;3701554.0;2018;6;13;6;3;3;6;0;1;0;0;1;0;0;0;0;0;0
11;1;1100309.0;2018;6;19;3;3;5;3;0;1;1;0;0;0;0;0;0;0;0
11;4;4300622.0;2018;6;20;6;3;3;6;1;0;1;0;0;0;0;1;0;0;0
11;3;3601141.0;2018;6;20;6;3;2;6;1;0;1;0;0;0;1;1;0;0;0
11;1;1100416.0;2018;6;18;3;3;1;5;0;1;1;0;0;0;0;0;0;0;0
11;1;1100309.0;2018;6;19;6;3;5;2;0;1;1;0;0;0;0;1;0;0;0
11;3;3400723.0;2018;6;19;6;3;0;1;1;1;0;0;0;0;0;1;0;0;0
11;2;2100102.0;2018;6;18;3;3;5;3;0;1;1;0;0;0;0;0;0;0;0
11;3;3601142.0;2018;6;19;6;3;6;4;0;1;0;1;0;0;0;1;0;0;0
11;4;4100101.0;2018;6;18;3;3;5;2;0;0;1;0;0;0;0;0;0;0;0
11;1;1100102.0;2018;6;17;3;3;5;3;0;1;1;0;0;0;0;0;0;0;0
11;3;3601244.0;2018;6;18;6;3;5;7;0;0;1;0;1;0;0;0;0;0;0
11;1;1100308.0;2018;6;18;6;3;1;5;0;1;1;0;0;0;1;0;0;0;0
11;3;3300517.0;2018;6;18;6;3;0;1;0;1;0;0;0;0;0;0;0;0;0
11;10;10200629.0;2018;6;17;3;3;5;2;0;0;1;0;0;0;0;0;0;0;0
11;1;1100103.0;2018;6;16;6;3;2;6;0;0;1;0;0;0;0;0;0;0;0
11;2;2200210.0;2018;6;17;6;3;0;1;0;1;0;0;0;0;0;0;0;0;0
11;2;2100104.0;2018;6;17;3;3;0;5;0;1;1;0;0;0;1;0;0;0;0
11;1;1300836.0;2018;6;19;6;2;1;5;1;0;1;0;0;0;0;1;0;0;0
11;12;12200515.0;2018;6;19;6;2;3;6;0;0;1;0;1;0;0;0;0;0;0
11;2;2400623.0;2018;6;17;3;3;2;6;0;1;1;0;0;0;0;0;0;0;0
11;7;7501030.0;2018;6;18;6;2;0;1;0;1;0;0;0;0;0;0;0;0;0
11;1;1300732.0;2018;6;17;3;3;5;2;0;0;1;0;0;0;0;0;0;0;0
11;7;7400720.0;2018;6;17;3;3;5;3;0;0;1;0;0;0;0;0;0;0;0
11;7;7501134.0;2018;6;17;6;2;1;2;0;0;1;0;1;0;0;0;0;0;0
11;5;5300839.0;2018;6;16;6;2;6;4;0;0;1;1;0;0;0;0;0;0;0
11;11;11401032.0;2018;6;17;3;3;6;2;0;0;1;1;0;0;0;0;0;0;0
11;4;4400832.0;2018;6;21;6;3;0;1;1;0;0;0;1;0;0;1;0;0;0
11;2;2100102.0;2018;6;16;3;3;5;3;0;1;1;0;0;0;0;0;0;0;0
11;4;4501040.0;2018;6;16;3;3;5;3;0;0;1;0;1;0;0;0;0;0;0
11;1;1100102.0;2018;6;15;6;3;0;6;0;0;1;0;1;0;0;0;0;0;0
11;6;6300526.0;2018;6;16;3;2;6;4;0;0;1;1;0;0;0;0;0;0;0
11;3;3701659.0;2018;6;10;6;3;5;7;0;1;0;0;0;0;1;0;0;0;0
11;5;5300737.0;2018;6;16;3;3;0;3;0;0;1;0;1;0;0;0;0;0;0
11;9;9200511.0;2018;6;14;6;3;3;6;0;0;1;0;1;0;0;0;0;0;0
11;12;12500926.0;2018;6;16;3;3;5;2;0;1;1;0;0;0;0;0;0;0;0
11;4;4501042.0;2018;6;16;3;3;5;2;0;0;1;0;1;0;0;0;0;0;0
11;8;8100418.0;2018;6;14;6;3;5;2;0;1;1;0;0;0;0;0;0;0;0
11;11;11200411.0;2018;6;14;3;2;5;3;0;0;1;0;1;0;0;0;0;0;0
11;1;1100308.0;2018;6;13;6;3;1;5;0;1;1;0;0;0;1;0;0;0;0
11;5;5200629.0;2018;6;12;3;2;6;4;0;0;0;1;0;0;1;0;0;0;0
11;3;3200309.0;2018;6;13;6;3;5;3;0;0;1;0;0;0;0;0;0;0;0
11;7;7100102.0;2018;6;12;3;3;2;6;0;0;1;0;0;0;0;0;0;0;0
11;12;12100102.0;2018;6;13;6;3;6;4;0;0;1;1;0;0;0;0;0;0;0
11;2;2200208.0;2018;6;12;3;3;3;6;0;1;1;0;0;0;0;0;0;0;0
11;4;4500939.0;2018;6;12;6;3;5;7;0;0;0;0;1;0;1;0;0;0;0
11;3;3500933.0;2018;6;13;2;2;3;6;0;0;1;0;0;0;0;0;0;0;0
11;11;11300618.0;2018;6;13;2;3;1;5;0;1;1;0;0;0;0;0;0;0;0
11;2;2200208.0;2018;6;2;6;3;2;6;2;0;1;0;0;0;0;0;0;0;0
11;1;1100415.0;2018;6;11;2;3;6;4;0;1;0;1;0;0;0;0;0;0;0
11;5;5200420.0;2018;6;10;6;3;0;4;0;0;0;1;0;0;1;0;0;0;0
11;8;8200730.0;2018;6;17;5;3;6;4;0;0;1;1;0;0;0;0;0;0;0
11;8;8200730.0;2018;6;11;2;3;6;2;0;0;1;1;0;0;0;0;0;0;0
11;6;6300632.0;2018;6;12;5;3;4;6;0;0;1;0;1;0;0;0;0;0;0
11;6;6200421.0;2018;6;10;2;3;5;2;0;0;1;0;0;0;0;0;0;0;0
11;4;4300620.0;2018;6;16;5;3;3;6;0;0;1;0;1;0;0;0;0;0;0
11;4;4501150.0;2018;6;10;2;3;2;3;0;1;1;0;0;0;0;0;0;0;0
11;12;12400720.0;2018;6;16;5;2;5;3;0;1;1;0;0;0;0;0;0;0;0
11;11;11200513.0;2018;6;17;5;3;0;5;0;1;1;0;0;0;0;0;0;0;0
11;3;3601244.0;2018;6;7;2;3;5;3;0;1;1;0;0;0;0;0;0;0;0
11;3;3701556.0;2018;6;8;5;3;6;4;0;0;1;1;0;0;0;0;0;0;0
11;11;11300618.0;2018;6;8;5;3;2;6;0;0;1;0;0;0;0;0;0;0;0
11;6;6100206.0;2018;6;7;2;3;6;4;0;1;0;1;0;0;0;0;0;0;0
11;7;7400824.0;2018;6;22;5;3;8;1;2;0;1;0;0;0;0;0;0;0;0
11;5;5300737.0;2018;6;8;2;3;2;6;0;0;1;0;1;0;0;0;0;0;0
11;5;5100316.0;2018;6;22;5;3;0;2;2;0;1;0;1;0;0;0;0;0;0
11;2;2300417.0;2018;6;21;5;3;1;5;1;0;1;0;0;0;0;0;0;0;0
11;3;3400722.0;2018;6;8;2;3;4;1;0;1;1;0;0;0;0;1;0;0;0
11;12;12601032.0;2018;6;21;5;3;5;3;0;1;1;0;0;0;0;0;0;0;0
11;11;11300721.0;2018;6;9;6;3;2;6;0;0;1;0;0;0;1;0;0;0;0
11;2;2200210.0;2018;6;8;2;3;2;3;0;0;1;0;1;0;0;0;0;0;0
11;1;1100415.0;2018;6;13;6;3;0;1;0;1;0;0;0;0;0;0;0;0;0
11;7;7300619.0;2018;6;20;5;3;5;2;0;1;0;0;1;0;0;0;0;0;0
11;1;1100205.0;2018;6;9;2;3;5;3;0;1;1;0;0;0;0;0;0;0;0
11;6;4200207.0;2018;6;20;5;2;2;1;0;0;1;0;1;0;0;0;0;0;0
11;2;2200210.0;2018;6;19;5;3;0;7;0;1;0;0;0;0;0;0;0;0;0
11;8;8100103.0;2018;6;10;2;2;5;2;0;1;1;0;0;0;0;0;0;0;0
11;1;1200628.0;2018;6;19;5;2;5;2;0;1;1;0;0;0;0;0;0;0;0
11;5;5300736.0;2018;6;19;5;2;6;4;0;0;1;1;0;0;0;0;0;0;0
11;4;4501042.0;2018;6;10;2;3;0;5;0;0;1;0;1;0;0;0;0;0;0
11;11;11400929.0;2018;6;19;5;3;5;3;0;0;1;0;0;0;0;0;0;0;0
11;7;7601236.0;2018;6;9;2;3;3;6;0;0;1;0;0;1;0;0;0;0;0
11;3;3300411.0;2018;6;9;2;3;0;1;0;1;0;0;0;0;0;0;0;0;0
11;1;1100205.0;2018;6;19;5;2;6;7;0;0;1;1;0;0;0;0;0;0;0
11;4;4501042.0;2018;6;13;2;3;0;6;0;0;1;0;0;0;1;0;0;0;0
11;4;4500936.0;2018;6;14;6;3;0;5;0;1;1;0;0;0;0;0;0;0;0
11;1;1100206.0;2018;6;14;2;3;5;3;0;0;1;0;0;0;1;0;0;0;0
11;2;2200209.0;2018;6;18;5;3;5;2;0;0;1;0;1;0;0;0;0;0;0
11;9;9501941.0;2018;6;16;6;3;5;3;0;0;1;0;0;0;0;0;0;0;0
11;2;2500835.0;2018;6;18;5;3;5;2;0;1;1;0;0;0;0;0;0;0;0
11;10;10100206.0;2018;6;18;2;3;5;3;0;1;0;0;0;0;1;0;0;0;0
11;11;11300617.0;2018;6;18;5;3;5;3;0;1;1;0;0;0;0;0;0;0;0
11;1;1300836.0;2018;6;13;1;3;1;5;0;1;1;0;0;0;0;0;0;0;0
11;2;2300314.0;2018;6;17;1;3;6;2;0;1;0;1;0;0;0;1;0;0;0
11;1;1300835.0;2018;6;18;5;3;5;3;0;1;1;0;0;0;0;0;0;0;0
11;9;9501737.0;2018;6;18;1;3;0;2;0;1;1;0;0;0;0;1;0;0;0
11;12;12100205.0;2018;6;23;1;3;5;2;2;1;0;0;0;0;1;0;0;0;0
11;2;2100106.0;2018;6;17;5;3;3;6;0;1;1;0;0;0;0;0;0;0;0
11;11;11300620.0;2018;6;20;1;2;5;7;1;0;1;0;0;0;0;0;0;0;0
11;11;11501238.0;2018;6;18;5;2;5;2;0;0;1;0;1;0;0;0;0;0;0
11;8;8301037.0;2018;6;20;1;2;5;2;0;0;1;0;0;0;0;1;0;0;0
11;4;4501153.0;2018;6;17;5;3;5;3;0;1;1;0;0;0;0;0;0;0;0
11;4;4501042.0;2018;6;19;1;3;2;2;0;0;1;0;0;0;0;0;0;0;0
11;4;4501042.0;2018;6;17;5;3;5;2;0;1;1;0;0;0;0;0;0;0;0
11;3;3601243.0;2018;6;19;1;2;5;3;0;0;1;0;0;0;1;1;0;0;0
11;1;1100309.0;2018;6;16;5;3;0;7;0;1;0;0;0;0;0;0;0;0;0