LAND;BEZ;LOR_ab_2021;UJAHR;UMONAT;USTUNDE;UWOCHENTAG;UKATEGORIE;UART;UTYP1;ULICHTVERH;IstRad;IstPKW;IstFuss;IstKrad;IstGkfz;IstSonstige;USTRZUSTAND;LOCKDOWN;COVID;FERIEN
11;4;4300416.0;2018;7;9;2;3;3;6;0;1;1;0;0;0;0;0;0;0;2
11;7;7100101.0;2018;7;20;4;3;5;2;0;1;1;0;0;0;0;0;0;0;2
11;1;1200623.0;2018;7;9;6;3;2;6;0;1;0;0;0;0;0;0;0;0;2
11;3;3601243.0;2018;7;19;4;3;1;5;0;1;1;0;0;0;0;0;0;0;2
11;12;12200309.0;2018;7;7;6;3;2;6;0;0;1;0;0;0;0;0;0;0;2
11;7;7501133.0;2018;7;9;2;3;5;2;0;0;1;0;0;1;0;0;0;0;2
11;1;1401049.0;2018;7;6;6;3;5;3;0;1;1;0;0;0;0;0;0;0;2
11;4;4200309.0;2018;7;18;4;2;5;3;0;0;1;0;0;0;0;0;0;0;2
11;12;12601235.0;2018;7;7;6;2;5;2;0;1;1;0;0;0;0;0;0;0;2
11;9;9200614.0;2018;7;8;6;3;5;3;0;1;1;0;0;0;0;0;0;0;2
11;1;1100102.0;2018;7;9;2;3;5;2;0;1;0;0;1;0;0;0;0;0;2
11;2;2300417.0;2018;7;18;4;3;5;3;0;1;1;0;0;0;0;0;0;0;2
11;1;1200626.0;2018;7;9;6;3;0;1;0;1;0;0;0;0;0;0;0;0;2
11;7;7601443.0;2018;7;18;4;3;5;2;0;1;1;0;0;0;0;0;0;0;2
11;5;5200629.0;2018;7;10;2;3;3;6;0;0;1;0;0;0;1;0;0;0;2
11;1;1100309.0;2018;7;10;2;3;2;7;0;0;1;0;0;0;0;0;0;0;2
11;1;1100308.0;2018;7;12;4;3;0;1;0;0;0;0;1;0;0;0;0;0;2
11;9;9401635.0;2018;7;14;6;3;4;7;0;0;1;0;0;0;0;0;0;0;2
11;6;6300630.0;2018;7;10;2;3;5;7;0;0;1;0;1;0;0;0;0;0;2
11;4;4300624.0;2018;7;0;6;3;0;1;2;1;0;0;0;0;0;0;0;0;2
11;4;4501148.0;2018;7;16;5;2;1;5;0;1;1;0;0;0;1;0;0;0;2
11;4;4200308.0;2018;7;22;3;3;5;2;2;1;1;0;0;0;0;0;0;0;2
11;4;4400835.0;2018;7;23;5;3;1;1;2;1;1;0;0;0;0;0;0;0;2
11;4;4501152.0;2018;7;10;2;3;2;6;0;0;1;0;0;0;0;0;0;0;2
11;1;1100206.0;2018;7;21;5;3;0;2;1;1;1;0;0;0;0;0;0;0;2
11;10;10400941.0;2018;7;10;2;2;5;2;0;0;0;0;1;1;0;0;0;0;2
11;3;3400722.0;2018;7;19;3;3;1;5;0;0;1;0;1;0;0;0;0;0;2
11;1;1300733.0;2018;7;15;5;3;1;5;0;1;1;0;0;0;0;0;0;0;2
11;5;5100105.0;2018;7;11;2;3;2;2;0;0;1;0;0;0;0;0;0;0;2
11;7;7300619.0;2018;7;7;5;3;1;5;0;1;1;0;0;0;0;0;0;0;2
11;8;8100419.0;2018;7;11;2;3;5;3;0;0;1;0;0;0;0;0;0;0;2
11;5;5100314.0;2018;7;18;3;3;6;4;0;0;1;1;0;0;0;0;0;0;2
11;7;7200307.0;2018;7;21;5;3;9;1;1;0;1;0;0;0;0;0;0;0;2
11;3;3400826.0;2018;7;18;3;3;9;1;0;0;1;0;0;0;0;0;0;0;2
11;1;1300835.0;2018;7;8;2;3;0;4;0;0;1;1;0;0;0;0;0;0;2
11;5;5300736.0;2018;7;18;3;3;5;7;0;0;1;0;0;1;0;0;0;0;2
11;1;1100103.0;2018;7;22;5;3;2;2;2;1;1;0;0;0;0;0;0;0;2
11;3;3400723.0;2018;7;12;1;3;5;3;0;1;1;0;0;0;0;0;0;0;2
11;7;7100205.0;2018;7;20;5;3;5;2;0;1;1;0;0;0;0;0;0;0;2
11;1;1100416.0;2018;7;16;1;2;0;1;0;1;0;0;0;0;0;0;0;0;2
11;1;1401045.0;2018;7;18;3;3;2;7;0;0;1;0;0;0;1;0;0;0;2
11;1;1100308.0;2018;7;20;5;3;1;5;0;1;1;0;0;0;0;0;0;0;2
11;2;2300316.0;2018;7;17;3;2;5;2;0;1;1;0;0;0;0;0;0;0;2
11;4;4400729.0;2018;7;13;1;2;4;6;0;0;1;0;0;0;0;0;0;0;2
11;2;2500830.0;2018;7;15;1;3;6;7;0;0;1;1;0;0;0;0;0;0;2
11;10;10400938.0;2018;7;16;3;2;2;5;0;0;1;0;1;0;0;0;0;0;2
11;10;10400940.0;2018;7;19;5;2;5;3;0;1;1;0;0;0;0;0;0;0;2
11;7;7501133.0;2018;7;17;1;3;0;7;0;0;0;0;1;0;1;1;0;0;2
11;5;5100208.0;2018;7;16;3;3;2;6;0;0;1;0;0;0;0;0;0;0;2
11;2;2500726.0;2018;7;18;5;3;5;3;0;1;1;0;0;0;0;0;0;0;2
11;8;8401139.0;2018;7;14;1;3;5;2;0;0;1;0;0;0;0;0;0;0;2
11;6;6400735.0;2018;7;15;1;2;1;5;0;1;1;0;0;0;0;0;0;0;2
11;4;4300622.0;2018;7;16;3;3;5;3;0;0;1;0;0;0;0;0;0;0;2
11;4;4300622.0;2018;7;18;5;3;2;6;0;0;1;0;1;0;0;0;0;0;2
11;3;3400827.0;2018;7;16;3;3;1;5;0;1;1;0;0;0;0;0;0;0;2
11;4;4200311.0;2018;7;15;1;3;0;3;0;0;1;0;1;0;0;0;0;0;2
11;7;7601236.0;2018;7;15;3;3;5;2;0;1;1;0;0;0;0;0;0;0;2
11;8;8100415.0;2018;7;19;5;3;2;2;0;0;1;0;1;0;0;0;0;0;2
11;6;6100209.0;2018;7;15;3;3;5;3;0;1;1;0;0;0;0;0;0;0;2
11;12;12400723.0;2018;7;14;1;2;5;3;0;0;1;0;1;0;0;0;0;0;2
11;5;5200630.0;2018;7;17;5;3;5;3;0;0;1;0;0;0;0;0;0;0;2
11;6;6300632.0;2018;7;10;1;2;5;3;0;1;1;0;0;0;0;0;0;0;2
11;4;4200310.0;2018;7;15;3;2;5;2;0;1;1;0;0;0;0;0;0;0;2
11;1;1100310.0;2018;7;17;5;3;2;2;0;0;0;0;1;0;0;0;0;0;2
11;4;4100102.0;2018;7;14;3;3;3;6;0;0;0;0;1;0;1;0;0;0;2
11;1;1100310.0;2018;7;9;1;3;0;4;0;0;0;1;0;0;1;0;0;0;2
11;8;8100312.0;2018;7;12;1;3;2;6;0;1;1;0;0;0;0;0;0;0;2
11;10;10400941.0;2018;8;8;3;3;5;2;0;0;1;0;1;0;0;0;0;0;1
11;1;1401048.0;2018;8;8;5;3;0;3;0;0;1;0;1;0;0;0;0;0;1
11;7;7601546.0;2018;8;8;3;3;5;2;0;1;1;0;0;0;0;0;0;0;1
11;1;1100310.0;2018;8;16;6;3;0;2;0;1;0;0;0;0;1;0;0;0;1
11;7;7400721.0;2018;8;8;3;3;5;2;0;1;1;0;0;0;0;0;0;0;1
11;4;4300413.0;2018;8;17;6;3;5;3;1;1;0;0;0;0;0;0;0;0;1
11;11;11200410.0;2018;8;6;5;3;6;7;0;0;1;1;0;0;0;0;0;0;1
11;1;1200522.0;2018;8;14;6;3;5;2;0;1;1;0;0;0;0;0;0;0;1
11;1;1100103.0;2018;8;18;4;3;5;2;1;0;1;0;0;0;0;0;0;0;1
11;2;2100106.0;2018;8;8;3;3;5;3;0;1;1;0;0;0;0;0;0;0;1
11;8;8401243.0;2018;8;15;6;3;5;2;0;0;1;0;0;0;0;0;0;0;1
11;4;4501045.0;2018;8;8;3;3;5;2;0;1;1;0;0;0;0;0;0;0;1
11;4;4200311.0;2018;8;14;4;3;2;6;0;0;1;0;0;0;0;0;0;0;1
11;7;7100103.0;2018;8;14;4;3;1;7;0;0;1;0;0;0;1;0;0;0;1
11;1;1401048.0;2018;8;14;6;3;5;2;0;1;0;0;0;1;0;0;0;0;1
11;6;6100209.0;2018;8;7;3;3;3;6;0;1;1;0;0;0;0;0;0;0;1
11;3;3300516.0;2018;8;14;6;3;5;2;0;1;1;0;0;0;0;0;0;0;1
11;9;9401635.0;2018;8;12;4;2;6;4;0;0;1;1;0;0;0;0;0;0;1
11;7;7601238.0;2018;8;14;6;3;1;5;0;0;1;0;0;0;1;0;0;0;1
11;4;4300620.0;2018;8;7;3;3;2;6;0;0;1;0;0;0;1;0;0;0;1
11;4;4501148.0;2018;8;11;6;3;2;6;0;0;1;0;0;0;0;0;0;0;1
11;1;1300836.0;2018;8;8;6;3;5;3;0;1;1;0;0;0;0;0;0;0;1
11;4;4501044.0;2018;8;11;4;3;5;5;0;1;1;0;0;0;0;0;0;0;1
11;1;1200623.0;2018;8;7;6;3;5;3;0;1;1;0;0;0;0;0;0;0;1
11;11;11200411.0;2018;8;6;3;2;5;2;0;0;0;0;1;1;0;0;0;0;1
11;5;5200629.0;2018;8;11;6;3;0;2;0;0;1;0;0;0;1;0;0;0;1
11;4;4300414.0;2018;8;9;4;3;5;2;0;0;1;0;0;0;0;0;0;0;1
11;7;7501134.0;2018;8;13;6;3;0;6;0;0;1;0;0;1;0;0;0;0;1
11;7;7300618.0;2018;8;9;4;3;5;3;0;0;1;0;0;0;0;0;0;0;1
11;8;8100311.0;2018;8;1;3;2;6;4;2;0;1;1;0;0;0;0;0;0;1
11;11;11501340.0;2018;8;14;6;3;0;6;0;1;1;0;0;0;0;0;0;0;1
11;6;6400844.0;2018;8;15;1;3;5;2;0;1;0;0;0;0;0;0;0;0;1
11;1;1100103.0;2018;8;17;3;2;0;2;0;0;1;0;1;0;0;0;0;0;1
11;1;1300733.0;2018;8;9;4;2;5;2;0;1;1;0;0;0;0;0;0;0;1
11;1;1100101.0;2018;8;14;1;3;3;6;0;0;1;0;1;0;0;0;0;0;1
11;2;2100101.0;2018;8;8;4;3;2;6;0;1;0;0;0;0;0;0;0;0;1
11;12;12200412.0;2018;8;7;6;3;1;5;0;1;1;0;0;0;0;0;0;0;1
11;3;3200205.0;2018;8;11;3;3;0;3;0;1;1;0;0;0;0;0;0;0;1
11;3;3601140.0;2018;8;7;6;3;5;3;0;1;0;0;0;0;0;0;0;0;1
11;10;10400938.0;2018;8;7;4;2;5;2;0;0;1;0;1;0;0;0;0;0;1
11;6;6100102.0;2018;8;6;6;3;5;3;0;0;1;0;0;0;0;0;0;0;1
11;1;1100102.0;2018;8;7;4;3;5;2;0;1;1;0;0;0;0;0;0;0;1
11;5;5300839.0;2018;8;17;2;3;5;3;0;1;1;0;0;0;0;0;0;0;1
11;9;9301228.0;2018;8;7;6;2;5;3;0;1;1;0;0;0;0;0;0;0;1
11;12;12200411.0;2018;8;7;4;3;2;3;0;1;0;0;0;0;1;0;0;0;1
11;10;10100313.0;2018;8;21;6;2;3;6;2;1;0;0;0;0;0;0;0;0;1
11;6;6400844.0;2018;8;10;4;3;2;7;0;0;1;0;0;0;0;0;0;0;1
11;2;2300314.0;2018;8;17;2;3;5;2;0;0;1;0;0;0;1;0;0;0;1
11;7;7601442.0;2018;8;21;6;2;6;2;2;0;1;1;0;0;0;0;0;0;1
11;4;4200308.0;2018;8;17;2;3;5;7;0;0;1;0;1;0;0;0;0;0;1
11;3;3200309.0;2018;8;7;4;3;3;6;0;1;0;0;0;0;0;0;0;0;1
11;1;1400939.0;2018;8;14;2;3;1;5;0;1;1;0;0;0;0;0;0;0;1
11;11;11100308.0;2018;8;20;6;3;5;3;0;0;1;0;0;0;1;0;0;0;1
11;12;12200309.0;2018;8;15;2;3;5;2;0;1;1;0;0;0;0;0;0;0;1
11;4;4400726.0;2018;8;10;4;3;0;1;0;0;0;0;1;0;0;0;0;0;1
11;10;10100311.0;2018;8;14;2;3;3;6;0;0;1;0;0;1;0;0;0;0;1
11;3;3601451.0;2018;8;19;6;2;5;2;0;0;1;0;0;0;0;0;0;0;1
11;4;4501041.0;2018;8;0;4;3;0;1;2;0;0;0;1;0;0;0;0;0;1
11;6;6100209.0;2018;8;19;6;3;3;6;0;0;1;0;1;0;0;0;0;0;1
11;1;1100415.0;2018;8;22;4;3;0;1;2;1;0;0;0;0;0;0;0;0;1
11;10;10100313.0;2018;8;19;2;3;1;5;0;1;1;0;0;0;0;0;0;0;1
11;6;6300632.0;2018;8;19;6;3;6;4;0;1;0;1;0;0;0;0;0;0;1
11;11;11300722.0;2018;8;7;2;3;3;6;0;1;0;0;0;0;1;0;0;0;1
11;9;9401534.0;2018;8;22;4;2;0;7;2;0;0;0;1;0;0;0;0;0;1
11;1;1300733.0;2018;8;19;4;3;5;2;0;0;1;0;1;0;0;0;0;0;1
11;4;4300624.0;2018;8;11;2;3;1;5;0;1;1;0;0;0;0;0;0;0;1
11;3;3601450.0;2018;8;18;6;3;1;5;0;1;0;0;0;0;1;0;0;0;1
11;12;12100204.0;2018;8;12;2;3;5;3;0;1;1;0;0;0;0;0;0;0;1
11;4;4500939.0;2018;8;18;4;3;5;2;0;0;1;0;0;0;0;0;0;0;1
11;12;12500929.0;2018;8;10;2;3;6;4;0;0;1;1;0;0;0;0;0;0;1
11;8;8100312.0;2018;8;16;6;3;6;7;0;1;0;1;0;0;0;0;0;0;1
11;4;4300620.0;2018;8;9;2;3;5;2;0;0;1;0;1;0;0;0;0;0;1
11;4;4400728.0;2018;8;18;4;2;5;7;0;0;1;0;1;0;0;0;0;0;1
11;10;10400939.0;2018;8;17;6;3;2;2;0;0;1;0;0;0;0;0;0;0;1
11;2;2400521.0;2018;8;18;4;3;5;2;0;1;1;0;0;0;0;0;0;0;1
11;12;12601031.0;2018;8;9;2;3;2;6;0;0;1;0;1;0;0;0;0;0;1
11;12;12601134.0;2018;8;16;6;3;5;2;0;1;1;0;0;0;0;0;0;0;1
11;2;2200212.0;2018;8;19;2;3;5;3;0;1;1;0;0;0;0;0;0;0;1
11;2;2100104.0;2018;8;18;4;3;5;3;0;1;1;0;0;0;0;0;0;0;1
11;4;4501146.0;2018;8;17;4;3;5;2;0;0;1;0;0;0;0;0;0;0;1
11;3;3601244.0;2018;8;16;6;2;6;4;0;0;0;1;0;0;1;0;0;0;1
11;6;6100207.0;2018;8;16;4;3;5;2;0;1;1;0;0;0;0;0;0;0;1
11;1;1100205.0;2018;8;8;2;3;5;7;0;1;1;0;0;0;0;0;0;0;1
11;4;4200203.0;2018;8;16;6;3;5;3;0;1;1;0;0;0;0;0;0;0;1
11;1;1100102.0;2018;8;8;2;3;4;6;0;1;0;0;0;0;0;0;0;0;1
11;2;2400521.0;2018;8;15;4;3;5;2;0;0;1;0;0;0;0;0;0;0;1
11;3;3500936.0;2018;8;15;4;3;5;7;0;1;1;0;0;0;0;0;0;0;1
11;7;7100101.0;2018;8;8;2;3;2;6;0;0;1;0;0;0;0;0;0;0;1
11;2;2100106.0;2018;8;16;6;3;5;2;0;0;1;0;0;0;0;0;0;0;1
11;2;2400521.0;2018;8;8;2;3;5;2;0;1;0;0;0;0;1;0;0;0;1
11;12;12200412.0;2018;8;12;1;2;5;3;0;1;0;0;0;0;0;0;0;0;1
11;7;7200307.0;2018;8;15;4;3;2;6;0;0;1;0;0;0;1;0;0;0;1
11;2;2500726.0;2018;8;8;2;3;5;2;0;1;1;0;0;0;0;0;0;0;1
11;4;4501149.0;2018;8;18;6;2;0;7;0;1;0;0;0;0;0;0;0;0;1
11;1;1100310.0;2018;8;16;2;3;1;5;0;1;0;0;0;0;1;0;0;0;1
11;1;1100416.0;2018;8;7;5;2;0;1;0;1;0;0;0;0;0;0;0;0;1
11;4;4300619.0;2018;8;14;4;3;2;6;0;0;1;0;0;0;1;0;0;0;1
11;1;1100310.0;2018;8;22;5;3;0;2;2;0;1;0;0;0;1;0;0;0;1
11;7;7100205.0;2018;8;14;4;2;0;7;0;0;1;0;1;0;0;0;0;0;1
11;1;1100207.0;2018;8;15;2;3;5;2;0;1;1;0;0;1;0;0;0;0;1
11;9;9401329.0;2018;8;21;5;3;6;2;2;0;1;1;0;0;0;0;0;0;1
11;9;9200511.0;2018;8;15;1;2;9;1;0;0;0;0;1;0;0;0;0;0;1
11;10;10400938.0;2018;8;7;2;3;2;6;0;0;1;0;0;0;1;0;0;0;1
11;3;3500932.0;2018;8;14;4;3;5;3;0;1;1;0;0;0;0;0;0;0;1
11;4;4500939.0;2018;8;11;1;3;5;2;0;1;1;0;0;0;0;0;0;0;1
11;11;11200411.0;2018;7;21;3;3;6;4;2;0;0;1;1;0;0;0;0;0;2
11;9;9200819.0;2018;8;20;2;3;6;2;1;0;1;1;0;0;0;0;0;0;1
11;8;8200832.0;2018;8;20;5;3;2;6;1;0;1;0;1;0;0;0;0;0;1
11;1;1200623.0;2018;7;21;3;3;1;1;0;1;1;0;0;0;0;0;0;0;2
11;6;6300528.0;2018;7;8;3;3;5;3;0;1;1;0;0;0;0;0;0;0;2
11;7;7400823.0;2018;8;12;2;3;5;2;0;0;1;0;0;0;0;0;0;0;1
11;8;8301037.0;2018;8;20;5;3;6;4;0;0;1;1;0;0;0;0;0;0;1
11;1;1300733.0;2018;8;11;2;3;5;2;0;0;1;0;0;0;0;0;0;0;1
11;1;1400937.0;2018;8;18;5;3;3;6;0;1;0;0;0;0;0;0;0;0;1
11;7;7601341.0;2018;7;18;3;3;5;3;0;1;1;0;0;0;0;0;0;0;2
11;11;11100102.0;2018;8;18;5;3;2;6;0;0;1;0;0;0;0;0;0;0;1
11;7;7501029.0;2018;8;6;2;3;0;2;0;0;0;0;0;0;1;0;0;0;1
11;1;1100415.0;2018;8;18;5;2;5;7;0;0;1;0;1;0;0;0;0;0;1
11;2;2200210.0;2018;8;15;5;3;5;3;0;1;1;0;0;0;0;0;0;0;1
11;10;11200515.0;2018;7;13;3;3;2;6;0;0;1;0;0;0;0;0;0;0;2
11;9;9501737.0;2018;8;16;2;3;2;6;0;0;1;0;0;0;0;0;0;0;1
11;4;4300619.0;2018;8;15;5;3;2;6;0;0;1;0;0;0;0;0;0;0;1
11;1;1200626.0;2018;8;15;1;3;0;3;0;1;0;0;0;0;0;0;0;0;1
11;10;10400837.0;2018;8;16;2;3;5;3;0;0;1;0;0;0;0;0;0;0;1
11;12;12601032.0;2018;7;10;3;3;6;7;0;0;0;1;0;0;1;0;0;0;2
11;2;2400521.0;2018;7;19;3;3;0;2;0;1;0;0;1;0;0;0;0;0;2
11;11;11400929.0;2018;8;14;5;2;5;2;0;0;1;0;0;0;0;0;0;0;1
11;4;4200308.0;2018;8;6;2;2;5;3;0;0;1;0;1;0;0;0;0;0;1
11;9;9501939.0;2018;8;14;5;2;0;4;0;0;1;1;0;0;0;0;0;0;1
11;1;1100309.0;2018;7;10;3;3;0;1;0;1;0;0;0;0;0;0;0;0;2
11;2;2300314.0;2018;8;12;5;3;1;5;0;1;1;0;0;0;0;0;0;0;1
11;1;1400942.0;2018;7;10;3;3;2;6;0;0;1;0;0;0;0;0;0;0;2
11;1;1200626.0;2018;8;17;2;2;2;6;0;0;1;1;0;0;0;0;0;0;1
11;7;7200409.0;2018;8;13;5;3;5;2;0;1;1;0;0;0;0;0;0;0;1
11;1;1100416.0;2018;7;17;3;3;5;2;0;1;0;0;0;0;1;0;0;0;2
11;6;6200422.0;2018;8;13;5;3;0;1;0;1;0;0;0;0;0;0;0;0;1
11;11;11401032.0;2018;8;15;2;2;5;3;0;1;1;0;0;0;0;0;0;0;1
11;7;7300618.0;2018;8;13;5;3;0;7;0;0;1;0;0;0;0;0;0;0;1
11;12;12200309.0;2018;7;9;3;2;3;6;0;1;0;0;0;0;0;0;0;0;2
11;10;10300731.0;2018;8;2;5;2;5;3;2;0;1;0;0;0;0;0;0;0;1
11;1;1100206.0;2018;8;10;2;2;5;3;0;0;1;0;1;0;0;0;0;0;1
11;12;12100205.0;2018;8;12;5;3;5;2;0;0;1;0;0;1;0;0;0;0;1
11;4;4500937.0;2018;8;9;2;2;6;4;0;0;0;1;1;0;0;0;0;0;1
11;9;9401534.0;2018;7;20;3;3;0;2;1;0;1;0;1;0;0;0;0;0;2
11;1;1300731.0;2018;8;18;2;2;5;3;0;0;1;0;1;0;0;0;0;0;1
11;4;4200308.0;2018;8;11;5;3;0;2;0;1;1;0;0;0;0;0;0;0;1
11;7;7300618.0;2018;7;20;3;2;5;3;0;1;1;0;0;0;0;0;0;0;2
11;8;8401242.0;2018;8;11;5;3;5;3;0;1;1;0;0;0;0;0;0;0;1
11;1;1100205.0;2018;7;9;3;3;2;6;0;0;1;0;1;0;0;0;0;0;2
11;8;8401243.0;2018;8;21;2;3;1;5;2;1;1;0;0;0;0;0;0;0;1
11;11;11100204.0;2018;8;11;5;3;0;3;0;0;1;0;1;0;0;0;0;0;1
11;8;8100418.0;2018;8;3;2;3;2;6;2;0;0;0;0;0;1;0;0;0;1
11;1;1401046.0;2018;7;20;3;3;5;2;0;0;1;0;0;0;0;0;0;0;2
11;12;12200414.0;2018;8;10;1;3;5;3;0;0;1;0;0;0;0;0;0;0;1
11;4;4400832.0;2018;7;9;3;3;2;7;0;1;1;0;0;0;0;0;0;0;2
11;1;1200522.0;2018;8;21;1;3;5;3;1;1;0;0;0;0;0;0;0;0;1
11;12;12400720.0;2018;8;10;5;3;5;3;0;0;1;0;0;0;0;0;0;0;1
11;7;7100206.0;2018;8;21;1;3;5;3;1;1;1;0;0;0;0;0;0;0;1
11;10;10100311.0;2018;7;18;3;3;2;6;0;0;1;0;0;0;1;0;0;0;2
11;2;2200213.0;2018;7;8;3;3;5;2;0;1;1;0;0;0;0;0;0;0;2
11;6;6100205.0;2018;8;19;1;3;1;5;0;1;1;0;0;0;0;0;0;0;1
11;4;4501152.0;2018;8;10;5;3;2;6;0;0;1;0;0;0;0;0;0;0;1
11;7;7501031.0;2018;8;18;1;2;1;1;0;0;1;0;1;0;0;0;0;0;1
11;7;7100205.0;2018;7;7;3;3;0;6;0;0;1;0;0;0;1;0;0;0;2
11;12;12100103.0;2018;8;18;1;3;2;6;0;0;1;0;0;0;0;0;0;0;1
11;1;1300733.0;2018;8;9;5;3;3;6;0;1;0;0;0;0;0;0;0;0;1
11;5;5100208.0;2018;8;16;1;3;3;6;0;0;1;0;1;0;0;0;0;0;1
11;1;1401045.0;2018;7;18;3;3;2;6;0;0;1;0;0;0;0;0;0;0;2
11;1;1400937.0;2018;8;7;5;3;2;2;0;0;1;0;1;0;0;0;0;0;1
11;7;7400823.0;2018;7;18;3;3;5;2;0;1;1;0;0;0;0;0;0;0;2
11;2;2200212.0;2018;8;16;1;2;5;7;0;0;1;0;1;0;0;0;0;0;1
11;8;8100105.0;2018;8;6;5;3;5;2;0;0;0;0;1;1;0;0;0;0;1
11;1;1100312.0;2018;8;14;1;2;3;6;0;1;0;0;0;0;0;0;0;0;1
11;6;6100102.0;2018;7;17;3;2;3;6;0;1;0;0;0;0;1;0;0;0;2
11;11;11100102.0;2018;8;10;1;3;4;6;0;1;0;0;0;0;0;0;0;0;1
11;3;3400724.0;2018;7;17;3;3;5;2;0;1;1;0;0;0;0;0;0;0;2
11;2;2100101.0;2018;8;15;1;3;5;2;0;0;1;0;1;0;0;0;0;0;1
11;1;1401047.0;2018;8;5;5;3;1;1;0;0;1;0;0;0;0;0;0;0;1
11;10;10200420.0;2018;8;14;1;3;5;3;0;1;1;0;0;0;0;0;0;0;1
11;1;1300834.0;2018;8;11;1;3;5;3;0;0;1;0;0;0;0;0;0;0;1
11;10;10200524.0;2018;7;6;3;3;6;4;0;0;1;1;0;0;0;0;0;0;2
11;5;5300840.0;2018;8;7;5;2;5;2;0;0;1;0;0;0;0;0;0;0;1
11;11;11300721.0;2018;8;13;1;3;0;7;0;0;1;0;1;0;0;1;0;0;1
11;4;4300416.0;2018;8;6;5;3;5;2;0;1;1;0;0;0;0;0;0;0;1
11;10;10400940.0;2018;7;16;3;3;0;7;0;0;1;0;0;0;1;0;0;0;2
11;11;11300721.0;2018;8;8;1;2;2;6;0;0;1;0;0;0;0;0;0;0;1
11;1;1100308.0;2018;8;8;5;3;2;6;0;1;1;0;0;0;0;0;0;0;1
11;11;11400929.0;2018;7;16;3;3;5;3;0;0;1;0;0;0;0;0;0;0;2
11;8;8100417.0;2018;8;12;1;3;5;3;0;1;0;0;0;0;0;0;0;0;1
11;12;12500825.0;2018;8;0;1;2;0;7;2;0;0;0;0;0;1;0;0;0;1
11;4;4400835.0;2018;8;9;5;3;5;3;0;0;1;0;0;0;1;0;0;0;1
11;9;9501838.0;2018;8;22;1;2;3;6;2;1;1;0;0;0;0;0;0;0;1
11;12;12100101.0;2018;7;16;3;3;2;6;0;0;1;0;0;0;1;0;0;0;2
11;2;2400522.0;2018;8;10;5;3;4;6;0;0;1;0;0;0;1;0;0;0;1
11;2;2100106.0;2018;7;16;3;3;1;5;0;1;1;0;0;0;0;0;0;0;2
11;2;2400624.0;2018;8;4;7;3;0;1;2;0;0;0;1;0;0;0;0;0;1
11;7;7200308.0;2018;8;8;5;2;0;1;0;0;0;0;1;0;0;0;0;0;1
11;10;10200420.0;2018;8;22;7;3;5;3;2;0;1;0;1;0;0;0;0;0;1
11;11;11100101.0;2018;7;15;3;3;5;3;0;0;1;0;1;0;0;0;0;0;2
11;2;2200210.0;2018;8;8;1;3;3;6;0;0;1;0;0;0;0;0;0;0;1
11;7;7100205.0;2018;7;14;3;3;6;4;0;0;1;1;0;0;0;0;0;0;2
11;1;1100102.0;2018;8;17;7;3;2;6;0;0;1;0;0;0;1;0;0;0;1
11;11;11300620.0;2018;8;6;5;3;0;1;0;1;0;0;0;0;0;0;0;0;1
11;6;6100102.0;2018;8;16;7;2;0;4;0;0;0;1;1;0;0;0;0;0;1
11;4;4501152.0;2018;8;16;5;3;5;2;0;1;1;0;0;0;0;0;0;0;1
11;3;3400724.0;2018;7;14;3;3;2;2;0;0;1;0;0;0;1;0;0;0;2
11;6;6200311.0;2018;8;23;5;3;0;6;2;1;1;0;0;0;0;1;0;0;1
11;1;1200624.0;2018;8;15;7;3;5;2;0;1;1;0;0;0;0;0;0;0;1
11;4;4400727.0;2018;8;13;5;3;5;3;0;1;1;0;0;0;0;0;0;0;1
11;1;1100308.0;2018;8;19;7;3;5;3;0;0;1;0;0;0;0;0;0;0;1
11;1;1100416.0;2018;8;15;4;3;2;6;0;0;1;0;0;0;0;0;0;0;1
11;4;4501042.0;2018;7;13;3;3;2;6;0;1;1;0;0;0;0;0;0;0;2
11;1;1100206.0;2018;8;13;7;3;5;2;0;1;1;0;0;0;0;0;0;0;1
11;12;12100101.0;2018;8;20;4;2;5;2;1;0;1;0;0;0;0;0;0;0;1
11;5;5100313.0;2018;8;12;7;3;5;3;0;1;1;0;0;0;0;0;0;0;1
11;12;12100101.0;2018;8;13;7;3;5;3;0;1;1;0;0;0;0;0;0;0;1
11;7;7400824.0;2018;7;6;3;3;6;7;0;1;0;1;0;0;0;0;0;0;2
11;8;8100417.0;2018;8;12;7;3;5;3;0;0;1;0;0;0;1;0;0;0;1
11;12;12100101.0;2018;8;20;4;2;6;4;0;0;0;1;0;0;1;0;0;0;1
11;1;1100313.0;2018;8;18;4;3;5;3;0;1;0;0;0;0;0;0;0;0;1
11;11;11200411.0;2018;8;12;7;3;0;6;0;0;1;0;1;0;0;0;0;0;1
11;11;11300722.0;2018;7;12;3;3;2;2;0;1;1;0;0;0;0;0;0;0;2
11;11;11100203.0;2018;7;11;3;3;5;3;0;1;1;0;0;0;0;0;0;0;2
11;1;1200522.0;2018;8;18;4;3;2;6;0;0;1;0;0;0;0;0;0;0;1
11;1;1200520.0;2018;8;11;7;3;5;2;0;0;1;0;0;0;0;0;0;0;1
11;1;1100309.0;2018;8;6;4;3;2;6;0;1;1;0;0;0;0;0;0;0;1
11;9;9301126.0;2018;7;10;3;3;0;2;0;1;1;0;0;0;0;0;0;0;2
11;5;5100211.0;2018;8;18;4;3;5;3;0;0;1;0;0;0;0;0;0;0;1