LAND;BEZ;LOR_ab_2021;UJAHR;UMONAT;USTUNDE;UWOCHENTAG;UKATEGORIE;UART;UTYP1;ULICHTVERH;IstRad;IstPKW;IstFuss;IstKrad;IstGkfz;IstSonstige;USTRZUSTAND;LOCKDOWN;COVID;FERIEN
11;2;2200210.0;2018;8;14;4;3;6;4;0;0;1;1;0;0;0;0;0;0;1
11;8;8401243.0;2018;9;14;1;3;5;3;0;1;0;0;0;0;0;0;0;0;0
11;4;4500937.0;2018;8;14;4;3;0;2;0;0;1;0;0;0;1;0;0;0;1
11;2;2100105.0;2018;8;13;4;3;5;3;0;0;1;0;0;0;0;0;0;0;1
11;9;9100306.0;2018;9;15;1;3;5;3;0;0;0;0;1;0;1;0;0;0;0
11;1;1300733.0;2018;9;14;1;3;6;7;0;1;0;1;0;0;0;0;0;0;0
11;9;9100306.0;2018;8;12;4;3;5;3;0;1;1;0;0;0;0;0;0;0;1
11;4;4300624.0;2018;9;13;1;2;5;7;0;0;1;0;0;0;0;1;0;0;0
11;3;3601450.0;2018;8;12;4;3;5;3;0;1;1;0;0;0;0;0;0;0;1
11;1;1401044.0;2018;9;3;1;3;0;7;2;1;0;0;0;0;0;0;0;0;0
11;3;3400721.0;2018;9;4;1;2;0;1;2;1;0;0;0;0;0;0;0;0;0
11;1;1401045.0;2018;8;12;4;3;0;6;0;1;1;0;0;0;0;0;0;0;1
11;2;2500726.0;2018;9;12;7;3;5;3;0;1;1;0;0;0;0;0;0;0;0
11;3;3400721.0;2018;9;11;7;3;2;7;0;0;1;0;1;0;0;0;0;0;0
11;12;12200414.0;2018;8;11;4;3;2;6;0;0;1;0;0;0;0;0;0;0;1
11;6;6200422.0;2018;8;10;4;3;1;5;0;1;1;0;0;0;1;0;0;0;1
11;1;1401043.0;2018;9;23;7;3;4;6;2;1;1;0;0;0;0;0;0;0;0
11;6;6300524.0;2018;8;10;4;2;1;5;0;1;0;0;0;1;0;0;0;0;1
11;7;7601442.0;2018;8;9;4;2;6;4;0;0;1;1;0;0;0;0;0;0;1
11;3;3601140.0;2018;9;13;7;3;2;6;0;1;0;0;0;0;0;0;0;0;0
11;5;5100316.0;2018;8;17;1;3;5;2;0;0;1;0;0;0;1;0;0;0;1
11;2;2200213.0;2018;9;15;7;3;6;4;0;1;0;1;0;0;0;0;0;0;0
11;1;1200629.0;2018;8;9;4;3;5;3;0;1;1;0;0;0;0;0;0;0;1
11;1;1200521.0;2018;9;18;7;3;4;5;0;0;1;0;1;0;0;0;0;0;0
11;4;4300517.0;2018;8;9;4;3;6;4;0;1;0;1;0;0;0;0;0;0;1
11;3;3701659.0;2018;8;8;4;3;0;1;0;0;0;0;1;0;0;0;0;0;1
11;2;2400520.0;2018;9;19;7;3;0;6;1;1;1;0;0;0;0;0;0;0;0
11;11;11100308.0;2018;8;8;4;3;0;3;0;0;1;0;0;0;1;0;0;0;1
11;1;1200522.0;2018;8;8;4;3;5;2;0;0;1;0;1;0;0;0;0;0;1
11;1;1200520.0;2018;9;17;7;2;3;6;0;0;1;0;1;0;0;0;0;0;0
11;11;11400931.0;2018;8;7;4;2;6;4;0;0;1;1;0;0;0;0;0;0;1
11;2;2100105.0;2018;9;18;7;2;1;5;0;1;1;0;0;0;0;0;0;0;0
11;3;3300514.0;2018;8;7;4;3;5;2;0;1;1;0;0;0;0;0;0;0;1
11;8;8100311.0;2018;9;12;7;3;3;3;0;0;1;0;0;0;0;0;0;0;0
11;7;7200409.0;2018;9;15;7;3;1;5;0;1;1;0;0;0;0;0;0;0;0
11;1;1100207.0;2018;8;6;4;3;5;2;0;0;1;0;1;0;0;0;0;0;1
11;4;4300619.0;2018;8;6;4;3;5;2;0;1;1;0;0;0;0;0;0;0;1
11;9;9501940.0;2018;8;2;4;2;9;7;2;0;1;0;0;0;0;0;0;0;1
11;11;11501339.0;2018;9;16;7;3;6;4;0;1;1;1;0;0;0;0;0;0;0
11;4;4300517.0;2018;9;14;7;3;5;2;0;0;1;0;0;0;0;0;0;0;0
11;2;2100104.0;2018;8;8;4;3;1;5;0;1;1;0;0;0;0;0;0;0;1
11;9;9200512.0;2018;9;18;7;3;3;6;0;0;1;0;0;0;1;0;0;0;0
11;4;4501043.0;2018;9;10;7;3;5;3;0;0;1;0;1;0;0;0;0;0;0
11;10;10300734.0;2018;8;15;3;3;0;3;0;1;0;0;0;0;1;0;0;0;1
11;8;8401243.0;2018;9;13;7;2;0;1;0;1;0;0;0;0;0;0;0;0;0
11;1;1100312.0;2018;8;15;3;3;0;6;0;1;0;0;0;0;0;0;0;0;1
11;2;2100104.0;2018;9;14;7;2;0;1;0;0;0;0;1;0;0;0;0;0;0
11;4;4300620.0;2018;9;9;7;3;7;7;0;0;0;0;0;0;1;0;0;0;0
11;4;4501146.0;2018;8;17;3;3;1;7;0;1;1;0;0;0;0;0;0;0;1
11;4;4100102.0;2018;8;16;3;3;0;4;0;0;0;1;1;0;0;0;0;0;1
11;12;12200413.0;2018;9;20;7;3;1;5;2;1;1;0;1;0;0;0;0;0;0
11;1;1100102.0;2018;8;15;3;3;2;6;0;1;0;0;0;0;0;0;0;0;1
11;4;7300515.0;2018;8;15;3;3;6;7;0;0;1;1;0;0;0;0;0;0;1
11;6;6400843.0;2018;9;8;7;3;1;5;0;1;1;0;0;0;0;0;0;0;0
11;3;3400721.0;2018;9;6;7;3;1;6;0;0;1;0;0;0;0;0;0;0;0
11;12;12200310.0;2018;8;14;3;3;5;2;0;0;1;0;0;0;0;0;0;0;1
11;9;9200717.0;2018;9;20;7;3;5;3;2;0;1;0;0;0;0;0;0;0;0
11;7;7100102.0;2018;9;20;7;3;5;2;2;1;1;0;0;0;0;0;0;0;0
11;8;8200727.0;2018;8;14;3;3;2;6;0;0;1;0;1;0;0;0;0;0;1
11;2;2100104.0;2018;8;13;3;3;5;7;0;0;1;0;1;0;0;0;0;0;1
11;2;2400623.0;2018;9;4;7;3;5;3;2;1;1;0;0;0;0;0;0;0;0
11;1;1100415.0;2018;9;2;7;2;0;1;2;1;0;0;0;0;0;0;0;0;0
11;4;4501147.0;2018;8;11;3;3;3;6;0;1;0;0;0;0;1;0;0;0;1
11;6;6400844.0;2018;8;9;3;3;1;5;0;1;1;0;0;0;0;0;0;0;1
11;8;8100415.0;2018;9;18;7;2;5;2;0;0;1;0;1;0;0;0;0;0;0
11;7;7100206.0;2018;8;9;3;3;5;3;0;1;1;0;0;0;0;0;0;0;1
11;1;1200517.0;2018;8;9;3;3;5;3;0;1;1;0;0;0;0;0;0;0;1
11;10;10100206.0;2018;9;21;7;2;0;1;2;0;0;0;1;0;0;0;0;0;0
11;12;12200310.0;2018;8;8;6;3;6;7;0;1;0;1;0;0;0;0;0;0;1
11;2;2500833.0;2018;8;7;3;3;0;2;0;1;1;0;0;0;0;0;0;0;1
11;9;9200715.0;2018;8;16;6;3;5;2;0;0;1;0;0;0;0;0;0;0;1
11;5;5100210.0;2018;8;19;6;3;2;7;0;0;1;0;0;0;0;0;0;0;1
11;9;9200717.0;2018;8;7;3;3;6;2;0;0;1;1;0;0;0;0;0;0;1
11;3;3100101.0;2018;8;7;3;3;2;6;0;0;1;0;0;0;0;0;0;0;1
11;7;7100101.0;2018;8;12;6;3;6;2;0;0;1;1;0;0;0;0;0;0;1
11;8;8100417.0;2018;8;15;3;2;6;4;0;0;1;1;0;0;0;0;0;0;1
11;5;5100316.0;2018;8;15;3;2;0;7;0;1;0;0;0;0;0;0;0;0;1
11;1;1400942.0;2018;8;17;6;3;5;2;0;1;1;0;0;0;0;0;0;0;1
11;6;6100101.0;2018;8;15;3;3;0;1;0;0;0;0;1;0;0;0;0;0;1
11;7;7200409.0;2018;8;14;3;3;3;3;0;1;1;0;0;0;0;0;0;0;1
11;5;5200528.0;2018;8;17;6;3;5;3;0;1;1;0;0;0;0;0;0;0;1
11;8;8200832.0;2018;8;17;6;3;5;2;0;0;1;0;1;0;0;0;0;0;1
11;10;10100314.0;2018;8;12;3;3;0;7;0;1;0;0;0;0;0;0;0;0;1
11;1;1300733.0;2018;8;17;6;3;6;4;0;0;1;1;0;0;0;0;0;0;1
11;2;2400521.0;2018;8;15;6;3;6;4;0;0;1;1;0;0;0;0;0;0;1
11;6;6300632.0;2018;8;11;3;3;0;7;0;0;0;0;1;0;1;0;0;0;1
11;1;1100309.0;2018;8;21;3;3;6;4;2;1;0;1;0;0;0;0;0;0;1
11;4;4501043.0;2018;8;15;6;3;5;3;0;1;1;0;0;0;0;0;0;0;1
11;2;2200209.0;2018;8;18;3;3;1;5;0;1;1;0;0;0;0;0;0;0;1
11;3;3500934.0;2018;8;14;6;3;6;2;0;0;1;1;0;0;0;0;0;0;1
11;7;7300516.0;2018;8;18;3;3;0;3;0;1;1;0;0;0;0;0;0;0;1
11;7;7601236.0;2018;8;15;6;3;5;3;0;0;1;0;0;0;0;0;0;0;1
11;2;2400623.0;2018;8;14;6;3;6;3;0;0;1;1;0;0;0;0;0;0;1
11;2;2500833.0;2018;8;17;3;2;3;6;0;0;0;0;1;0;1;0;0;0;1
11;12;12601236.0;2018;8;17;3;2;5;2;0;1;1;0;0;0;0;0;0;0;1
11;12;12200307.0;2018;8;14;6;3;5;2;0;1;1;0;0;0;0;0;0;0;1
11;11;11501339.0;2018;8;22;3;2;2;6;2;1;0;0;0;0;1;0;0;0;1
11;4;4100101.0;2018;8;13;6;3;5;3;0;0;1;0;0;0;0;0;0;0;1
11;8;8100419.0;2018;8;16;3;3;5;3;0;0;1;0;0;0;1;0;0;0;1
11;8;8200832.0;2018;8;7;3;1;5;2;0;0;0;0;1;1;0;0;0;0;1
11;1;1100309.0;2018;8;13;6;3;5;7;0;1;1;0;0;0;0;0;0;0;1
11;9;9200717.0;2018;8;10;2;3;1;5;0;1;1;0;0;0;0;0;0;0;1
11;9;9200717.0;2018;8;15;6;3;2;6;0;0;1;0;0;0;0;0;0;0;1
11;1;1200628.0;2018;8;15;2;3;0;2;0;0;1;0;1;0;0;0;0;0;1
11;8;8300934.0;2018;8;17;6;3;2;6;0;0;1;0;0;0;0;0;0;0;1
11;9;9401534.0;2018;8;16;6;3;2;6;0;0;1;0;0;0;0;0;0;0;1
11;11;11501341.0;2018;8;16;2;3;2;6;0;0;1;0;0;0;0;0;0;0;1
11;1;1100207.0;2018;8;22;2;3;6;4;2;1;0;1;0;0;0;0;0;0;1
11;5;5100316.0;2018;8;13;6;2;2;2;0;1;1;0;0;0;0;0;0;0;1
11;1;1100310.0;2018;8;20;2;3;2;6;1;0;1;0;1;0;0;0;0;0;1
11;8;8100105.0;2018;8;18;2;3;6;4;0;0;1;1;0;0;0;0;0;0;1
11;3;3100103.0;2018;8;14;6;3;5;3;0;0;1;0;0;0;1;0;0;0;1
11;1;1100308.0;2018;8;19;6;3;9;1;1;0;1;0;0;0;0;0;0;0;1
11;1;1100308.0;2018;8;18;2;3;3;6;0;1;0;0;1;0;0;0;0;0;1
11;3;3601348.0;2018;8;13;6;3;5;3;0;1;0;0;0;0;0;0;0;0;1
11;1;1100309.0;2018;9;17;2;3;2;7;0;1;0;0;0;0;1;0;0;0;0
11;4;4200311.0;2018;8;22;6;2;3;6;2;0;1;0;1;0;0;0;0;0;1
11;2;2200213.0;2018;8;18;2;3;2;6;0;0;1;0;1;0;0;0;0;0;1
11;11;11300725.0;2018;8;21;6;3;0;6;2;1;0;0;0;0;1;0;0;0;1
11;1;1401049.0;2018;8;21;6;3;1;7;2;0;1;0;0;0;0;0;0;0;1
11;8;8200623.0;2018;8;18;2;3;5;3;0;1;1;0;0;0;0;0;0;0;1
11;9;9200510.0;2018;8;17;2;3;2;2;0;0;1;0;0;0;0;0;0;0;1
11;1;1100416.0;2018;8;21;6;3;2;2;2;1;1;0;0;0;0;0;0;0;1
11;4;4501153.0;2018;8;17;2;3;5;2;0;1;0;0;0;0;0;0;0;0;1
11;7;7100206.0;2018;9;16;2;3;6;4;0;1;0;1;0;0;0;0;0;0;0
11;8;8100419.0;2018;8;17;2;3;5;2;0;0;1;0;1;0;0;0;0;0;1
11;5;5100315.0;2018;8;20;6;3;0;6;2;0;0;0;1;0;0;0;0;0;1
11;8;8401244.0;2018;8;19;6;3;5;3;0;1;0;0;0;0;1;0;0;0;1
11;8;8200727.0;2018;8;17;2;3;5;2;0;1;1;0;0;0;0;0;0;0;1
11;2;2100106.0;2018;8;18;6;2;5;3;0;1;0;0;1;0;0;0;0;0;1
11;10;10400939.0;2018;8;18;6;3;5;3;0;1;1;0;0;0;0;0;0;0;1
11;2;2300315.0;2018;8;15;2;3;2;6;0;1;1;0;0;0;0;0;0;0;1
11;2;2500831.0;2018;8;18;2;3;0;1;0;0;0;0;1;0;0;0;0;0;1
11;8;8100312.0;2018;8;17;6;3;2;6;0;0;1;0;0;0;1;0;0;0;1
11;3;3601450.0;2018;8;10;6;3;5;2;0;1;0;0;0;0;1;0;0;0;1
11;12;12601133.0;2018;8;18;2;3;5;3;1;0;1;0;0;0;0;0;0;0;1
11;11;11501238.0;2018;8;19;2;2;8;1;1;0;0;0;1;0;0;0;0;0;1
11;7;7601545.0;2018;8;10;6;3;1;5;0;1;1;0;0;0;0;0;0;0;1
11;1;1100311.0;2018;8;15;2;3;0;6;0;0;1;0;0;0;0;0;0;0;1
11;8;8200832.0;2018;9;17;2;3;2;2;0;1;1;0;0;0;0;0;0;0;0
11;2;2100101.0;2018;8;17;2;3;5;3;0;1;1;0;0;0;0;0;0;0;1
11;4;4500938.0;2018;8;10;6;3;0;6;0;0;1;0;0;0;1;0;0;0;1
11;1;1300730.0;2018;8;14;1;3;2;6;0;1;1;0;0;0;0;0;0;0;1
11;9;9100305.0;2018;8;9;6;3;2;6;0;0;1;0;0;0;0;0;0;0;1
11;3;3400725.0;2018;8;17;2;2;5;7;0;0;1;0;1;0;0;0;0;0;1
11;7;7200308.0;2018;8;9;6;3;2;6;0;0;1;0;0;0;0;0;0;0;1
11;1;1401046.0;2018;8;7;2;3;5;3;0;0;1;0;0;0;0;0;0;0;1
11;12;12200411.0;2018;9;15;2;3;5;2;0;0;1;0;1;0;0;0;0;0;0
11;11;11300722.0;2018;8;7;2;3;6;4;0;0;1;1;0;0;0;0;0;0;1
11;2;2300419.0;2018;8;9;6;2;6;4;0;1;0;1;0;0;0;0;0;0;1
11;8;8100314.0;2018;8;8;2;3;5;2;0;1;1;0;0;0;0;0;0;0;1
11;5;5200527.0;2018;9;13;2;2;5;3;0;1;1;0;0;0;0;0;0;0;0
11;1;1400942.0;2018;8;9;6;3;3;6;0;1;1;0;0;0;0;0;0;0;1
11;1;1100102.0;2018;8;2;2;2;6;4;2;0;1;1;0;0;0;0;0;0;1
11;5;5200629.0;2018;8;8;2;3;5;3;0;0;1;0;0;0;0;0;0;0;1
11;2;2400521.0;2018;8;8;6;3;3;6;0;0;1;0;0;0;0;0;0;0;1
11;2;2100101.0;2018;8;8;2;3;0;1;0;0;0;0;1;0;0;0;0;0;1
11;12;12500824.0;2018;8;8;6;2;5;2;0;0;1;0;1;0;0;0;0;0;1
11;3;3601142.0;2018;8;9;2;3;2;2;0;1;1;0;0;0;0;0;0;0;1
11;4;4300624.0;2018;8;7;6;3;5;7;0;0;1;0;1;0;0;0;0;0;1
11;11;11400929.0;2018;8;7;6;3;5;3;0;1;0;0;0;0;0;0;0;0;1
11;1;1100415.0;2018;8;11;2;3;3;6;0;0;1;0;1;0;0;0;0;0;1
11;2;2100106.0;2018;8;11;2;3;0;6;0;1;0;0;0;0;0;0;0;0;1
11;8;8100311.0;2018;8;12;2;3;5;2;0;1;1;0;0;0;0;0;0;0;1
11;9;9200819.0;2018;8;7;6;3;5;3;0;0;1;0;1;0;0;0;0;0;1
11;6;6400844.0;2018;8;13;2;3;6;4;0;0;1;1;0;0;0;0;0;0;1
11;10;10100205.0;2018;8;6;6;3;0;6;1;0;0;0;1;0;1;0;0;0;1
11;4;4300416.0;2018;8;9;2;3;5;2;0;0;1;0;1;0;0;0;0;0;1
11;11;11200512.0;2018;8;5;6;3;5;2;1;1;1;0;0;0;0;0;0;0;1
11;3;3601348.0;2018;8;8;6;2;5;3;0;1;0;0;0;0;1;0;0;0;1
11;4;4200310.0;2018;8;18;2;3;5;2;0;0;1;0;0;0;0;0;0;0;1
11;7;7601545.0;2018;8;11;6;2;5;2;0;1;1;0;0;0;0;0;0;0;1
11;6;6200422.0;2018;8;11;6;3;0;1;0;0;0;0;1;0;0;0;0;0;1
11;9;9501939.0;2018;8;14;2;3;2;6;0;1;1;0;0;0;0;0;0;0;1
11;4;4300518.0;2018;8;8;2;3;5;2;0;1;1;0;0;0;0;0;0;0;1
11;4;4400728.0;2018;8;13;5;3;6;7;0;0;1;1;0;0;0;0;0;0;1
11;9;9200613.0;2018;8;15;2;3;5;3;0;0;1;0;1;0;0;0;0;0;1
11;9;9100409.0;2018;8;15;2;3;2;2;0;1;1;0;0;0;0;0;0;0;1
11;5;5100206.0;2018;8;9;5;3;5;5;0;0;1;0;1;0;0;1;0;0;1
11;4;4200308.0;2018;8;9;5;3;2;6;0;0;1;0;0;0;0;1;0;0;1
11;11;11100204.0;2018;8;15;2;3;6;2;0;0;1;1;0;0;0;0;0;0;1
11;12;12100101.0;2018;8;10;5;3;3;6;0;0;1;0;0;0;0;1;0;0;1
11;1;1100206.0;2018;8;10;5;3;5;2;0;1;1;0;0;0;0;1;0;0;1
11;1;1100309.0;2018;8;15;2;3;5;3;0;0;1;0;0;0;0;0;0;0;1
11;9;9100408.0;2018;8;15;2;3;5;3;0;0;1;0;1;0;0;0;0;0;1
11;9;9200512.0;2018;8;11;5;3;5;3;0;1;1;0;0;0;0;1;0;0;1
11;12;12500930.0;2018;8;16;2;3;2;6;0;0;1;0;0;0;0;0;0;0;1
11;1;1100205.0;2018;8;14;2;3;5;7;0;0;1;0;0;0;0;0;0;0;1
11;1;1100313.0;2018;8;11;5;3;5;2;0;1;0;0;0;1;0;1;0;0;1
11;12;12400616.0;2018;8;10;2;2;4;6;0;0;1;0;0;0;0;0;0;0;1
11;4;4400727.0;2018;8;11;5;3;5;2;0;0;1;0;0;0;1;1;0;0;1
11;3;3400723.0;2018;8;11;2;3;0;1;0;0;0;0;1;0;0;1;0;0;1
11;4;4400832.0;2018;8;5;2;3;0;1;1;0;0;0;1;0;0;0;0;0;1
11;4;4501042.0;2018;8;9;5;3;3;6;0;1;0;0;0;0;1;0;0;0;1
11;7;7300619.0;2018;8;12;5;3;5;7;0;1;1;0;0;0;0;1;0;0;1
11;9;9401432.0;2018;8;17;2;3;0;1;0;0;0;0;1;0;1;0;0;0;1
11;7;7601546.0;2018;8;14;5;3;5;3;0;0;1;0;0;0;0;0;0;0;1
11;7;7601544.0;2018;8;9;5;3;5;3;0;1;1;0;0;0;0;0;0;0;1
11;4;4300412.0;2018;8;14;1;3;2;6;0;0;1;0;0;0;0;0;0;0;1
11;1;1300836.0;2018;8;18;1;3;5;2;0;1;1;0;0;0;0;0;0;0;1
11;12;12500926.0;2018;8;9;5;3;2;6;0;0;1;0;0;0;0;1;0;0;1
11;2;2300417.0;2018;8;10;1;3;6;4;0;0;1;1;0;0;0;0;0;0;1
11;2;2300316.0;2018;8;9;5;3;5;2;0;1;1;0;0;0;0;1;0;0;1
11;7;7300516.0;2018;8;12;1;3;6;7;0;0;0;1;1;0;0;0;0;0;1
11;12;12200308.0;2018;9;17;5;2;5;2;0;1;1;0;0;0;0;0;0;0;0
11;8;8401241.0;2018;9;6;3;2;2;6;2;0;1;0;1;0;0;0;0;0;0
11;2;2300314.0;2018;9;17;5;3;1;5;0;1;1;0;0;0;0;0;0;0;0
11;8;8200726.0;2018;9;17;5;3;5;2;0;1;1;0;0;0;0;0;0;0;0
11;5;5300736.0;2018;9;5;3;3;3;6;1;0;1;0;1;0;0;0;0;0;0
11;6;6100207.0;2018;9;13;3;3;5;3;0;1;1;0;0;0;0;0;0;0;0
11;11;11501340.0;2018;9;16;5;2;2;6;0;0;1;0;0;0;0;0;0;0;0
11;3;3400725.0;2018;9;5;3;3;5;7;2;0;1;0;1;0;0;1;0;0;0
11;3;3200310.0;2018;9;15;5;3;2;6;0;0;1;0;0;0;0;0;0;0;0
11;1;1200517.0;2018;9;12;3;3;6;2;0;0;1;1;0;0;0;0;0;0;0
11;2;2100102.0;2018;9;15;5;3;3;6;0;1;0;0;0;0;1;0;0;0;0
11;12;12400616.0;2018;9;18;5;3;5;3;0;0;1;0;0;0;0;0;0;0;0
11;4;4500936.0;2018;9;11;3;3;2;6;0;0;0;0;1;0;1;0;0;0;0
11;3;3400829.0;2018;9;11;3;2;5;3;0;1;0;0;0;0;1;0;0;0;0
11;10;10200422.0;2018;9;11;3;3;5;2;0;1;1;0;0;0;0;0;0;0;0
11;1;1100310.0;2018;9;14;5;3;2;6;0;0;1;0;1;0;1;0;0;0;0
11;7;7100102.0;2018;9;14;5;3;0;4;0;0;0;1;0;0;1;0;0;0;0
11;12;12100101.0;2018;9;9;3;3;5;3;0;0;1;0;0;0;0;0;0;0;0
11;3;3100101.0;2018;9;9;3;3;5;3;0;1;1;0;0;0;0;0;0;0;0
11;11;11300721.0;2018;9;15;3;3;2;6;0;0;1;0;0;0;0;0;0;0;0
11;3;3500934.0;2018;9;14;5;3;5;3;0;0;1;0;1;0;0;0;0;0;0
11;2;2100102.0;2018;9;9;3;3;1;5;0;0;1;0;0;0;0;0;0;0;0
11;9;9200510.0;2018;9;8;3;2;5;2;0;1;1;0;0;0;0;0;0;0;0
11;1;1100205.0;2018;9;13;5;3;3;6;0;1;1;0;0;0;0;0;0;0;0
11;4;4500937.0;2018;9;9;3;3;2;6;0;0;1;0;0;0;0;0;0;0;0
11;9;9300922.0;2018;9;13;5;3;5;3;0;0;1;0;0;0;0;0;0;0;0
11;4;4300416.0;2018;9;10;5;3;6;4;0;0;1;1;0;0;0;0;0;0;0
11;3;3400721.0;2018;9;9;3;3;6;4;0;0;1;1;0;0;0;0;0;0;0
11;2;2400521.0;2018;9;13;3;3;2;6;0;0;1;0;0;0;0;0;0;0;0
11;11;11400927.0;2018;9;10;5;3;5;3;0;1;1;0;0;0;0;0;0;0;0
11;3;3701660.0;2018;9;13;3;3;5;3;0;0;1;0;1;0;0;0;0;0;0
11;6;6200311.0;2018;9;17;2;3;5;7;0;0;1;0;0;0;0;0;0;0;0
11;2;2300314.0;2018;9;9;5;3;0;2;0;1;1;0;0;0;0;0;0;0;0
11;1;1100310.0;2018;9;9;5;3;2;7;0;1;1;0;0;0;0;0;0;0;0
11;4;4500938.0;2018;9;13;2;3;0;1;0;1;1;0;0;0;0;0;0;0;0
11;3;3100103.0;2018;9;9;5;3;5;3;0;0;1;0;0;0;0;0;0;0;0
11;2;2200210.0;2018;9;8;5;3;5;2;0;1;1;0;0;0;0;0;0;0;0
11;7;7100204.0;2018;9;8;5;3;3;2;0;1;0;0;1;0;0;0;0;0;0
11;6;6400841.0;2018;9;18;2;3;2;6;0;0;1;0;0;0;0;0;0;0;0
11;4;4501149.0;2018;9;7;5;3;5;2;0;1;1;0;0;0;0;0;0;0;0
11;4;4501146.0;2018;9;7;5;3;5;3;0;1;0;0;0;0;0;0;0;0;0
11;2;2300316.0;2018;9;18;2;3;5;2;0;1;1;0;0;0;0;0;0;0;0
11;4;4300620.0;2018;9;17;2;3;5;2;0;1;1;0;0;0;0;0;0;0;0
11;5;5100103.0;2018;9;6;5;3;5;2;0;0;1;0;1;0;0;0;0;0;0
11;5;5400942.0;2018;9;17;2;3;2;6;0;0;1;0;0;0;1;0;0;0;0
11;4;4500936.0;2018;9;13;5;3;5;3;0;0;1;0;0;0;1;0;0;0;0
11;7;7501031.0;2018;9;11;5;3;3;6;0;1;0;0;0;0;0;0;0;0;0
11;4;4200203.0;2018;9;17;2;3;3;2;0;0;1;0;1;0;0;0;0;0;0
11;10;10100205.0;2018;9;13;5;3;5;3;0;1;1;0;0;0;0;0;0;0;0
11;1;7100101.0;2018;9;9;5;3;5;2;0;1;1;1;0;0;0;0;0;0;0
11;4;4501148.0;2018;9;16;2;2;5;2;0;0;1;0;1;0;0;0;0;0;0
11;1;1100308.0;2018;9;16;2;2;6;4;0;0;1;1;0;0;0;0;0;0;0
11;8;8100104.0;2018;9;13;5;3;2;2;0;1;1;0;0;0;0;0;0;0;0
11;3;3400619.0;2018;9;15;2;3;5;3;0;1;1;0;0;0;0;0;0;0;0
11;1;1300834.0;2018;9;15;2;3;2;6;0;0;1;0;1;0;0;0;0;0;0
11;6;6200423.0;2018;9;14;2;3;2;6;0;0;1;0;0;0;1;0;0;0;0
11;4;4500938.0;2018;9;9;5;2;5;2;0;0;1;0;1;0;0;0;0;0;0
11;10;10100315.0;2018;9;14;2;3;5;2;0;1;1;0;0;0;0;0;0;0;0
11;6;6300527.0;2018;9;13;2;2;5;2;0;1;1;0;0;0;0;0;0;0;0
11;2;2100102.0;2018;9;8;5;3;5;3;0;0;1;0;1;0;0;0;0;0;0
11;11;11501340.0;2018;9;8;3;3;2;6;0;0;0;0;0;1;0;0;0;0;0
11;8;8100521.0;2018;9;8;5;3;9;1;0;0;1;0;0;0;0;0;0;0;0
11;8;8100209.0;2018;9;12;2;3;3;6;0;1;0;0;0;1;0;0;0;0;0
11;8;8200726.0;2018;9;7;5;2;5;3;0;1;0;0;0;0;0;0;0;0;0
11;10;10200421.0;2018;9;13;5;3;5;3;0;1;1;0;0;0;0;0;0;0;0
11;5;5300736.0;2018;9;12;2;3;2;2;0;0;1;0;0;0;1;0;0;0;0
11;4;4501150.0;2018;9;12;2;3;3;6;0;0;0;0;1;0;1;0;0;0;0
11;2;2300316.0;2018;9;14;3;3;3;6;0;0;1;0;0;1;0;0;0;0;0
11;7;7400823.0;2018;9;12;5;3;5;2;0;0;1;0;0;0;0;0;0;0;0
11;8;8100102.0;2018;9;11;2;3;6;4;0;0;0;1;0;0;1;0;0;0;0
11;12;12200309.0;2018;9;8;3;3;5;2;0;1;0;0;0;1;0;0;0;0;0
11;12;12400618.0;2018;9;12;5;2;0;7;0;1;1;0;0;0;0;0;0;0;0
11;2;2100106.0;2018;9;14;2;3;2;6;0;0;1;0;0;0;0;0;0;0;0
11;5;5300839.0;2018;9;12;5;2;5;3;0;0;1;0;0;0;0;0;0;0;0
11;8;8200622.0;2018;9;12;5;3;3;6;0;0;1;0;1;0;0;0;0;0;0
11;7;7200308.0;2018;9;16;2;3;0;7;0;1;0;0;0;0;0;0;0;0;0
11;12;12500825.0;2018;9;15;3;3;5;2;0;1;1;0;0;0;0;0;0;0;0
11;5;5100211.0;2018;9;11;5;3;5;2;0;0;1;0;0;0;0;0;0;0;0
11;1;1400937.0;2018;9;20;2;2;6;4;2;0;1;1;0;0;0;0;0;0;0
11;9;8401243.0;2018;9;11;5;3;3;6;0;1;0;0;0;0;0;0;0;0;0
11;7;7400825.0;2018;9;11;5;3;1;3;0;0;1;0;0;0;1;0;0;0;0
11;9;9200510.0;2018;9;10;2;3;2;6;0;0;1;0;0;0;0;0;0;0;0
11;4;4300623.0;2018;9;11;5;3;2;2;0;0;1;0;0;0;0;0;0;0;0
11;4;4501043.0;2018;9;10;2;3;5;3;0;1;1;0;0;0;0;0;0;0;0
11;12;12500825.0;2018;9;10;2;3;2;6;0;0;1;0;0;0;0;0;0;0;0
11;3;3500934.0;2018;9;14;3;2;0;1;0;1;0;0;0;0;0;0;0;0;0
11;5;5300735.0;2018;9;10;5;3;2;6;0;1;0;0;0;0;1;0;0;0;0
11;5;5200631.0;2018;9;9;2;3;5;3;0;1;1;0;0;0;0;0;0;0;0
11;6;6400843.0;2018;9;7;5;3;6;7;0;1;0;1;0;0;0;0;0;0;0
11;2;2100102.0;2018;9;9;2;3;2;6;0;0;1;0;0;0;0;0;0;0;0
11;2;7400720.0;2018;9;15;5;2;3;6;0;0;0;0;0;0;1;0;0;0;0