LAND;BEZ;LOR_ab_2021;UJAHR;UMONAT;USTUNDE;UWOCHENTAG;UKATEGORIE;UART;UTYP1;ULICHTVERH;IstRad;IstPKW;IstFuss;IstKrad;IstGkfz;IstSonstige;USTRZUSTAND;LOCKDOWN;COVID;FERIEN
11;3;3601141.0;2018;10;19;4;3;2;6;2;0;1;0;0;0;0;0;0;0;1
11;1;1100102.0;2018;10;2;7;3;5;2;2;1;1;0;0;0;0;0;0;0;1
11;5;5100316.0;2018;10;17;3;3;6;4;0;0;1;1;0;0;0;1;0;0;1
11;10;10100316.0;2018;10;0;7;3;5;3;2;1;1;0;0;0;0;0;0;0;1
11;1;1100309.0;2018;10;19;4;2;5;7;2;0;1;0;1;0;0;0;0;0;1
11;7;7501031.0;2018;10;11;7;2;5;3;0;0;1;0;0;1;0;0;0;0;1
11;7;7400823.0;2018;10;17;3;3;2;6;0;0;1;0;1;0;0;1;0;0;1
11;2;2500833.0;2018;10;18;4;3;3;6;1;1;0;0;0;0;1;0;0;0;1
11;4;4300517.0;2018;10;11;7;2;2;6;0;0;1;0;0;0;0;0;0;0;1
11;9;9200512.0;2018;10;19;4;3;6;6;2;0;1;1;0;0;0;0;0;0;1
11;3;3300516.0;2018;10;16;3;3;5;2;0;1;0;0;0;0;1;1;0;0;1
11;1;1100308.0;2018;10;19;4;2;6;4;2;0;1;1;0;0;0;0;0;0;1
11;4;4500936.0;2018;10;16;7;3;5;3;0;1;1;0;0;0;0;0;0;0;1
11;5;5300736.0;2018;10;16;3;3;2;6;0;0;1;0;1;0;0;1;0;0;1
11;1;1100309.0;2018;10;15;7;3;6;4;0;0;0;1;0;0;1;0;0;0;1
11;4;4200207.0;2018;10;14;3;2;4;1;0;0;1;0;0;0;1;1;0;0;1
11;2;2300419.0;2018;10;19;4;3;0;7;1;1;1;0;0;0;0;0;0;0;1
11;6;6100206.0;2018;10;15;7;3;5;2;0;0;1;0;0;0;0;0;0;0;1
11;1;1401045.0;2018;10;15;3;3;2;6;0;0;1;0;1;0;0;1;0;0;1
11;6;6200422.0;2018;10;18;4;3;5;3;1;0;1;0;0;0;1;0;0;0;1
11;2;2500834.0;2018;10;15;7;3;6;4;0;1;0;1;0;0;0;0;0;0;1
11;6;6300526.0;2018;10;14;3;3;5;2;0;1;1;0;0;0;0;1;0;0;1
11;10;10400837.0;2018;10;14;7;3;2;6;0;0;1;0;0;0;0;0;0;0;1
11;8;8100418.0;2018;10;18;4;3;1;5;2;1;1;0;0;0;0;0;0;0;1
11;9;9401534.0;2018;10;14;7;3;3;6;0;1;0;0;0;0;0;0;0;0;1
11;7;7601341.0;2018;10;14;3;2;5;2;0;0;1;0;0;0;0;1;0;0;1
11;2;2200211.0;2018;10;18;4;3;2;6;1;1;0;0;0;0;0;0;0;0;1
11;6;6200316.0;2018;10;14;7;3;5;2;0;0;1;0;0;0;0;0;0;0;1
11;3;3500933.0;2018;10;17;4;3;0;1;0;1;0;0;0;0;0;0;0;0;1
11;5;5300737.0;2018;10;0;3;2;1;5;2;0;1;0;0;1;1;0;0;0;1
11;2;2400625.0;2018;10;17;4;3;5;2;0;1;1;0;0;0;0;0;0;0;1
11;9;9501737.0;2018;10;13;7;3;5;3;0;1;0;0;0;0;0;0;0;0;1
11;5;5100316.0;2018;10;18;3;3;0;1;1;0;1;0;1;0;0;1;0;0;1
11;6;6200314.0;2018;10;16;3;3;0;1;0;0;0;0;1;0;0;1;0;0;1
11;7;7400823.0;2018;10;13;7;3;2;6;0;0;1;0;0;1;0;0;0;0;1
11;11;11200513.0;2018;10;9;3;3;5;3;0;0;1;0;0;0;0;0;0;0;1
11;8;8100520.0;2018;10;17;4;3;0;6;0;0;1;0;1;0;0;0;0;0;1
11;12;12200412.0;2018;10;12;7;3;5;2;0;1;1;0;0;0;0;0;0;0;1
11;4;4500936.0;2018;10;13;2;3;6;2;0;0;1;1;0;0;0;0;0;0;1
11;4;4501153.0;2018;10;11;7;2;2;1;0;0;1;0;0;0;1;0;0;0;1
11;10;10100209.0;2018;10;17;4;3;2;7;0;0;1;0;1;0;0;0;0;0;1
11;6;6100205.0;2018;10;16;2;3;0;2;0;1;1;0;0;0;0;1;0;0;1
11;10;10100311.0;2018;10;17;4;3;2;6;0;0;1;0;0;0;0;0;0;0;1
11;12;12100204.0;2018;10;17;2;3;5;3;0;1;1;0;0;0;0;0;0;0;1
11;1;1100310.0;2018;10;20;6;3;5;3;2;1;1;0;0;0;0;0;0;0;1
11;11;11501340.0;2018;10;16;4;3;2;2;0;1;1;0;0;0;0;0;0;0;1
11;4;4501148.0;2018;10;17;2;3;0;2;0;1;1;0;0;0;0;1;0;0;1
11;1;1300835.0;2018;10;16;4;3;6;7;0;0;1;1;0;0;0;0;0;0;1
11;10;10400835.0;2018;10;19;6;3;5;2;2;1;1;0;0;0;0;0;0;0;1
11;8;8401241.0;2018;10;15;4;3;2;6;0;0;1;0;0;0;1;0;0;0;1
11;8;8100415.0;2018;10;22;2;3;6;4;2;1;0;1;0;0;0;0;0;0;1
11;4;4200311.0;2018;10;15;4;3;2;6;0;0;1;0;1;0;1;0;0;0;1
11;7;7601238.0;2018;10;18;6;3;5;3;2;0;1;0;1;0;0;0;0;0;1
11;3;11300617.0;2018;10;20;2;3;5;3;2;1;1;0;0;0;0;0;0;0;1
11;11;11401136.0;2018;10;17;2;2;5;3;0;1;1;0;0;0;0;1;0;0;1
11;3;3400724.0;2018;10;18;6;3;5;3;0;1;1;0;0;0;0;0;0;0;1
11;4;4200311.0;2018;10;17;2;2;2;2;0;1;1;0;0;0;0;0;0;0;1
11;2;2300315.0;2018;10;15;4;3;6;4;0;0;0;1;1;0;0;0;0;0;1
11;1;1200521.0;2018;10;18;6;3;6;4;1;0;1;1;0;0;0;0;0;0;1
11;7;7400720.0;2018;10;15;2;3;5;2;0;1;1;0;0;0;0;0;0;0;1
11;4;4100102.0;2018;10;17;6;3;0;2;0;0;1;0;1;0;0;0;0;0;1
11;1;1200623.0;2018;10;15;4;3;3;6;0;0;1;0;0;0;1;0;0;0;1
11;4;4501043.0;2018;10;22;2;3;5;2;2;0;1;0;1;0;0;0;0;0;1
11;2;2500833.0;2018;10;15;4;3;5;2;0;1;1;0;0;0;0;0;0;0;1
11;1;3701556.0;2018;10;23;6;3;6;4;2;0;1;1;0;0;0;0;0;0;1
11;12;12400617.0;2018;10;22;4;3;5;3;2;0;1;0;0;0;0;0;0;0;1
11;6;6100102.0;2018;10;15;2;3;6;4;0;0;1;1;0;0;0;0;0;0;1
11;8;8300934.0;2018;10;21;4;2;5;3;2;0;1;0;1;0;0;0;0;0;1
11;12;12200414.0;2018;10;22;6;2;6;4;2;0;1;1;0;0;0;0;0;0;1
11;6;6200312.0;2018;10;21;6;3;5;3;2;1;1;0;0;0;0;0;0;0;1
11;11;11501339.0;2018;10;20;4;3;3;6;2;0;1;0;0;1;0;0;0;0;1
11;6;6300527.0;2018;10;12;4;2;5;3;0;1;1;0;0;0;0;0;0;0;1
11;9;9200510.0;2018;10;17;6;2;5;2;1;1;1;0;0;0;0;0;0;0;1
11;1;1300733.0;2018;10;14;2;3;6;7;0;0;1;1;0;0;0;0;0;0;1
11;1;1300733.0;2018;10;17;6;3;5;7;1;0;0;0;1;0;0;0;0;0;1
11;4;4501042.0;2018;10;14;2;3;0;4;0;0;0;1;1;0;0;1;0;0;1
11;8;8401245.0;2018;10;14;4;3;6;4;0;0;1;1;0;0;0;0;0;0;1
11;10;10400941.0;2018;10;15;6;3;5;3;0;1;1;0;0;0;0;0;0;0;1
11;12;12200414.0;2018;10;14;2;3;2;6;0;0;1;0;0;0;0;0;0;0;1
11;1;1300834.0;2018;10;15;6;3;2;6;0;0;1;0;0;0;0;0;0;0;1
11;10;10100210.0;2018;10;14;4;3;5;3;0;0;0;0;0;0;1;0;0;0;1
11;4;4501042.0;2018;10;13;2;3;1;5;0;1;1;0;0;0;1;1;0;0;1
11;5;5200629.0;2018;10;13;4;3;5;3;0;0;1;0;1;0;0;0;0;0;1
11;5;5400943.0;2018;10;15;6;3;5;7;0;1;1;0;0;0;0;0;0;0;1
11;1;1200626.0;2018;10;13;2;3;6;3;0;0;1;1;0;0;0;0;0;0;1
11;5;5100317.0;2018;10;13;4;3;2;6;0;0;1;0;0;1;0;0;0;0;1
11;8;8401245.0;2018;10;18;6;3;6;4;0;0;1;1;0;0;0;0;0;0;1
11;10;10200423.0;2018;10;7;2;3;5;3;0;1;1;0;0;0;0;0;0;0;1
11;2;2400521.0;2018;10;7;6;3;5;3;0;1;0;0;0;0;1;0;0;0;1
11;4;4500937.0;2018;10;13;4;3;3;6;0;1;1;0;0;0;0;0;0;0;1
11;6;6100206.0;2018;10;15;6;3;0;2;0;1;1;0;0;0;0;0;0;0;1
11;1;1100207.0;2018;10;17;2;3;5;2;0;1;0;0;1;0;0;1;0;0;1
11;10;10400940.0;2018;10;12;4;3;5;3;0;0;1;0;1;0;0;0;0;0;1
11;1;1100309.0;2018;10;16;6;3;6;4;0;1;0;1;0;0;0;0;0;0;1
11;11;11300721.0;2018;10;17;2;2;0;3;0;0;1;0;0;0;1;0;0;0;1
11;1;1100102.0;2018;10;16;6;2;5;3;0;0;1;1;0;0;1;0;0;0;1
11;8;8100520.0;2018;10;12;4;3;5;3;0;1;0;0;0;0;1;0;0;0;1
11;2;2500833.0;2018;10;15;6;3;6;4;0;0;1;1;0;0;0;0;0;0;1
11;2;2300315.0;2018;10;15;2;3;2;6;0;0;1;0;0;0;0;1;0;0;1
11;10;10400940.0;2018;10;12;4;3;5;3;0;1;1;0;0;0;0;0;0;0;1
11;10;10200423.0;2018;10;16;6;3;2;6;0;0;1;0;0;0;0;0;0;0;1
11;9;9200715.0;2018;10;11;4;3;5;3;0;1;1;0;0;0;0;0;0;0;1
11;11;11300721.0;2018;10;16;2;3;3;6;0;0;1;0;0;0;1;0;0;0;1
11;4;4501148.0;2018;10;10;4;3;5;3;0;0;1;0;0;0;0;0;0;0;1
11;5;5100316.0;2018;10;9;6;3;5;2;0;0;1;0;0;0;0;0;0;0;1
11;4;4400832.0;2018;10;13;2;3;1;5;0;1;1;0;0;0;1;0;0;0;1
11;6;6300632.0;2018;10;16;6;2;0;1;0;1;0;0;0;0;0;0;0;0;1
11;6;6400839.0;2018;10;8;2;3;0;3;0;1;0;0;0;0;1;0;0;0;1
11;4;4300620.0;2018;10;12;6;2;4;7;0;0;1;1;0;0;1;0;0;0;1
11;2;2300314.0;2018;10;9;4;3;3;6;0;1;1;0;0;0;0;0;0;0;1
11;8;8300934.0;2018;10;17;6;3;1;5;0;0;1;0;0;0;0;0;0;0;1
11;2;2500727.0;2018;10;7;2;3;0;7;0;1;0;0;0;0;1;0;0;0;1
11;12;12400619.0;2018;10;9;4;3;5;3;0;1;1;0;0;0;0;0;0;0;1
11;12;12500929.0;2018;10;16;6;3;5;3;0;0;1;0;1;0;0;0;0;0;1
11;2;2400521.0;2018;10;9;4;3;5;2;0;1;0;0;0;0;1;0;0;0;1
11;2;2200208.0;2018;10;7;2;2;5;2;0;1;1;0;0;0;0;0;0;0;1
11;4;4200206.0;2018;10;15;4;3;0;2;0;1;1;0;0;0;0;0;0;0;1
11;2;2400623.0;2018;10;13;6;3;1;5;0;1;1;0;0;0;1;0;0;0;1
11;1;1400938.0;2018;10;8;2;3;2;6;0;0;1;0;0;0;0;0;0;0;1
11;4;4400727.0;2018;10;8;2;2;0;2;0;1;1;0;0;0;0;0;0;0;1
11;2;2500835.0;2018;10;18;4;3;0;6;1;0;1;0;1;0;0;0;0;0;1
11;1;1200628.0;2018;10;9;2;3;6;4;0;1;0;1;0;0;0;0;0;0;1
11;2;2100106.0;2018;10;8;4;3;3;6;0;1;1;0;0;0;0;0;0;0;1
11;6;6100205.0;2018;10;13;6;2;5;3;0;0;1;0;1;0;0;0;0;0;1
11;2;2100102.0;2018;10;10;2;3;2;6;0;0;1;0;0;0;0;0;0;0;1
11;2;2400623.0;2018;10;11;2;3;5;3;0;1;1;0;0;0;0;0;0;0;1
11;7;7100102.0;2018;10;11;6;2;6;4;0;0;1;1;0;0;0;0;0;0;1
11;12;12100103.0;2018;10;7;2;3;5;2;0;1;0;0;0;0;1;0;0;0;1
11;1;1200517.0;2018;10;8;4;2;3;6;0;1;0;0;0;0;1;0;0;0;1
11;4;4100101.0;2018;10;11;6;3;2;6;0;0;1;0;0;0;0;0;0;0;1
11;1;1400940.0;2018;10;13;2;3;5;3;0;0;1;0;0;0;0;0;0;0;1
11;4;4501045.0;2018;10;13;6;3;5;3;0;0;1;0;1;0;0;0;0;0;1
11;3;3300517.0;2018;10;7;4;3;5;2;0;1;1;0;0;0;0;0;0;0;1
11;2;2100104.0;2018;10;7;2;2;0;7;0;1;0;0;0;0;0;0;0;0;1
11;8;8100415.0;2018;10;7;4;3;5;3;0;1;1;0;0;0;0;0;0;0;1
11;1;1100102.0;2018;10;10;6;3;2;6;0;0;1;0;0;0;1;0;0;0;1
11;10;10200629.0;2018;10;12;4;3;6;7;0;0;1;1;0;0;0;0;0;0;1
11;9;9301025.0;2018;10;7;2;3;8;1;0;0;1;0;0;0;0;0;0;0;1
11;1;1100101.0;2018;10;19;4;3;5;2;2;1;0;0;0;0;1;0;0;0;1
11;11;11401136.0;2018;10;10;6;3;5;2;0;1;1;0;0;0;0;0;0;0;1
11;9;9401329.0;2018;9;17;1;3;5;3;1;0;1;0;0;0;0;0;0;0;0
11;9;9401534.0;2018;9;20;1;2;3;6;2;0;1;0;1;0;0;0;0;0;0
11;9;9501939.0;2018;10;13;6;3;5;2;0;1;1;0;0;0;0;0;0;0;1
11;6;6300527.0;2018;9;12;1;3;6;4;0;1;0;1;0;0;0;0;0;0;0
11;1;1100206.0;2018;10;8;3;3;0;2;0;0;0;0;1;0;1;0;0;0;1
11;10;10100311.0;2018;10;9;6;3;2;1;0;1;1;0;0;0;0;0;0;0;1
11;4;4500936.0;2018;9;10;1;3;0;7;0;0;0;0;1;0;0;0;0;0;0
11;5;5100316.0;2018;10;12;6;2;5;2;0;0;1;0;0;0;0;1;0;0;1
11;4;4501040.0;2018;10;15;3;3;1;5;0;1;1;0;0;0;0;0;0;0;1
11;8;8100208.0;2018;10;9;6;3;2;2;0;1;1;0;0;0;0;0;0;0;1
11;1;1100308.0;2018;9;10;1;3;3;2;0;0;1;0;0;0;0;0;0;0;0
11;7;7100102.0;2018;10;16;3;3;1;5;0;1;1;0;0;0;0;0;0;0;1
11;5;5200420.0;2018;10;12;6;3;0;7;0;0;1;0;1;0;0;1;0;0;1
11;11;11100308.0;2018;9;7;1;3;1;5;0;0;1;0;0;1;0;0;0;0;0
11;11;11300721.0;2018;10;9;6;2;5;3;0;0;1;0;1;0;0;0;0;0;1
11;6;6300527.0;2018;10;16;3;2;1;5;0;0;1;0;0;0;0;0;0;0;1
11;7;7100103.0;2018;9;0;1;3;0;1;2;1;1;0;0;0;0;0;0;0;0
11;10;10400837.0;2018;10;15;3;3;0;2;0;1;1;0;0;0;0;0;0;0;1
11;1;1100308.0;2018;10;9;6;3;3;2;0;1;1;0;0;0;0;0;0;0;1
11;1;1100416.0;2018;10;22;3;3;5;2;2;1;1;0;0;0;0;0;0;0;1
11;8;8100206.0;2018;9;20;1;3;5;3;2;1;1;0;0;0;0;0;0;0;0
11;6;6100210.0;2018;10;11;3;2;0;7;0;0;1;0;0;0;0;0;0;0;1
11;1;1100206.0;2018;10;8;6;3;5;3;0;1;1;0;0;0;0;0;0;0;1
11;11;11200514.0;2018;9;18;1;3;5;7;0;0;1;0;1;0;0;0;0;0;0
11;8;8300934.0;2018;10;12;6;3;0;6;0;0;1;0;0;0;1;0;0;0;1
11;11;11100204.0;2018;10;20;3;2;6;4;2;0;1;1;0;0;0;0;0;0;1
11;9;9401329.0;2018;9;18;1;3;5;2;0;1;1;0;0;0;0;0;0;0;0
11;3;3400828.0;2018;10;16;5;3;6;7;0;0;1;1;0;0;0;0;0;0;1
11;7;7601544.0;2018;10;7;2;3;3;6;0;1;1;0;0;0;1;0;0;0;1
11;10;10200629.0;2018;10;7;2;3;5;2;0;0;1;0;1;0;0;0;0;0;1
11;4;4501148.0;2018;10;8;5;3;5;2;0;1;1;0;0;0;0;0;0;0;1
11;2;2500835.0;2018;10;5;2;3;2;6;2;0;1;0;1;0;0;0;0;0;1
11;2;2500832.0;2018;10;16;5;3;5;2;0;1;1;0;0;0;0;0;0;0;1
11;5;5100317.0;2018;10;4;2;2;4;6;2;0;1;0;0;1;0;0;0;0;1
11;10;10300734.0;2018;10;10;3;3;5;3;0;0;1;0;0;1;0;1;0;0;1
11;8;8100310.0;2018;10;8;5;3;5;7;0;1;1;0;0;0;0;0;0;0;1
11;9;9301025.0;2018;10;14;2;2;5;3;0;1;1;0;0;0;0;0;0;0;1
11;9;9401432.0;2018;10;6;3;3;5;3;2;1;1;0;0;0;0;0;0;0;1
11;3;3701554.0;2018;10;14;2;3;0;1;0;1;0;0;0;0;0;0;0;0;1
11;3;3601243.0;2018;10;15;5;3;5;3;0;1;1;0;0;0;0;0;0;0;1
11;5;5100316.0;2018;10;13;2;3;5;3;0;1;1;0;0;0;0;0;0;0;1
11;1;1100308.0;2018;10;12;3;3;0;1;0;1;0;0;0;0;0;1;0;0;1
11;5;5200423.0;2018;10;15;5;2;5;7;1;1;1;0;0;0;0;0;0;0;1
11;7;7300619.0;2018;10;18;2;3;7;7;2;1;0;0;0;0;0;1;0;0;1
11;6;6200317.0;2018;10;14;5;2;5;3;0;1;1;0;0;0;0;0;0;0;1
11;4;4501040.0;2018;10;13;2;3;5;3;0;1;0;0;0;0;1;1;0;0;1
11;10;10400835.0;2018;10;13;2;3;3;6;0;0;1;0;0;0;1;0;0;0;1
11;5;5300841.0;2018;10;14;5;3;6;2;0;0;1;1;0;0;0;0;0;0;1
11;3;3601244.0;2018;10;14;2;3;5;3;0;1;1;0;0;0;0;0;0;0;1
11;4;4501042.0;2018;10;12;2;3;2;6;0;0;1;0;0;0;0;1;0;0;1
11;11;11400929.0;2018;10;14;5;2;1;5;0;0;1;0;0;0;1;0;0;0;1
11;3;3200308.0;2018;10;11;2;3;6;7;0;0;1;1;0;0;0;1;0;0;1
11;2;2400625.0;2018;10;12;2;3;5;3;0;0;1;0;0;0;1;0;0;0;1
11;1;1100205.0;2018;10;11;2;3;5;2;0;1;1;0;0;0;0;1;0;0;1
11;12;12200412.0;2018;10;18;5;3;0;1;2;0;0;0;1;0;0;1;0;0;1
11;4;4501044.0;2018;10;11;2;2;5;2;0;0;1;0;1;0;0;0;0;0;1
11;10;10200629.0;2018;10;11;2;3;0;1;0;0;0;0;1;0;0;1;0;0;1
11;1;1100207.0;2018;10;11;2;3;0;6;0;0;1;0;0;0;1;0;0;0;1
11;1;1100416.0;2018;10;10;5;3;0;1;0;1;0;0;0;0;0;0;0;0;1
11;3;3601245.0;2018;10;11;2;3;5;7;0;1;1;0;0;0;0;0;0;0;1
11;4;4400725.0;2018;10;10;2;2;5;3;0;1;1;0;0;0;0;0;0;0;1
11;7;7501031.0;2018;10;20;5;3;0;1;2;0;0;0;1;0;0;1;0;0;1
11;5;5200629.0;2018;10;8;5;2;5;3;0;0;1;0;0;0;0;0;0;0;1
11;7;7400927.0;2018;10;17;2;3;5;3;1;0;1;0;0;0;1;0;0;0;1
11;1;1200517.0;2018;10;8;5;3;5;3;0;1;0;0;0;0;1;0;0;0;1
11;8;8100312.0;2018;10;11;2;3;5;3;0;1;1;0;0;0;0;0;0;0;1
11;10;10100311.0;2018;10;16;2;3;2;6;0;0;1;0;0;0;0;0;0;0;1
11;1;1400937.0;2018;10;8;5;3;1;5;0;1;1;0;0;0;0;0;0;0;1
11;1;1100310.0;2018;10;8;2;3;0;1;0;0;0;0;1;0;0;0;0;0;1
11;7;7601546.0;2018;10;11;2;3;5;3;0;0;1;0;0;0;1;0;0;0;1
11;3;3500936.0;2018;10;8;5;3;5;3;0;0;1;0;0;0;0;0;0;0;1
11;6;6300629.0;2018;10;11;2;2;5;2;0;0;1;0;1;0;0;0;0;0;1
11;1;1100205.0;2018;10;16;2;3;5;3;0;0;1;0;1;0;0;1;0;0;1
11;6;6400841.0;2018;10;10;2;3;5;2;0;1;1;0;0;0;0;0;0;0;1
11;2;2200211.0;2018;10;8;5;3;6;7;0;0;1;1;0;0;0;0;0;0;1
11;5;5300736.0;2018;10;10;2;3;2;6;0;0;1;0;0;0;0;0;0;0;1
11;2;2200211.0;2018;10;7;5;3;3;6;0;1;1;0;0;0;0;0;0;0;1
11;5;5100316.0;2018;10;9;2;3;5;3;0;1;1;0;0;0;0;0;0;0;1
11;1;1200627.0;2018;10;8;2;3;5;1;0;0;1;0;1;0;0;0;0;0;1
11;1;1300834.0;2018;10;9;2;3;5;2;0;0;1;0;0;0;0;0;0;0;1
11;3;3601243.0;2018;10;6;5;2;0;3;0;0;1;0;1;0;0;0;0;0;1
11;7;7300619.0;2018;10;9;2;3;5;3;0;1;0;0;0;0;0;0;0;0;1
11;4;4200308.0;2018;10;16;2;3;5;2;0;0;1;0;0;0;0;1;0;0;1
11;1;1100311.0;2018;10;6;5;2;5;3;2;0;1;0;1;0;0;0;0;0;1
11;2;2400625.0;2018;10;18;5;3;3;6;1;0;0;0;1;1;0;0;0;0;1
11;4;4100102.0;2018;10;16;2;3;2;6;0;0;1;0;0;0;0;1;0;0;1
11;3;3601140.0;2018;10;15;5;3;5;2;2;1;1;0;0;0;0;0;0;0;1
11;3;3500936.0;2018;10;9;2;3;4;2;0;1;1;0;0;0;0;0;0;0;1
11;4;4300623.0;2018;10;11;5;3;2;3;0;0;1;0;0;0;0;0;0;0;1
11;2;2200209.0;2018;10;15;2;3;5;3;0;1;1;0;0;0;0;1;0;0;1
11;1;1100311.0;2018;10;9;2;3;6;4;0;1;0;1;0;0;0;0;0;0;1
11;2;2200210.0;2018;10;12;4;3;5;2;0;1;1;0;0;0;0;0;0;0;1
11;4;4200310.0;2018;10;9;2;3;1;5;0;1;1;0;0;0;0;0;0;0;1
11;1;1100308.0;2018;10;8;2;3;0;3;0;1;1;0;0;0;0;0;0;0;1
11;4;4300622.0;2018;10;12;2;3;2;6;0;1;1;0;0;0;0;0;0;0;1
11;4;4300624.0;2018;10;18;4;3;1;5;1;1;1;0;0;0;0;0;0;0;1
11;6;6200315.0;2018;10;14;2;2;5;3;0;1;0;0;0;0;1;0;0;0;1
11;12;12200515.0;2018;10;15;2;3;2;6;0;0;1;0;0;0;0;1;0;0;1
11;8;8100521.0;2018;10;9;4;3;2;2;0;0;1;0;0;0;0;0;0;0;1
11;10;10400938.0;2018;10;6;2;2;2;6;1;0;1;0;0;0;0;0;0;0;1
11;2;2100101.0;2018;10;16;1;3;5;2;0;0;1;0;0;0;0;0;0;0;1
11;5;5300841.0;2018;10;15;2;2;0;6;0;0;1;0;1;0;0;1;0;0;1
11;6;6100207.0;2018;10;14;2;2;5;3;0;0;1;0;1;0;0;1;0;0;1
11;2;2400623.0;2018;10;17;4;3;5;3;0;1;0;0;1;0;0;0;0;0;1
11;7;7400928.0;2018;10;16;4;3;5;2;0;1;1;0;0;0;0;0;0;0;1
11;6;6100206.0;2018;10;14;2;3;2;6;0;0;1;0;0;0;0;1;0;0;1
11;1;1100416.0;2018;10;16;4;3;6;4;0;0;1;1;0;0;0;0;0;0;1
11;8;8301036.0;2018;10;13;1;2;5;2;0;1;1;0;0;0;0;0;0;0;1
11;5;5100316.0;2018;10;15;2;2;2;6;0;0;1;0;0;0;0;1;0;0;1
11;3;3601449.0;2018;10;18;4;3;5;3;1;1;1;0;0;0;0;0;0;0;1
11;4;4400834.0;2018;10;14;2;3;2;6;0;0;1;0;0;0;0;1;0;0;1
11;6;6300631.0;2018;10;11;1;2;1;7;0;0;1;0;1;0;0;0;0;0;1
11;7;7601544.0;2018;10;18;4;2;5;2;1;0;1;0;0;0;0;0;0;0;1
11;5;5100316.0;2018;10;11;1;2;5;2;0;1;1;0;0;0;0;0;0;0;1
11;7;7501031.0;2018;10;14;2;3;2;6;0;0;0;0;0;1;1;1;0;0;1
11;4;4300621.0;2018;10;11;1;3;1;5;0;1;1;0;0;0;0;0;0;0;1
11;4;4300621.0;2018;10;18;4;3;5;2;2;1;1;0;0;0;0;0;0;0;1
11;4;4500938.0;2018;10;11;1;2;5;2;0;0;1;0;1;0;0;0;0;0;1
11;9;9200818.0;2018;10;5;2;3;2;6;2;0;1;0;0;0;0;0;0;0;1
11;5;5300841.0;2018;10;19;4;3;1;5;2;0;1;0;0;1;0;0;0;0;1
11;3;3400620.0;2018;10;5;2;2;5;2;2;0;1;0;1;0;0;0;0;0;1
11;11;11100308.0;2018;10;9;1;3;5;3;0;1;1;0;0;0;0;0;0;0;1
11;11;11300722.0;2018;10;13;2;3;2;6;0;0;1;0;0;1;0;1;0;0;1
11;9;9501939.0;2018;10;16;4;3;0;6;0;0;0;0;1;0;0;0;0;0;1
11;9;9401534.0;2018;10;9;1;2;6;4;0;1;0;1;0;0;0;0;0;0;1
11;8;8200831.0;2018;10;14;2;2;2;6;0;0;1;0;0;0;1;1;0;0;1
11;11;11300724.0;2018;10;8;1;3;5;3;0;0;1;0;0;0;0;0;0;0;1
11;4;4501043.0;2018;10;15;4;3;6;4;0;0;1;1;0;0;0;0;0;0;1
11;5;5300736.0;2018;10;6;1;3;1;1;1;0;1;0;0;0;0;0;0;0;1
11;2;2400520.0;2018;10;17;2;2;6;4;1;0;1;1;0;0;0;0;0;0;1
11;9;9401329.0;2018;10;16;4;3;0;1;0;1;0;0;0;0;0;0;0;0;1
11;11;11100102.0;2018;10;23;1;3;4;6;2;0;0;0;0;0;1;0;0;0;1
11;1;1100206.0;2018;10;16;2;3;0;1;0;0;0;0;1;0;0;0;0;0;1
11;10;10200524.0;2018;10;20;1;3;0;6;2;0;1;0;1;0;0;0;0;0;1
11;4;4200309.0;2018;10;16;4;3;5;3;0;0;1;0;0;0;0;0;0;0;1
11;1;1100206.0;2018;10;5;1;3;5;3;2;0;1;0;0;0;0;0;0;0;1
11;7;7601544.0;2018;10;20;2;3;6;4;2;0;0;1;0;0;1;0;0;0;1
11;12;12500825.0;2018;10;15;4;3;0;1;0;1;0;0;0;0;0;1;0;0;1
11;12;12200310.0;2018;10;19;1;2;0;7;2;0;1;0;1;0;0;1;0;0;1
11;7;7400824.0;2018;10;19;2;2;5;2;2;1;0;0;0;0;1;0;0;0;1
11;9;9401329.0;2018;10;15;4;3;5;3;0;0;1;0;0;0;0;0;0;0;1
11;1;1100308.0;2018;10;19;2;3;6;2;2;0;1;1;0;0;0;0;0;0;1
11;3;3400619.0;2018;10;19;1;3;1;5;2;0;1;0;0;0;0;0;0;0;1
11;1;1300732.0;2018;10;19;2;3;5;7;2;0;1;0;0;0;0;0;0;0;1
11;4;4501040.0;2018;10;14;4;3;2;6;0;0;1;0;0;0;0;0;0;0;1
11;4;4501042.0;2018;10;18;1;3;0;7;1;1;0;0;0;0;1;1;0;0;1
11;1;1200517.0;2018;10;19;2;3;5;3;2;0;1;0;0;0;1;0;0;0;1
11;6;6200315.0;2018;10;18;1;2;6;4;1;0;1;1;0;0;0;0;0;0;1
11;9;9401534.0;2018;10;14;4;2;5;2;0;1;1;0;0;0;0;0;0;0;1
11;4;4400727.0;2018;10;15;1;3;2;2;0;0;1;0;0;0;0;0;0;0;1