LAND;BEZ;LOR_ab_2021;UJAHR;UMONAT;USTUNDE;UWOCHENTAG;UKATEGORIE;UART;UTYP1;ULICHTVERH;IstRad;IstPKW;IstFuss;IstKrad;IstGkfz;IstSonstige;USTRZUSTAND;LOCKDOWN;COVID;FERIEN
11;4;4400726.0;2018;11;15;2;3;5;2;0;0;1;0;0;0;1;1;0;0;0
11;2;2100102.0;2018;11;9;5;3;5;3;0;1;1;0;0;0;0;0;0;0;0
11;7;7100101.0;2018;11;8;5;3;2;6;0;0;1;0;0;0;0;0;0;0;0
11;12;12500930.0;2018;11;14;2;3;6;4;0;0;1;1;0;0;0;1;0;0;0
11;4;4501042.0;2018;11;8;5;3;1;5;0;1;1;0;0;0;0;0;0;0;0
11;7;7200308.0;2018;11;19;5;3;2;6;2;1;1;0;0;0;0;0;0;0;0
11;2;2500835.0;2018;11;8;5;3;5;2;0;1;1;0;0;0;0;0;0;0;0
11;1;1200517.0;2018;11;16;4;2;5;3;2;0;1;0;1;0;0;0;0;0;0
11;7;7300619.0;2018;11;8;5;3;0;2;0;1;0;0;0;0;1;0;0;0;0
11;8;8200730.0;2018;11;14;2;3;5;7;0;0;1;0;0;0;0;1;0;0;0
11;9;9301025.0;2018;11;7;5;3;5;3;0;1;1;0;0;0;0;1;0;0;0
11;3;3400725.0;2018;11;14;2;3;5;2;0;1;1;0;0;0;0;1;0;0;0
11;2;2200210.0;2018;11;6;5;3;2;3;1;1;1;0;0;0;0;0;0;0;0
11;1;1100310.0;2018;11;13;2;2;0;1;0;1;0;0;0;0;0;1;0;0;0
11;7;7601339.0;2018;11;12;5;3;2;7;0;0;1;0;1;0;0;0;0;0;0
11;12;12200307.0;2018;11;13;2;3;5;3;0;0;1;0;0;0;0;1;0;0;0
11;9;9200717.0;2018;11;5;5;3;8;1;2;0;1;0;0;0;0;1;0;0;0
11;6;6200317.0;2018;11;13;2;3;5;3;0;1;1;0;0;0;0;1;0;0;0
11;12;12400720.0;2018;11;17;5;3;6;7;2;1;0;1;0;0;0;0;0;0;0
11;2;2300316.0;2018;11;0;5;3;2;6;2;0;1;0;0;0;0;0;0;0;0
11;12;12500926.0;2018;11;13;2;3;5;2;0;1;1;0;0;0;0;1;0;0;0
11;1;1200520.0;2018;11;21;4;2;2;6;2;0;1;0;0;0;0;0;0;0;0
11;1;1200623.0;2018;11;12;2;3;1;5;0;0;1;0;0;0;1;0;0;0;0
11;4;4501040.0;2018;11;20;4;2;0;7;2;0;1;0;1;0;0;0;0;0;0
11;1;1100206.0;2018;11;19;4;3;6;4;2;0;1;1;0;0;0;0;0;0;0
11;10;10400940.0;2018;11;13;2;3;2;6;0;0;1;0;0;0;0;1;0;0;0
11;6;6100208.0;2018;11;8;5;3;5;3;0;1;1;0;0;0;0;0;0;0;0
11;2;2500835.0;2018;11;19;4;3;3;6;2;1;1;0;0;0;0;0;0;0;0
11;1;1100415.0;2018;11;12;2;3;0;6;0;0;1;0;0;0;1;1;0;0;0
11;1;1100308.0;2018;11;7;4;3;0;6;2;1;0;0;0;0;1;0;0;0;0
11;4;4501042.0;2018;11;19;4;3;1;5;2;1;1;0;0;0;0;1;0;0;0
11;6;6100101.0;2018;11;12;2;3;0;7;0;0;1;0;0;0;0;1;0;0;0
11;4;4300416.0;2018;11;17;4;3;3;6;2;0;1;0;1;0;0;0;0;0;0
11;6;6100210.0;2018;11;9;2;3;2;6;0;0;1;0;0;0;0;0;0;0;0
11;7;7501029.0;2018;11;17;4;2;1;5;2;0;1;0;1;0;0;0;0;0;0
11;11;11100206.0;2018;11;17;4;3;5;2;2;0;0;0;1;0;0;1;0;0;0
11;3;3400723.0;2018;11;9;2;2;2;6;0;0;1;0;1;0;1;1;0;0;0
11;8;8100521.0;2018;11;8;4;3;1;5;0;1;1;0;0;0;0;0;0;0;0
11;3;3701657.0;2018;11;17;4;3;5;3;2;1;1;0;0;0;0;0;0;0;0
11;7;7300619.0;2018;11;16;4;2;1;5;2;0;1;0;1;0;0;1;0;0;0
11;8;8100310.0;2018;11;9;2;3;0;5;0;0;1;0;0;0;0;1;0;0;0
11;9;9502043.0;2018;11;18;4;3;0;1;2;1;0;0;0;0;0;1;0;0;0
11;1;1100309.0;2018;11;16;4;3;5;3;1;1;0;0;0;0;1;0;0;0;0
11;5;5100103.0;2018;11;9;2;3;2;2;0;0;1;0;0;0;1;0;0;0;0
11;7;7601341.0;2018;11;15;4;2;5;3;0;1;1;0;0;0;0;0;0;0;0
11;3;3601449.0;2018;11;19;5;3;6;2;2;0;1;1;0;0;0;0;0;0;0
11;7;7100204.0;2018;11;14;4;3;5;3;0;1;1;0;0;0;0;0;0;0;0
11;6;6300633.0;2018;11;8;2;2;0;3;0;1;0;0;0;0;1;0;0;0;0
11;12;12500930.0;2018;11;18;4;2;2;2;1;0;1;0;0;0;0;0;0;0;0
11;10;10400939.0;2018;11;12;6;3;5;3;0;0;1;0;0;0;0;1;0;0;0
11;2;2200210.0;2018;11;18;4;3;2;6;0;0;1;0;0;0;0;0;0;0;0
11;11;11501341.0;2018;11;18;4;2;0;1;2;0;1;0;0;0;0;1;0;0;0
11;2;2500836.0;2018;11;15;4;3;5;7;1;1;1;0;0;0;0;1;0;0;0
11;1;1100206.0;2018;11;17;4;3;5;7;1;1;1;0;0;0;0;0;0;0;0
11;3;3701556.0;2018;11;9;2;3;5;2;0;1;0;0;0;0;1;1;0;0;0
11;1;1100206.0;2018;11;12;4;3;1;5;0;1;0;0;0;0;1;0;0;0;0
11;8;8401241.0;2018;11;7;4;3;2;2;0;0;1;0;0;0;0;1;0;0;0
11;5;5200629.0;2018;11;17;2;3;0;7;2;0;0;0;1;0;0;1;0;0;0
11;6;6400737.0;2018;11;7;4;3;5;2;0;0;1;0;0;0;0;1;0;0;0
11;4;4501150.0;2018;11;17;2;3;2;6;2;1;1;0;0;0;0;0;0;0;0
11;6;6200420.0;2018;11;18;5;3;1;5;2;1;1;0;0;0;0;0;0;0;0
11;1;1200623.0;2018;11;6;4;3;1;5;1;1;1;0;0;0;0;0;0;0;0
11;3;3601451.0;2018;11;9;4;3;6;4;0;0;0;1;1;0;0;0;0;0;0
11;10;10100209.0;2018;11;5;4;3;3;6;2;0;1;0;1;0;0;1;0;0;0
11;11;11501340.0;2018;11;17;4;3;5;2;2;1;1;0;0;0;0;0;0;0;0
11;3;3601346.0;2018;11;13;4;3;5;2;0;0;0;0;1;0;1;0;0;0;0
11;8;8401243.0;2018;11;7;2;3;5;3;1;1;1;0;0;0;0;0;0;0;0
11;4;4501045.0;2018;11;14;4;3;2;6;0;0;1;0;0;0;0;0;0;0;0
11;2;2200213.0;2018;11;11;4;3;5;3;0;1;1;0;0;0;0;0;0;0;0
11;10;10400941.0;2018;11;7;2;3;5;3;1;1;1;0;0;0;0;0;0;0;0
11;5;5300737.0;2018;11;10;4;3;3;6;0;0;1;0;0;0;0;1;0;0;0
11;8;8100104.0;2018;11;17;2;3;6;4;2;1;0;1;0;0;1;0;0;0;0
11;5;5100211.0;2018;11;15;5;3;5;2;0;0;1;0;0;0;0;0;0;0;0
11;1;1100313.0;2018;11;10;4;3;5;5;0;1;1;0;0;0;0;1;0;0;0
11;3;3300516.0;2018;11;6;2;3;0;3;2;0;0;0;1;0;1;0;0;0;0
11;7;7100205.0;2018;11;9;4;3;5;3;0;1;1;0;0;0;0;1;0;0;0
11;3;3501037.0;2018;11;5;2;3;5;3;2;0;1;0;0;0;0;1;0;0;0
11;1;1100207.0;2018;11;6;4;2;6;2;2;0;1;1;0;0;0;1;0;0;0
11;6;6400735.0;2018;11;8;4;3;2;6;0;0;1;0;0;0;0;1;0;0;0
11;7;7200308.0;2018;11;17;2;3;2;6;2;0;1;0;0;0;0;1;0;0;0
11;12;12200412.0;2018;11;4;2;2;5;7;2;0;1;0;1;0;0;1;0;0;0
11;1;1300731.0;2018;11;8;4;3;2;6;0;0;1;0;0;0;0;1;0;0;0
11;1;1300834.0;2018;11;3;2;3;0;3;2;0;1;0;1;0;0;1;0;0;0
11;8;8301036.0;2018;11;8;4;3;2;6;0;0;1;0;0;0;0;1;0;0;0
11;7;7601443.0;2018;11;3;2;3;1;7;2;0;1;0;0;0;0;1;0;0;0
11;10;10200418.0;2018;11;9;5;3;5;2;0;0;1;0;0;0;0;1;0;0;0
11;1;1400938.0;2018;11;8;4;3;0;7;0;1;1;0;0;0;0;1;0;0;0
11;10;10400835.0;2018;11;16;2;3;2;6;2;0;1;0;0;0;0;1;0;0;0
11;5;5200630.0;2018;11;12;4;2;2;6;0;0;1;0;0;0;0;0;0;0;0
11;5;5200631.0;2018;11;2;2;3;1;1;2;0;1;0;0;0;1;1;0;0;0
11;9;9501939.0;2018;11;9;4;2;5;3;0;1;0;0;1;0;0;1;0;0;0
11;11;11200514.0;2018;11;15;6;3;6;4;0;0;1;1;0;0;0;0;0;0;0
11;5;5300736.0;2018;11;8;4;2;5;2;0;1;1;0;0;0;0;1;0;0;0
11;1;7100102.0;2018;11;20;4;3;2;6;2;0;1;0;1;0;0;1;0;0;0
11;12;12601236.0;2018;11;8;4;3;2;6;0;0;1;0;0;0;0;1;0;0;0
11;6;6300634.0;2018;11;13;4;3;5;2;0;0;1;0;0;0;0;0;0;0;0
11;9;9502043.0;2018;11;16;2;3;2;2;2;0;1;0;0;0;0;1;0;0;0
11;10;10400938.0;2018;11;14;4;3;0;7;0;0;0;0;0;0;1;0;0;0;0
11;3;3200206.0;2018;11;7;5;3;4;6;0;1;1;0;0;0;0;0;0;0;0
11;4;4300619.0;2018;11;15;4;3;0;2;0;1;1;0;0;0;0;1;0;0;0
11;1;1401044.0;2018;11;19;4;3;6;7;2;1;0;1;0;0;0;0;0;0;0
11;1;3701556.0;2018;11;0;2;2;6;4;2;1;0;1;0;0;0;1;0;0;0
11;2;2200211.0;2018;11;21;4;3;1;5;2;1;1;0;0;0;0;0;0;0;0
11;7;7400928.0;2018;11;22;4;3;5;2;2;1;1;0;0;0;0;0;0;0;0
11;3;3500933.0;2018;11;16;2;3;6;4;2;0;1;1;0;0;0;1;0;0;0
11;9;9200715.0;2018;11;9;4;3;2;6;0;0;1;0;0;0;0;0;0;0;0
11;3;3500933.0;2018;11;9;6;3;6;4;0;1;0;1;0;0;0;0;0;0;0
11;6;6400844.0;2018;11;6;4;2;0;3;2;0;1;0;1;0;0;1;0;0;0
11;6;6400838.0;2018;11;17;4;3;5;3;2;0;1;0;0;0;1;0;0;0;0
11;12;12200412.0;2018;11;2;4;1;0;6;2;0;1;0;0;0;0;1;0;0;0
11;1;1100207.0;2018;11;16;3;3;6;4;0;0;0;1;0;0;1;0;0;0;0
11;4;4501149.0;2018;11;16;2;3;5;3;0;0;1;0;1;0;0;0;0;0;0
11;9;9501939.0;2018;11;6;3;3;0;2;2;1;1;0;0;0;0;0;0;0;0
11;2;2100103.0;2018;11;17;3;3;0;7;2;1;0;0;0;0;0;1;0;0;0
11;11;11200410.0;2018;11;15;2;2;6;4;1;0;1;1;0;0;0;1;0;0;0
11;7;7400823.0;2018;11;17;3;3;6;2;2;0;1;1;0;0;0;0;0;0;0
11;1;1300836.0;2018;11;15;2;3;5;2;1;0;1;0;0;0;0;1;0;0;0
11;1;1100309.0;2018;11;9;3;3;6;2;0;0;1;1;0;0;0;1;0;0;0
11;5;5100211.0;2018;11;15;2;3;5;2;0;1;1;0;0;0;0;1;0;0;0
11;11;10100205.0;2018;11;7;3;3;5;2;0;0;1;0;0;0;1;1;0;0;0
11;1;1100206.0;2018;11;20;5;3;2;6;2;1;1;0;0;0;0;0;0;0;0
11;3;3701554.0;2018;11;21;3;3;5;3;2;1;1;0;0;0;0;1;0;0;0
11;5;5300737.0;2018;11;16;4;3;2;6;2;0;1;0;1;0;0;0;0;0;0
11;1;1200517.0;2018;11;21;3;3;5;3;2;0;1;0;0;0;0;1;0;0;0
11;4;4200311.0;2018;11;14;2;3;1;5;0;0;1;0;0;0;0;0;0;0;0
11;6;6200316.0;2018;11;20;3;3;1;3;2;0;1;0;1;0;0;1;0;0;0
11;5;5100316.0;2018;11;15;2;3;6;2;0;0;1;1;0;0;0;1;0;0;0
11;11;11400927.0;2018;11;14;2;3;0;1;0;0;0;0;1;0;0;1;0;0;0
11;11;11400929.0;2018;11;13;5;3;0;3;0;0;1;0;1;0;0;0;0;0;0
11;7;7601544.0;2018;11;8;3;3;6;4;2;0;1;1;0;0;0;1;0;0;0
11;9;9501939.0;2018;11;13;4;2;5;2;0;0;0;0;1;0;1;0;0;0;0
11;1;1100308.0;2018;12;21;2;3;1;5;2;1;1;0;0;0;1;0;0;0;1
11;11;11100309.0;2018;11;12;4;3;5;3;0;1;1;0;0;0;0;0;0;0;0
11;6;6100207.0;2018;12;17;2;3;2;6;2;0;1;0;0;0;0;1;0;0;1
11;8;8200726.0;2018;11;12;4;2;6;2;0;0;1;1;0;0;0;0;0;0;0
11;8;8200726.0;2018;12;16;2;3;5;3;2;0;1;0;0;0;0;0;0;0;1
11;3;3701556.0;2018;11;14;4;3;3;6;0;1;1;0;0;0;0;0;0;0;0
11;12;12100101.0;2018;11;11;4;3;2;6;0;0;1;0;0;1;0;0;0;0;0
11;5;5200632.0;2018;12;18;2;3;3;6;2;0;1;0;0;0;0;1;0;0;1
11;12;12200414.0;2018;11;11;4;3;2;6;0;0;1;0;0;0;0;0;0;0;0
11;3;3200308.0;2018;11;11;4;3;5;3;0;0;1;0;0;0;0;0;0;0;0
11;10;10300731.0;2018;12;19;2;2;5;3;2;0;1;0;0;0;1;1;0;0;1
11;7;7300619.0;2018;11;18;4;2;2;7;2;0;1;0;0;0;1;0;0;0;0
11;1;1400937.0;2018;12;18;2;3;2;6;2;0;1;0;0;0;0;0;0;0;1
11;11;11300725.0;2018;11;18;4;3;3;6;2;1;1;0;0;0;0;0;0;0;0
11;9;9100203.0;2018;12;17;2;3;5;2;2;1;1;0;0;0;0;1;0;0;1
11;11;11400929.0;2018;11;18;4;3;5;7;2;0;1;0;0;0;0;0;0;0;0
11;4;4300619.0;2018;12;9;2;3;5;3;0;1;1;0;0;0;0;1;0;0;1
11;3;3601141.0;2018;11;1;4;3;6;2;2;0;1;1;0;0;0;0;0;0;0
11;5;5300838.0;2018;12;8;2;2;0;6;0;0;0;0;1;0;1;1;0;0;1
11;7;7400823.0;2018;12;8;2;3;5;3;1;1;1;0;0;0;0;1;0;0;1
11;4;4501045.0;2018;11;17;4;3;5;3;2;1;1;0;0;0;0;0;0;0;0
11;7;7200410.0;2018;11;18;4;3;6;7;2;0;1;1;0;0;0;0;0;0;0
11;5;5200630.0;2018;12;8;2;3;6;4;0;0;1;1;0;0;0;1;0;0;1
11;4;4200311.0;2018;12;8;2;3;0;6;0;0;1;0;1;0;0;1;0;0;1
11;10;10400939.0;2018;11;17;4;3;5;2;2;0;1;0;1;0;0;0;0;0;0
11;6;6200313.0;2018;12;7;2;3;5;3;1;1;1;0;0;0;0;1;0;0;1
11;9;9200715.0;2018;12;7;2;3;5;3;1;1;1;0;0;0;0;1;0;0;1
11;5;5400943.0;2018;11;17;4;3;6;4;2;0;1;1;0;0;0;0;0;0;0
11;8;8200831.0;2018;12;7;2;2;5;3;1;1;1;0;0;0;0;1;0;0;1
11;4;4300619.0;2018;11;17;4;3;6;4;2;0;0;1;0;0;1;0;0;0;0
11;8;8200832.0;2018;12;7;2;3;6;4;1;0;1;1;0;0;0;1;0;0;1
11;9;9502043.0;2018;11;10;4;3;5;3;0;0;1;0;0;0;0;0;0;0;0
11;1;1401048.0;2018;12;11;2;2;5;3;0;1;1;0;0;0;0;1;0;0;1
11;5;5300841.0;2018;12;7;2;3;6;2;2;0;1;1;0;0;0;1;0;0;1
11;4;4300624.0;2018;11;10;4;3;2;2;0;1;1;0;0;0;0;0;0;0;0
11;7;7400826.0;2018;12;6;2;3;5;3;2;0;1;0;0;0;1;1;0;0;1
11;11;11100204.0;2018;12;6;2;3;6;2;2;0;0;1;0;0;1;1;0;0;1
11;12;12400616.0;2018;11;10;4;2;2;2;0;1;1;0;0;0;0;0;0;0;0
11;1;1100415.0;2018;12;5;2;2;0;1;2;1;0;0;0;0;0;1;0;0;1
11;3;3400619.0;2018;12;21;1;3;6;2;2;0;1;1;0;0;0;1;0;0;1
11;3;3400620.0;2018;11;10;4;3;1;5;0;0;1;0;0;0;0;0;0;0;0
11;5;5200630.0;2018;12;20;1;2;6;4;2;0;0;1;0;0;1;1;0;0;1
11;9;9200716.0;2018;11;9;4;3;5;3;0;1;1;0;0;0;0;0;0;0;0
11;3;3501038.0;2018;12;19;1;3;5;2;2;1;1;0;0;0;0;1;0;0;1
11;7;7100101.0;2018;11;9;4;3;2;6;0;0;1;0;0;1;0;0;0;0;0
11;10;10200421.0;2018;12;19;1;3;6;4;2;0;1;1;0;0;0;1;0;0;1
11;1;1401047.0;2018;11;9;4;3;6;4;0;0;1;1;0;0;0;0;0;0;0
11;1;1100103.0;2018;12;19;1;3;6;2;2;0;1;1;0;0;0;1;0;0;1
11;1;1100205.0;2018;11;6;4;3;6;2;1;0;1;1;0;0;0;0;0;0;0
11;5;5100316.0;2018;12;19;1;3;1;5;2;0;1;0;0;0;1;1;0;0;1
11;4;4400835.0;2018;11;8;4;3;6;2;1;0;0;1;0;0;1;0;0;0;0
11;12;12200309.0;2018;12;18;1;3;2;6;2;0;1;0;0;0;0;1;0;0;1
11;6;6100209.0;2018;12;14;1;3;0;7;0;0;1;0;1;0;0;0;0;0;1
11;1;1100308.0;2018;11;18;4;3;2;2;2;1;1;0;0;0;0;0;0;0;0
11;8;8401246.0;2018;11;8;4;3;5;3;0;1;1;0;0;0;0;0;0;0;0
11;11;11401032.0;2018;12;18;1;3;2;6;2;0;1;0;0;0;0;1;0;0;1
11;8;8401241.0;2018;11;8;4;3;2;2;0;0;1;0;0;0;0;0;0;0;0
11;2;2300315.0;2018;11;7;4;3;5;3;0;0;1;0;0;0;0;0;0;0;0
11;1;1200522.0;2018;12;18;1;3;6;2;2;0;1;1;0;0;0;1;0;0;1
11;7;7400721.0;2018;11;6;4;3;3;6;2;0;1;0;0;1;0;0;0;0;0
11;2;2500833.0;2018;12;13;1;3;5;2;0;1;1;0;0;0;0;0;0;0;1
11;3;3400830.0;2018;11;6;4;3;5;2;2;1;1;0;0;0;0;0;0;0;0
11;4;4300622.0;2018;12;12;1;3;5;3;0;0;1;0;0;0;0;0;0;0;1
11;2;2200212.0;2018;11;14;4;3;5;2;0;1;1;0;0;0;0;0;0;0;0
11;11;11501238.0;2018;12;17;1;3;6;2;2;0;1;1;0;0;0;1;0;0;1
11;3;3500932.0;2018;11;6;4;3;6;4;1;0;1;1;0;0;0;0;0;0;0
11;12;12400619.0;2018;11;16;4;3;7;7;2;0;1;0;0;0;0;0;0;0;0
11;11;11300618.0;2018;12;17;1;2;6;4;1;0;0;1;0;0;1;1;0;0;1
11;3;3601453.0;2018;11;10;4;3;6;2;0;0;1;1;0;0;0;0;0;0;0
11;7;7501029.0;2018;12;16;1;2;6;2;1;0;1;1;0;0;0;1;0;0;1
11;3;3501038.0;2018;11;16;4;3;5;3;2;0;1;0;0;0;0;0;0;0;0
11;3;3701554.0;2018;11;15;4;2;6;4;0;1;0;1;0;0;0;0;0;0;0
11;1;1300834.0;2018;12;16;1;2;6;2;1;0;1;1;0;0;0;1;0;0;1
11;2;2500835.0;2018;11;15;4;3;5;3;0;1;1;0;0;0;0;0;0;0;0
11;5;5300736.0;2018;12;15;1;3;5;3;1;0;1;0;0;0;0;1;0;0;1
11;4;4500936.0;2018;11;14;4;3;3;6;0;1;1;0;0;0;0;0;0;0;0
11;1;1100415.0;2018;12;15;1;3;1;5;1;1;1;0;0;0;1;1;0;0;1
11;1;1300733.0;2018;11;7;4;3;0;7;0;1;1;0;0;0;0;0;0;0;0
11;3;3500932.0;2018;12;14;1;3;2;3;0;0;1;0;1;0;0;1;0;0;1
11;1;1400942.0;2018;11;14;3;3;0;4;0;1;0;1;0;0;0;0;0;0;0
11;5;5200630.0;2018;11;17;3;3;5;3;2;0;1;0;0;0;0;0;0;0;0
11;2;2400521.0;2018;12;14;1;3;5;3;0;0;1;0;0;0;0;1;0;0;1
11;2;2100101.0;2018;12;13;1;2;1;5;1;1;1;0;0;0;0;1;0;0;1
11;7;7100102.0;2018;11;16;3;3;2;6;1;0;1;0;0;0;0;0;0;0;0
11;8;8100102.0;2018;12;8;1;2;1;1;0;0;1;0;0;1;0;0;0;0;1
11;7;7400721.0;2018;12;6;1;2;8;1;2;0;1;0;0;0;0;1;0;0;1
11;2;2200210.0;2018;11;15;3;3;0;1;0;1;0;0;0;0;0;0;0;0;0
11;10;10100311.0;2018;12;5;1;2;9;1;2;0;1;0;0;0;0;1;0;0;1
11;8;8401242.0;2018;12;17;1;1;6;4;2;0;1;1;0;0;0;1;0;0;1
11;8;8100417.0;2018;11;15;3;3;2;6;0;0;1;0;0;0;0;0;0;0;0
11;10;10100103.0;2018;12;17;7;3;5;3;2;0;1;0;0;0;1;1;0;0;1
11;7;7400927.0;2018;11;12;3;3;2;6;0;0;1;0;0;0;0;0;0;0;0
11;7;7300516.0;2018;12;17;7;3;5;2;1;0;1;0;1;0;0;1;0;0;1
11;2;2200209.0;2018;11;9;3;3;2;6;0;0;1;0;1;0;0;0;0;0;0
11;8;8100207.0;2018;12;16;7;3;5;5;0;0;1;0;1;0;0;0;0;0;1
11;6;6100209.0;2018;11;9;3;3;3;2;0;1;1;0;0;0;0;0;0;0;0
11;7;7601236.0;2018;12;17;7;3;2;6;2;0;1;0;0;0;0;1;0;0;1
11;3;3300515.0;2018;12;17;7;3;2;6;2;0;1;0;0;0;0;1;0;0;1
11;1;1300834.0;2018;11;17;3;3;5;3;2;1;1;0;0;0;0;0;0;0;0
11;4;4400835.0;2018;12;17;7;3;0;6;2;0;0;1;1;0;0;1;0;0;1
11;8;8300935.0;2018;12;17;7;3;3;6;2;0;1;0;0;0;0;1;0;0;1
11;1;1100101.0;2018;11;9;3;3;5;3;0;1;1;0;0;0;0;0;0;0;0
11;3;3601450.0;2018;12;16;7;3;5;2;2;0;1;0;0;0;0;1;0;0;1
11;8;8300934.0;2018;11;9;3;2;5;2;0;0;1;0;0;0;0;0;0;0;0
11;11;11200514.0;2018;11;8;3;3;2;2;0;1;1;0;0;0;0;0;0;0;0
11;12;12200515.0;2018;12;15;7;3;5;3;0;0;1;0;1;0;0;1;0;0;1
11;2;2400623.0;2018;11;8;3;2;5;3;0;1;0;0;0;0;0;0;0;0;0
11;6;6300525.0;2018;12;15;7;2;5;3;1;0;1;0;1;0;0;1;0;0;1
11;7;7300517.0;2018;11;8;3;3;2;6;0;0;1;0;0;0;0;0;0;0;0
11;4;4200310.0;2018;12;14;7;3;2;6;0;0;1;0;0;0;0;1;0;0;1
11;8;8200831.0;2018;11;7;3;3;5;3;0;1;1;0;0;0;0;0;0;0;0
11;6;6300528.0;2018;12;14;7;3;5;3;0;0;1;0;0;0;0;1;0;0;1
11;12;12200515.0;2018;12;13;7;3;5;2;0;0;1;0;0;0;0;1;0;0;1
11;11;11100101.0;2018;11;7;4;3;5;3;1;1;1;0;0;0;0;0;0;0;0
11;10;10200417.0;2018;11;7;3;3;6;2;0;0;1;1;0;0;0;1;0;0;0
11;9;9401635.0;2018;12;12;7;3;5;3;0;0;1;0;0;0;0;1;0;0;1
11;4;4300517.0;2018;11;7;3;2;5;3;1;1;1;0;0;0;0;0;0;0;0
11;3;3501038.0;2018;11;6;3;3;5;3;2;1;1;0;0;0;0;1;0;0;0
11;6;6100102.0;2018;12;11;7;2;6;3;0;0;1;1;0;0;0;0;0;0;1
11;10;10400938.0;2018;11;6;3;3;1;5;2;1;1;0;0;0;0;0;0;0;0
11;10;10200417.0;2018;12;19;7;3;2;6;2;0;1;0;0;0;1;1;0;0;1
11;6;6200311.0;2018;11;21;3;3;5;3;2;0;1;0;0;0;0;0;0;0;0
11;2;2300314.0;2018;12;2;7;3;3;6;2;1;1;0;0;0;0;0;0;0;1
11;6;6200421.0;2018;12;18;7;3;6;2;2;0;1;1;0;0;0;0;0;0;1
11;2;2300315.0;2018;11;20;3;3;2;6;2;1;0;0;0;0;0;0;0;0;0
11;2;2400625.0;2018;12;5;7;3;0;1;2;0;0;0;0;0;1;1;0;0;1
11;9;9200512.0;2018;11;13;4;3;6;7;0;0;1;1;0;0;0;0;0;0;0
11;8;8100418.0;2018;11;19;3;3;6;2;2;0;1;1;0;0;0;0;0;0;0
11;4;4300415.0;2018;12;15;7;3;0;2;0;1;1;0;0;0;0;1;0;0;1
11;1;1200628.0;2018;11;18;3;3;5;3;1;0;1;0;0;0;0;0;0;0;0
11;12;12200412.0;2018;11;1;3;2;1;5;2;0;1;0;1;0;0;0;0;0;0
11;2;2200209.0;2018;11;21;6;3;0;7;2;0;1;0;0;0;0;1;0;0;0
11;6;6400843.0;2018;11;8;2;2;1;5;0;1;1;0;0;0;1;0;0;0;0
11;2;2200210.0;2018;11;22;6;3;5;2;2;1;1;0;0;0;0;1;0;0;0
11;12;12100102.0;2018;11;22;2;3;1;5;2;1;1;0;0;0;0;0;0;0;0
11;5;5200629.0;2018;11;20;6;3;6;2;2;0;1;1;0;0;0;1;0;0;0
11;7;7300517.0;2018;11;19;2;3;6;4;2;1;0;1;0;0;0;0;0;0;0
11;12;12601235.0;2018;11;19;6;3;6;2;2;0;1;1;0;0;0;1;0;0;0
11;4;4300621.0;2018;11;19;2;3;6;4;2;0;1;1;0;0;0;0;0;0;0
11;4;4501045.0;2018;11;14;4;3;5;3;0;1;1;0;0;0;0;0;0;0;0
11;1;1100205.0;2018;11;19;6;3;0;2;2;0;1;0;1;0;0;1;0;0;0
11;7;7501031.0;2018;11;19;2;3;5;7;2;0;1;0;0;0;0;0;0;0;0
11;6;6200317.0;2018;11;18;2;2;5;7;2;0;1;0;0;0;0;0;0;0;0
11;1;1200623.0;2018;11;19;6;3;6;2;2;0;1;1;0;0;0;1;0;0;0
11;9;9301126.0;2018;11;19;6;3;0;2;2;1;0;0;0;1;0;1;0;0;0
11;1;1100309.0;2018;11;18;2;3;1;5;2;0;1;0;1;0;0;0;0;0;0
11;12;12200515.0;2018;11;19;6;3;2;7;2;0;1;0;0;0;0;1;0;0;0
11;6;6400841.0;2018;11;18;6;3;5;3;2;1;1;0;0;0;0;1;0;0;0
11;6;6300524.0;2018;11;18;2;3;5;2;2;0;1;0;0;0;1;0;0;0;0
11;8;8100311.0;2018;11;18;6;3;6;7;2;0;1;1;0;0;0;1;0;0;0
11;12;12500824.0;2018;11;18;2;3;3;2;2;0;1;0;0;0;1;1;0;0;0
11;1;1200520.0;2018;11;18;6;2;6;2;2;0;1;1;0;0;0;1;0;0;0
11;5;5200632.0;2018;11;17;2;3;2;7;2;0;1;0;0;0;0;0;0;0;0
11;9;9502043.0;2018;11;14;6;3;2;6;0;0;1;0;0;0;1;1;0;0;0
11;10;10400939.0;2018;11;14;6;3;5;3;0;1;1;0;0;0;0;1;0;0;0
11;3;3400829.0;2018;11;17;2;2;6;6;2;0;1;1;0;0;0;0;0;0;0
11;11;11100307.0;2018;11;14;6;3;0;2;0;1;1;0;0;0;0;1;0;0;0
11;6;6400841.0;2018;11;14;6;3;5;3;1;1;1;0;0;0;0;1;0;0;0
11;1;1200627.0;2018;11;13;6;2;1;5;0;0;1;0;0;1;0;1;0;0;0